-- MariaDB dump 10.19  Distrib 10.11.4-MariaDB, for debian-linux-gnu (x86_64)
--
-- Host: localhost    Database: cutepet_sql
-- ------------------------------------------------------
-- Server version	10.11.4-MariaDB-1

/*!40101 SET @OLD_CHARACTER_SET_CLIENT=@@CHARACTER_SET_CLIENT */;
/*!40101 SET @OLD_CHARACTER_SET_RESULTS=@@CHARACTER_SET_RESULTS */;
/*!40101 SET @OLD_COLLATION_CONNECTION=@@COLLATION_CONNECTION */;
/*!40101 SET NAMES utf8mb4 */;
/*!40103 SET @OLD_TIME_ZONE=@@TIME_ZONE */;
/*!40103 SET TIME_ZONE='+00:00' */;
/*!40014 SET @OLD_UNIQUE_CHECKS=@@UNIQUE_CHECKS, UNIQUE_CHECKS=0 */;
/*!40014 SET @OLD_FOREIGN_KEY_CHECKS=@@FOREIGN_KEY_CHECKS, FOREIGN_KEY_CHECKS=0 */;
/*!40101 SET @OLD_SQL_MODE=@@SQL_MODE, SQL_MODE='NO_AUTO_VALUE_ON_ZERO' */;
/*!40111 SET @OLD_SQL_NOTES=@@SQL_NOTES, SQL_NOTES=0 */;

drop DATABASE IF EXISTS cutepet_sql;
create DATABASE cutepet_sql;
commit;
use cutepet_sql;
--
-- Table structure for table `Anh`
--

DROP TABLE IF EXISTS `Anh`;
/*!40101 SET @saved_cs_client     = @@character_set_client */;
/*!40101 SET character_set_client = utf8 */;
CREATE TABLE `Anh` (
  `ma_anh` int(11) NOT NULL AUTO_INCREMENT,
  `url` varchar(255) NOT NULL,
  `ngay_cap_nhat` timestamp NOT NULL DEFAULT current_timestamp(),
  PRIMARY KEY (`ma_anh`)
) ENGINE=InnoDB AUTO_INCREMENT=97 DEFAULT CHARSET=utf8mb4 COLLATE=utf8mb4_general_ci;
/*!40101 SET character_set_client = @saved_cs_client */;

--
-- Dumping data for table `Anh`
--

LOCK TABLES `Anh` WRITE;
/*!40000 ALTER TABLE `Anh` DISABLE KEYS */;
INSERT INTO `Anh` VALUES
(38,'https://i2.wp.com/vdostavka.ru/wp-content/uploads/2019/05/no-avatar.png?w=512&ssl=1','2023-09-01 09:52:24'),
(39,'https://i2.wp.com/vdostavka.ru/wp-content/uploads/2019/05/no-avatar.png?w=512&ssl=1','2023-09-01 09:52:48'),
(47,'https://i2.wp.com/vdostavka.ru/wp-content/uploads/2019/05/no-avatar.png?w=512&ssl=1','2023-09-02 04:42:47'),
(48,'https://i2.wp.com/vdostavka.ru/wp-content/uploads/2019/05/no-avatar.png?w=512&ssl=1','2023-09-02 04:43:03'),
(49,'https://i2.wp.com/vdostavka.ru/wp-content/uploads/2019/05/no-avatar.png?w=512&ssl=1','2023-09-02 04:43:12'),
(88,'https://www.reddit.com/media?url=https%3A%2F%2Fi.redd.it%2Fpgovn791fwbb1.jpg','2023-11-17 04:12:29'),
(89,'https://storage.googleapis.com/pod_public/1300/159184.jpg','2023-11-17 04:18:08'),
(90,'https://firebasestorage.googleapis.com/v0/b/bkpetcare-e130a.appspot.com/o/images%2Fdog.jpeg?alt=media&token=3ba253c4-4898-4576-9722-0b6411aa7d6c','2023-11-21 14:10:30'),
(91,'https://firebasestorage.googleapis.com/v0/b/bkpetcare-e130a.appspot.com/o/images%2Fcho13122.jpg?alt=media&token=2256ed62-fbc1-4cce-b089-444807d0a2ae','2023-11-23 23:58:13'),
(92,'https://firebasestorage.googleapis.com/v0/b/bkpetcare-e130a.appspot.com/o/images%2Fchomeo.jpg?alt=media&token=d8222591-f0d3-4dde-9da9-67d1650d50aa','2023-11-23 23:59:17'),
(93,'https://firebasestorage.googleapis.com/v0/b/bkpetcare-e130a.appspot.com/o/images%2Fhushkyh.jpg?alt=media&token=a73320c7-060b-491f-b0b6-20c6f7f19691','2023-11-24 00:08:45'),
(94,'https://firebasestorage.googleapis.com/v0/b/bkpetcare-e130a.appspot.com/o/images%2Fcat_100.jpg?alt=media&token=39a32ee2-0f9f-473c-bf30-46f36e2a896f','2023-11-24 00:13:56');
/*!40000 ALTER TABLE `Anh` ENABLE KEYS */;
UNLOCK TABLES;

--
-- Table structure for table `AnhDaiDien_NguoiDung`
--

DROP TABLE IF EXISTS `AnhDaiDien_NguoiDung`;
/*!40101 SET @saved_cs_client     = @@character_set_client */;
/*!40101 SET character_set_client = utf8 */;
CREATE TABLE `AnhDaiDien_NguoiDung` (
  `ma_anh` int(11) NOT NULL,
  `ma_nguoi_dung` int(11) NOT NULL,
  `is_active` tinyint(1) DEFAULT 0,
  PRIMARY KEY (`ma_anh`,`ma_nguoi_dung`),
  KEY `fk_AnhNguoiDung_NguoiDung` (`ma_nguoi_dung`),
  CONSTRAINT `fk_AnhNguoiDung_Anh` FOREIGN KEY (`ma_anh`) REFERENCES `Anh` (`ma_anh`),
  CONSTRAINT `fk_AnhNguoiDung_NguoiDung` FOREIGN KEY (`ma_nguoi_dung`) REFERENCES `NguoiDung` (`ma_nguoi_dung`)
) ENGINE=InnoDB DEFAULT CHARSET=utf8mb4 COLLATE=utf8mb4_general_ci;
/*!40101 SET character_set_client = @saved_cs_client */;

--
-- Dumping data for table `AnhDaiDien_NguoiDung`
--

LOCK TABLES `AnhDaiDien_NguoiDung` WRITE;
/*!40000 ALTER TABLE `AnhDaiDien_NguoiDung` DISABLE KEYS */;
INSERT INTO `AnhDaiDien_NguoiDung` VALUES
(38,2,0),
(39,2,1),
(88,1,0),
(89,1,1);
/*!40000 ALTER TABLE `AnhDaiDien_NguoiDung` ENABLE KEYS */;
UNLOCK TABLES;

--
-- Table structure for table `AnhDaiDien_ThuCung`
--

DROP TABLE IF EXISTS `AnhDaiDien_ThuCung`;
/*!40101 SET @saved_cs_client     = @@character_set_client */;
/*!40101 SET character_set_client = utf8 */;
CREATE TABLE `AnhDaiDien_ThuCung` (
  `ma_anh` int(11) NOT NULL,
  `ma_thu_cung` int(11) NOT NULL,
  `is_active` tinyint(1) DEFAULT 0,
  PRIMARY KEY (`ma_anh`,`ma_thu_cung`),
  KEY `fk_AnhThuCung_ThuCung` (`ma_thu_cung`),
  CONSTRAINT `fk_AnhThuCung_Anh` FOREIGN KEY (`ma_anh`) REFERENCES `Anh` (`ma_anh`),
  CONSTRAINT `fk_AnhThuCung_ThuCung` FOREIGN KEY (`ma_thu_cung`) REFERENCES `ThuCung` (`ma_thu_cung`)
) ENGINE=InnoDB DEFAULT CHARSET=utf8mb4 COLLATE=utf8mb4_general_ci;
/*!40101 SET character_set_client = @saved_cs_client */;

--
-- Dumping data for table `AnhDaiDien_ThuCung`
--

LOCK TABLES `AnhDaiDien_ThuCung` WRITE;
/*!40000 ALTER TABLE `AnhDaiDien_ThuCung` DISABLE KEYS */;
INSERT INTO `AnhDaiDien_ThuCung` VALUES
(47,1,0),
(48,1,0),
(49,1,1),
(90,42,1),
(91,43,1),
(92,44,1),
(93,45,1),
(94,46,1);
/*!40000 ALTER TABLE `AnhDaiDien_ThuCung` ENABLE KEYS */;
UNLOCK TABLES;

--
-- Table structure for table `Giong`
--

DROP TABLE IF EXISTS `Giong`;
/*!40101 SET @saved_cs_client     = @@character_set_client */;
/*!40101 SET character_set_client = utf8 */;
CREATE TABLE `Giong` (
  `ma_giong` int(11) NOT NULL AUTO_INCREMENT,
  `ten_giong` varchar(100) NOT NULL DEFAULT '',
  `ma_loai` int(11) NOT NULL,
  PRIMARY KEY (`ma_giong`),
  KEY `fk_Giong2Loai` (`ma_loai`),
  CONSTRAINT `fk_Giong2Loai` FOREIGN KEY (`ma_loai`) REFERENCES `Loai` (`ma_loai`)
) ENGINE=InnoDB AUTO_INCREMENT=417 DEFAULT CHARSET=utf8mb4 COLLATE=utf8mb4_general_ci;
/*!40101 SET character_set_client = @saved_cs_client */;

--
-- Dumping data for table `Giong`
--

LOCK TABLES `Giong` WRITE;
/*!40000 ALTER TABLE `Giong` DISABLE KEYS */;
INSERT INTO `Giong` VALUES
(100,'giống chó khác',1),
(101,'Labrador Retriever',1),
(102,'German Shepherd',1),
(103,'Golden Retriever',1),
(104,'French Bulldog',1),
(105,'Bulldog',1),
(106,'Poodle',1),
(107,'Beagle',1),
(108,'Rottweiler',1),
(109,'Yorkshire Terrier',1),
(110,'Dachshund',1),
(111,'Shih Tzu',1),
(112,'Pomeranian',1),
(113,'Chihuahua',1),
(114,'Japanese Spitz',1),
(115,'Maltese',1),
(116,'Siberian Husky',1),
(117,'Shiba Inu',1),
(118,'Chow Chow',1),
(119,'Akita',1),
(120,'Miniature Schnauzer',1),
(200,'giống mèo khác',2),
(201,'Persian',2),
(202,'Maine Coon',2),
(203,'Siamese',2),
(204,'Ragdoll',2),
(205,'British Shorthair',2),
(206,'Sphynx',2),
(207,'Bengal',2),
(208,'Scottish Fold',2),
(209,'Abyssinian',2),
(210,'Birman',2),
(211,'Exotic Shorthair',2),
(212,'Siberian',2),
(213,'Turkish Van',2),
(214,'Balinese',2),
(300,'giống cá khác',3),
(301,'Betta Fish',3),
(302,'Goldfish ',3),
(303,'Neon Tetra',3),
(304,'Guppy',3),
(305,'Angelfish',3),
(306,'Discus Fish',3),
(307,'Molly Fish',3),
(308,'Swordtail Fish',3),
(309,'Platies',3),
(310,'Koi Carp',3),
(311,'Betta Fish ',3),
(312,'Goldfish',3),
(313,'Guppy ',3),
(314,'Siamese Algae Eater',3),
(315,'Cherry Barb',3),
(316,'Pearl Gourami',3),
(317,'Asian Arowana',3),
(318,'Moonlight Gourami',3),
(319,'Paradise Fish',3),
(400,'giống chim khác',4),
(401,'Budgerigar',4),
(402,'Cockatiel',4),
(403,'African Grey Parrot',4),
(404,'Lovebird',4),
(405,'Canary',4),
(406,'Eclectus Parrot',4),
(407,'Sun Conure',4),
(408,'Quaker Parrot ',4),
(409,'Cockatoo ',4),
(410,'Macaw ',4),
(411,'Indian Ringneck Parakeet',4),
(412,'Plum-headed Parakeet',4),
(413,'Java Sparrow',4),
(414,'Zebra Finch',4),
(415,'Peach-faced Lovebird',4),
(416,'Fischer\'s Lovebird',4);
/*!40000 ALTER TABLE `Giong` ENABLE KEYS */;
UNLOCK TABLES;

--
-- Table structure for table `Hagtag`
--

DROP TABLE IF EXISTS `Hagtag`;
/*!40101 SET @saved_cs_client     = @@character_set_client */;
/*!40101 SET character_set_client = utf8 */;
CREATE TABLE `Hagtag` (
  `ma_hagtag` varchar(100) NOT NULL,
  `so_luong_bai_viet` int(11) NOT NULL DEFAULT 0,
  PRIMARY KEY (`ma_hagtag`)
) ENGINE=InnoDB DEFAULT CHARSET=utf8mb4 COLLATE=utf8mb4_general_ci;
/*!40101 SET character_set_client = @saved_cs_client */;

--
-- Dumping data for table `Hagtag`
--

LOCK TABLES `Hagtag` WRITE;
/*!40000 ALTER TABLE `Hagtag` DISABLE KEYS */;
/*!40000 ALTER TABLE `Hagtag` ENABLE KEYS */;
UNLOCK TABLES;

--
-- Table structure for table `LaBanBe`
--

DROP TABLE IF EXISTS `LaBanBe`;
/*!40101 SET @saved_cs_client     = @@character_set_client */;
/*!40101 SET character_set_client = utf8 */;
CREATE TABLE `LaBanBe` (
  `ma_nguoi_dung_1` int(11) NOT NULL,
  `ma_nguoi_dung_2` int(11) NOT NULL,
  `ngay_bat_dau` timestamp NOT NULL DEFAULT current_timestamp(),
  PRIMARY KEY (`ma_nguoi_dung_1`,`ma_nguoi_dung_2`),
  KEY `fk_BanBe2` (`ma_nguoi_dung_2`),
  CONSTRAINT `fk_BanBe1` FOREIGN KEY (`ma_nguoi_dung_1`) REFERENCES `NguoiDung` (`ma_nguoi_dung`),
  CONSTRAINT `fk_BanBe2` FOREIGN KEY (`ma_nguoi_dung_2`) REFERENCES `NguoiDung` (`ma_nguoi_dung`)
) ENGINE=InnoDB DEFAULT CHARSET=utf8mb4 COLLATE=utf8mb4_general_ci;
/*!40101 SET character_set_client = @saved_cs_client */;

--
-- Dumping data for table `LaBanBe`
--

LOCK TABLES `LaBanBe` WRITE;
/*!40000 ALTER TABLE `LaBanBe` DISABLE KEYS */;
INSERT INTO `LaBanBe` VALUES
(2,8,'2023-11-29 08:12:55'),
(2,10,'2023-11-29 02:57:23'),
(8,2,'2023-11-29 08:12:55'),
(10,2,'2023-11-29 02:57:23');
/*!40000 ALTER TABLE `LaBanBe` ENABLE KEYS */;
UNLOCK TABLES;

--
-- Table structure for table `Lich`
--

DROP TABLE IF EXISTS `Lich`;
/*!40101 SET @saved_cs_client     = @@character_set_client */;
/*!40101 SET character_set_client = utf8 */;
CREATE TABLE `Lich` (
  `ma_lich` int(11) NOT NULL AUTO_INCREMENT,
  `ten_lich` varchar(100) NOT NULL DEFAULT '',
  `mo_ta` varchar(100) NOT NULL DEFAULT '',
  `gio_nhac` time NOT NULL,
  `ngay_dien_ra` date DEFAULT NULL,
  `ngay_ket_thuc` date DEFAULT NULL,
  `tan_suat` varchar(32) DEFAULT NULL,
  `ma_the_loai_lich` int(11) NOT NULL,
  `ma_thu_cung` int(11) NOT NULL,
  PRIMARY KEY (`ma_lich`),
  KEY `fk_lich_theloailich` (`ma_the_loai_lich`),
  KEY `fk_lich_thucung` (`ma_thu_cung`),
  CONSTRAINT `fk_lich_theloailich` FOREIGN KEY (`ma_the_loai_lich`) REFERENCES `TheLoaiLich` (`ma_the_loai_lich`),
  CONSTRAINT `fk_lich_thucung` FOREIGN KEY (`ma_thu_cung`) REFERENCES `ThuCung` (`ma_thu_cung`)
) ENGINE=InnoDB DEFAULT CHARSET=utf8mb4 COLLATE=utf8mb4_general_ci;
/*!40101 SET character_set_client = @saved_cs_client */;

--
-- Dumping data for table `Lich`
--

LOCK TABLES `Lich` WRITE;
/*!40000 ALTER TABLE `Lich` DISABLE KEYS */;
/*!40000 ALTER TABLE `Lich` ENABLE KEYS */;
UNLOCK TABLES;

--
-- Table structure for table `Loai`
--

DROP TABLE IF EXISTS `Loai`;
/*!40101 SET @saved_cs_client     = @@character_set_client */;
/*!40101 SET character_set_client = utf8 */;
CREATE TABLE `Loai` (
  `ma_loai` int(11) NOT NULL AUTO_INCREMENT,
  `ten_loai` varchar(100) NOT NULL DEFAULT '',
  PRIMARY KEY (`ma_loai`)
) ENGINE=InnoDB AUTO_INCREMENT=13 DEFAULT CHARSET=utf8mb4 COLLATE=utf8mb4_general_ci;
/*!40101 SET character_set_client = @saved_cs_client */;

--
-- Dumping data for table `Loai`
--

LOCK TABLES `Loai` WRITE;
/*!40000 ALTER TABLE `Loai` DISABLE KEYS */;
INSERT INTO `Loai` VALUES
(1,'chó'),
(2,'mèo'),
(3,'cá'),
(4,'chim');
/*!40000 ALTER TABLE `Loai` ENABLE KEYS */;
UNLOCK TABLES;

--
-- Table structure for table `LoiMoiKetBan`
--

DROP TABLE IF EXISTS `LoiMoiKetBan`;
/*!40101 SET @saved_cs_client     = @@character_set_client */;
/*!40101 SET character_set_client = utf8 */;
CREATE TABLE `LoiMoiKetBan` (
  `ma_nguoi_gui` int(11) NOT NULL,
  `ma_nguoi_nhan` int(11) NOT NULL,
  `ngay_gui` timestamp NOT NULL DEFAULT current_timestamp(),
  `trang_thai` varchar(20) NOT NULL DEFAULT 'PENDING',
  PRIMARY KEY (`ma_nguoi_gui`,`ma_nguoi_nhan`,`ngay_gui`),
  KEY `fk_moiketbanngnhan` (`ma_nguoi_nhan`),
  CONSTRAINT `fk_moiketbannggui` FOREIGN KEY (`ma_nguoi_gui`) REFERENCES `NguoiDung` (`ma_nguoi_dung`),
  CONSTRAINT `fk_moiketbanngnhan` FOREIGN KEY (`ma_nguoi_nhan`) REFERENCES `NguoiDung` (`ma_nguoi_dung`)
) ENGINE=InnoDB DEFAULT CHARSET=utf8mb4 COLLATE=utf8mb4_general_ci;
/*!40101 SET character_set_client = @saved_cs_client */;

--
-- Dumping data for table `LoiMoiKetBan`
--

LOCK TABLES `LoiMoiKetBan` WRITE;
/*!40000 ALTER TABLE `LoiMoiKetBan` DISABLE KEYS */;
INSERT INTO `LoiMoiKetBan` VALUES
(1,2,'2023-11-29 03:06:46','REJECT'),
(1,2,'2023-11-29 03:14:39','REJECT'),
(2,1,'2023-11-25 01:58:33','REJECT'),
(2,3,'2023-11-29 08:26:29','PENDING'),
(2,18,'2023-11-21 15:16:27','PENDING'),
(2,19,'2023-11-21 15:16:30','PENDING'),
(4,2,'2023-11-21 14:15:08','REJECT'),
(4,2,'2023-11-29 08:40:25','PENDING'),
(5,2,'2023-11-29 08:40:59','PENDING'),
(8,3,'2023-11-29 07:33:35','PENDING'),
(23,2,'2023-11-25 02:20:17','REJECT'),
(23,2,'2023-11-25 02:29:56','REJECT');
/*!40000 ALTER TABLE `LoiMoiKetBan` ENABLE KEYS */;
UNLOCK TABLES;

--
-- Table structure for table `NguoiDung`
--

DROP TABLE IF EXISTS `NguoiDung`;
/*!40101 SET @saved_cs_client     = @@character_set_client */;
/*!40101 SET character_set_client = utf8 */;
CREATE TABLE `NguoiDung` (
  `ma_nguoi_dung` int(11) NOT NULL AUTO_INCREMENT,
  `ten` varchar(100) NOT NULL DEFAULT '',
  `ngay_sinh` date DEFAULT NULL,
  `tai_khoan` varchar(100) NOT NULL DEFAULT '',
  `mat_khau` varchar(100) NOT NULL DEFAULT '',
  `email` varchar(100) DEFAULT NULL,
  `so_dien_thoai` varchar(100) DEFAULT NULL,
  `is_admin` tinyint(1) DEFAULT 0,
  `gioi_tinh` tinyint(1) DEFAULT NULL,
  `token` text DEFAULT '',
  PRIMARY KEY (`ma_nguoi_dung`)
) ENGINE=InnoDB AUTO_INCREMENT=503 DEFAULT CHARSET=utf8mb4 COLLATE=utf8mb4_general_ci;
/*!40101 SET character_set_client = @saved_cs_client */;

--
-- Dumping data for table `NguoiDung`
--

LOCK TABLES `NguoiDung` WRITE;
/*!40000 ALTER TABLE `NguoiDung` DISABLE KEYS */;
INSERT INTO `NguoiDung` VALUES
(1,'Nam','2000-10-18','nam','$2b$10$SJCUVhgTtYGYEfPYQWHKmeCMSUhM/vXKGSSEnEFf/0Cp.KI0Z9CR6','nam@gmail.com','01234',0,1,''),
(2,'Dung','1991-09-30','dung','$2b$10$SJCUVhgTtYGYEfPYQWHKmeCMSUhM/vXKGSSEnEFf/0Cp.KI0Z9CR6','dung@gmail.com','0912345679',0,1,''),
(3,'Teo','1991-10-01','teo','$2b$10$RKPEI5lKhodO90jeZD3MtO/BHGaPB7Me3XMB6CrlEXggFq/7jc9Z.','teo@gmail.com','0912345680',0,1,''),
(4,'Ty','1991-10-02','ty','$2b$10$SJCUVhgTtYGYEfPYQWHKmeCMSUhM/vXKGSSEnEFf/0Cp.KI0Z9CR6','ty@gmail.com','0912345681',0,1,''),
(5,'Leo','1991-10-03','leo','$2b$10$SJCUVhgTtYGYEfPYQWHKmeCMSUhM/vXKGSSEnEFf/0Cp.KI0Z9CR6','leo@gmail.com','0912345682',0,1,''),
(6,'John','1991-10-04','john','$2b$10$SJCUVhgTtYGYEfPYQWHKmeCMSUhM/vXKGSSEnEFf/0Cp.KI0Z9CR6','john@gmail.com','0912345683',0,1,''),
(7,'Peter','1991-10-05','peter','$2b$10$SJCUVhgTtYGYEfPYQWHKmeCMSUhM/vXKGSSEnEFf/0Cp.KI0Z9CR6','peter@gmail.com','0912345684',0,1,'eyJhbGciOiJIUzUxMiIsInR5cCI6IkpXVCJ9.eyJtYV9uZ3VvaV9kdW5nIjo3LCJ0ZW4iOiJQZXRlciIsIm5nYXlfc2luaCI6IjE5OTEtMTAtMDRUMTc6MDA6MDAuMDAwWiIsInRhaV9raG9hbiI6InBldGVyIiwiZW1haWwiOiJwZXRlckBnbWFpbC5jb20iLCJzb19kaWVuX3Rob2FpIjoiMDkxMjM0NTY4NCIsImdpb2lfdGluaCI6MSwiaWF0IjoxNjk0NjczNDk5LCJleHAiOjE2OTQ2NzY0OTl9.1gZ3pkFFzB8pDvTahjcbblhAddJvITFBcLrT5LsVXrYrLWCYL_1EKcFIA2ombngWdaHENltpleA_o_lTx8eitw'),
(8,'Susan','1991-10-06','susan','$2b$10$SJCUVhgTtYGYEfPYQWHKmeCMSUhM/vXKGSSEnEFf/0Cp.KI0Z9CR6','susan@gmail.com','0912345685',0,0,''),
(9,'Hoang','1991-10-07','hoang','$2b$10$SJCUVhgTtYGYEfPYQWHKmeCMSUhM/vXKGSSEnEFf/0Cp.KI0Z9CR6','hoang@gmail.com','0912345686',0,1,''),
(10,'Thanh','1991-10-08','thanh','$2b$10$SJCUVhgTtYGYEfPYQWHKmeCMSUhM/vXKGSSEnEFf/0Cp.KI0Z9CR6','thanh@gmail.com','0912345687',0,0,''),
(11,'Phuc','1991-10-09','phuc','$2b$10$SJCUVhgTtYGYEfPYQWHKmeCMSUhM/vXKGSSEnEFf/0Cp.KI0Z9CR6','phuc@gmail.com','0912345688',0,1,''),
(12,'Viet','1991-10-10','viet','$2b$10$SJCUVhgTtYGYEfPYQWHKmeCMSUhM/vXKGSSEnEFf/0Cp.KI0Z9CR6','viet@gmail.com','0912345689',0,1,'eyJhbGciOiJIUzUxMiIsInR5cCI6IkpXVCJ9.eyJtYV9uZ3VvaV9kdW5nIjoxMiwidGVuIjoiVmlldCIsIm5nYXlfc2luaCI6IjE5OTEtMTAtMDlUMTc6MDA6MDAuMDAwWiIsInRhaV9raG9hbiI6InZpZXQiLCJlbWFpbCI6InZpZXRAZ21haWwuY29tIiwic29fZGllbl90aG9haSI6IjA5MTIzNDU2ODkiLCJnaW9pX3RpbmgiOjEsImlhdCI6MTY5NTg5MTcwOCwiZXhwIjoxNjk1ODk0NzA4fQ.1p60JgWOEeQcQSt8DtpSvaseF_CcJXiKJDY4gmtFAsNZgitBigBk8OXKQBQWoL2xKqccC4GqjlG7jauF_DjaQQ'),
(13,'Tuan','1991-10-11','tuan','$2b$10$SJCUVhgTtYGYEfPYQWHKmeCMSUhM/vXKGSSEnEFf/0Cp.KI0Z9CR6','tuan@gmail.com','0912345690',0,1,''),
(14,'Hung','1991-10-12','hung','$2b$10$SJCUVhgTtYGYEfPYQWHKmeCMSUhM/vXKGSSEnEFf/0Cp.KI0Z9CR6','hung@gmail.com','0912345691',0,1,''),
(15,'Thuy','1991-10-12','thuy','$2b$10$SJCUVhgTtYGYEfPYQWHKmeCMSUhM/vXKGSSEnEFf/0Cp.KI0Z9CR6','thuy@gmail.com','0912345691',0,1,''),
(16,'Thu','1991-10-12','thu','$2b$10$SJCUVhgTtYGYEfPYQWHKmeCMSUhM/vXKGSSEnEFf/0Cp.KI0Z9CR6','thu@gmail.com','0912345691',0,1,''),
(17,'Thuyen','1991-10-12','thuyen','$2b$10$SJCUVhgTtYGYEfPYQWHKmeCMSUhM/vXKGSSEnEFf/0Cp.KI0Z9CR6','thuyen@gmail.com','0912345691',0,1,''),
(18,'Thao','1991-10-12','thao','$2b$10$SJCUVhgTtYGYEfPYQWHKmeCMSUhM/vXKGSSEnEFf/0Cp.KI0Z9CR6','thao@gmail.com','0912345691',0,1,''),
(19,'The','1991-10-12','the','$2b$10$SJCUVhgTtYGYEfPYQWHKmeCMSUhM/vXKGSSEnEFf/0Cp.KI0Z9CR6','the@gmail.com','0912345691',0,1,''),
(20,'Hưng','1991-10-12','thehung20','$2b$10$SJCUVhgTtYGYEfPYQWHKmeCMSUhM/vXKGSSEnEFf/0Cp.KI0Z9CR6','hung20@gmail.com','0912345691',0,1,''),
(21,'Hải','1991-10-12','haithanh21','$2b$10$SJCUVhgTtYGYEfPYQWHKmeCMSUhM/vXKGSSEnEFf/0Cp.KI0Z9CR6','hai21@gmail.com','0912345691',0,1,''),
(22,'Trí','1991-10-12','vantrithanh','$2b$10$SJCUVhgTtYGYEfPYQWHKmeCMSUhM/vXKGSSEnEFf/0Cp.KI0Z9CR6','vantri22@gmail.com','0912345691',0,1,''),
(23,'kien','2000-10-18','kien','$2b$10$SJCUVhgTtYGYEfPYQWHKmeCMSUhM/vXKGSSEnEFf/0Cp.KI0Z9CR6','kien@gmail.com',NULL,0,NULL,''),
(24,'Michael Miranda','1930-05-06','michaelmiranda','$2b$10$SJCUVhgTtYGYEfPYQWHKmeCMSUhM/vXKGSSEnEFf/0Cp.KI0Z9CR6','michaelmiranda@gnet.com','11111',0,1,''),
(25,'Christopher Williams','1920-01-27','christopherwilliams','$2b$10$SJCUVhgTtYGYEfPYQWHKmeCMSUhM/vXKGSSEnEFf/0Cp.KI0Z9CR6','christopherwilliams@gnet.com','11111',0,1,''),
(26,'Andrew Clarke','2015-05-21','andrewclarke','$2b$10$SJCUVhgTtYGYEfPYQWHKmeCMSUhM/vXKGSSEnEFf/0Cp.KI0Z9CR6','andrewclarke@gnet.com','11111',0,1,''),
(27,'William Higgins','1930-10-23','williamhiggins','$2b$10$SJCUVhgTtYGYEfPYQWHKmeCMSUhM/vXKGSSEnEFf/0Cp.KI0Z9CR6','williamhiggins@gnet.com','11111',0,1,''),
(28,'Christopher Anderson','1964-04-06','christopheranderson','$2b$10$SJCUVhgTtYGYEfPYQWHKmeCMSUhM/vXKGSSEnEFf/0Cp.KI0Z9CR6','christopheranderson@gnet.com','11111',0,1,''),
(29,'Jenna Mcconnell','2007-05-24','jennamcconnell','$2b$10$SJCUVhgTtYGYEfPYQWHKmeCMSUhM/vXKGSSEnEFf/0Cp.KI0Z9CR6','jennamcconnell@gnet.com','11111',0,0,''),
(30,'Lindsey Torres','1909-10-18','lindseytorres','$2b$10$SJCUVhgTtYGYEfPYQWHKmeCMSUhM/vXKGSSEnEFf/0Cp.KI0Z9CR6','lindseytorres@gnet.com','11111',0,0,''),
(31,'Nicole Crawford','1916-09-25','nicolecrawford','$2b$10$SJCUVhgTtYGYEfPYQWHKmeCMSUhM/vXKGSSEnEFf/0Cp.KI0Z9CR6','nicolecrawford@gnet.com','11111',0,0,''),
(32,'Patrick Williams','1962-12-01','patrickwilliams','$2b$10$SJCUVhgTtYGYEfPYQWHKmeCMSUhM/vXKGSSEnEFf/0Cp.KI0Z9CR6','patrickwilliams@gnet.com','11111',0,1,''),
(33,'Christopher Kemp','1971-08-09','christopherkemp','$2b$10$SJCUVhgTtYGYEfPYQWHKmeCMSUhM/vXKGSSEnEFf/0Cp.KI0Z9CR6','christopherkemp@gnet.com','11111',0,1,''),
(34,'Jose Walker','1942-04-13','josewalker','$2b$10$SJCUVhgTtYGYEfPYQWHKmeCMSUhM/vXKGSSEnEFf/0Cp.KI0Z9CR6','josewalker@gnet.com','11111',0,1,''),
(35,'Paul Greene','1916-11-03','paulgreene','$2b$10$SJCUVhgTtYGYEfPYQWHKmeCMSUhM/vXKGSSEnEFf/0Cp.KI0Z9CR6','paulgreene@gnet.com','11111',0,1,''),
(36,'Michelle Washington','2019-02-11','michellewashington','$2b$10$SJCUVhgTtYGYEfPYQWHKmeCMSUhM/vXKGSSEnEFf/0Cp.KI0Z9CR6','michellewashington@gnet.com','11111',0,0,''),
(37,'James Harrison','1926-07-27','jamesharrison','$2b$10$SJCUVhgTtYGYEfPYQWHKmeCMSUhM/vXKGSSEnEFf/0Cp.KI0Z9CR6','jamesharrison@gnet.com','11111',0,1,''),
(38,'Michael Campos','1940-07-10','michaelcampos','$2b$10$SJCUVhgTtYGYEfPYQWHKmeCMSUhM/vXKGSSEnEFf/0Cp.KI0Z9CR6','michaelcampos@gnet.com','11111',0,1,''),
(39,'Gina Romero','1951-01-30','ginaromero','$2b$10$SJCUVhgTtYGYEfPYQWHKmeCMSUhM/vXKGSSEnEFf/0Cp.KI0Z9CR6','ginaromero@gnet.com','11111',0,0,''),
(40,'Renee Morris','1923-12-04','reneemorris','$2b$10$SJCUVhgTtYGYEfPYQWHKmeCMSUhM/vXKGSSEnEFf/0Cp.KI0Z9CR6','reneemorris@gnet.com','11111',0,0,''),
(41,'Donald Chavez','1988-03-01','donaldchavez','$2b$10$SJCUVhgTtYGYEfPYQWHKmeCMSUhM/vXKGSSEnEFf/0Cp.KI0Z9CR6','donaldchavez@gnet.com','11111',0,1,''),
(42,'Jennifer Larson','2021-06-12','jenniferlarson','$2b$10$SJCUVhgTtYGYEfPYQWHKmeCMSUhM/vXKGSSEnEFf/0Cp.KI0Z9CR6','jenniferlarson@gnet.com','11111',0,0,''),
(43,'Sara Harris','2012-12-05','saraharris','$2b$10$SJCUVhgTtYGYEfPYQWHKmeCMSUhM/vXKGSSEnEFf/0Cp.KI0Z9CR6','saraharris@gnet.com','11111',0,0,''),
(44,'Suzanne Jones','1949-01-24','suzannejones','$2b$10$SJCUVhgTtYGYEfPYQWHKmeCMSUhM/vXKGSSEnEFf/0Cp.KI0Z9CR6','suzannejones@gnet.com','11111',0,0,''),
(45,'Stefanie Norton','2018-09-17','stefanienorton','$2b$10$SJCUVhgTtYGYEfPYQWHKmeCMSUhM/vXKGSSEnEFf/0Cp.KI0Z9CR6','stefanienorton@gnet.com','11111',0,0,''),
(46,'Megan Bullock','1923-10-09','meganbullock','$2b$10$SJCUVhgTtYGYEfPYQWHKmeCMSUhM/vXKGSSEnEFf/0Cp.KI0Z9CR6','meganbullock@gnet.com','11111',0,0,''),
(47,'Timothy Harrison','1966-07-13','timothyharrison','$2b$10$SJCUVhgTtYGYEfPYQWHKmeCMSUhM/vXKGSSEnEFf/0Cp.KI0Z9CR6','timothyharrison@gnet.com','11111',0,1,''),
(48,'Angela Camacho','1939-07-19','angelacamacho','$2b$10$SJCUVhgTtYGYEfPYQWHKmeCMSUhM/vXKGSSEnEFf/0Cp.KI0Z9CR6','angelacamacho@gnet.com','11111',0,0,''),
(49,'Michael Brown DDS','1946-06-14','michaelbrowndds','$2b$10$SJCUVhgTtYGYEfPYQWHKmeCMSUhM/vXKGSSEnEFf/0Cp.KI0Z9CR6','michaelbrowndds@gnet.com','11111',0,1,''),
(50,'Susan Mcfarland','1927-02-10','susanmcfarland','$2b$10$SJCUVhgTtYGYEfPYQWHKmeCMSUhM/vXKGSSEnEFf/0Cp.KI0Z9CR6','susanmcfarland@gnet.com','11111',0,0,''),
(51,'Evelyn Jackson','1934-08-09','evelynjackson','$2b$10$SJCUVhgTtYGYEfPYQWHKmeCMSUhM/vXKGSSEnEFf/0Cp.KI0Z9CR6','evelynjackson@gnet.com','11111',0,0,''),
(52,'Heather Bailey','1913-05-19','heatherbailey','$2b$10$SJCUVhgTtYGYEfPYQWHKmeCMSUhM/vXKGSSEnEFf/0Cp.KI0Z9CR6','heatherbailey@gnet.com','11111',0,0,''),
(53,'Robin Smith','1974-09-03','robinsmith','$2b$10$SJCUVhgTtYGYEfPYQWHKmeCMSUhM/vXKGSSEnEFf/0Cp.KI0Z9CR6','robinsmith@gnet.com','11111',0,0,''),
(54,'Molly Wilson','1996-07-02','mollywilson','$2b$10$SJCUVhgTtYGYEfPYQWHKmeCMSUhM/vXKGSSEnEFf/0Cp.KI0Z9CR6','mollywilson@gnet.com','11111',0,0,''),
(55,'Christian Padilla','1928-04-10','christianpadilla','$2b$10$SJCUVhgTtYGYEfPYQWHKmeCMSUhM/vXKGSSEnEFf/0Cp.KI0Z9CR6','christianpadilla@gnet.com','11111',0,1,''),
(56,'James Green','1912-08-13','jamesgreen','$2b$10$SJCUVhgTtYGYEfPYQWHKmeCMSUhM/vXKGSSEnEFf/0Cp.KI0Z9CR6','jamesgreen@gnet.com','11111',0,1,''),
(57,'Jared Stewart','1978-10-30','jaredstewart','$2b$10$SJCUVhgTtYGYEfPYQWHKmeCMSUhM/vXKGSSEnEFf/0Cp.KI0Z9CR6','jaredstewart@gnet.com','11111',0,1,''),
(58,'Susan Harper','1950-11-06','susanharper','$2b$10$SJCUVhgTtYGYEfPYQWHKmeCMSUhM/vXKGSSEnEFf/0Cp.KI0Z9CR6','susanharper@gnet.com','11111',0,0,''),
(59,'John Christian','1984-07-16','johnchristian','$2b$10$SJCUVhgTtYGYEfPYQWHKmeCMSUhM/vXKGSSEnEFf/0Cp.KI0Z9CR6','johnchristian@gnet.com','11111',0,1,''),
(60,'Amanda Wilcox','1918-09-19','amandawilcox','$2b$10$SJCUVhgTtYGYEfPYQWHKmeCMSUhM/vXKGSSEnEFf/0Cp.KI0Z9CR6','amandawilcox@gnet.com','11111',0,0,''),
(61,'Lawrence Blair','2005-12-29','lawrenceblair','$2b$10$SJCUVhgTtYGYEfPYQWHKmeCMSUhM/vXKGSSEnEFf/0Cp.KI0Z9CR6','lawrenceblair@gnet.com','11111',0,1,''),
(62,'Dylan Lee','1936-01-02','dylanlee','$2b$10$SJCUVhgTtYGYEfPYQWHKmeCMSUhM/vXKGSSEnEFf/0Cp.KI0Z9CR6','dylanlee@gnet.com','11111',0,1,''),
(63,'Peter Mullen','1908-05-26','petermullen','$2b$10$SJCUVhgTtYGYEfPYQWHKmeCMSUhM/vXKGSSEnEFf/0Cp.KI0Z9CR6','petermullen@gnet.com','11111',0,1,''),
(64,'Grant Wright','1926-04-25','grantwright','$2b$10$SJCUVhgTtYGYEfPYQWHKmeCMSUhM/vXKGSSEnEFf/0Cp.KI0Z9CR6','grantwright@gnet.com','11111',0,1,''),
(65,'Ashley Bennett','1987-01-05','ashleybennett','$2b$10$SJCUVhgTtYGYEfPYQWHKmeCMSUhM/vXKGSSEnEFf/0Cp.KI0Z9CR6','ashleybennett@gnet.com','11111',0,0,''),
(66,'Jonathan Bird','1962-09-17','jonathanbird','$2b$10$SJCUVhgTtYGYEfPYQWHKmeCMSUhM/vXKGSSEnEFf/0Cp.KI0Z9CR6','jonathanbird@gnet.com','11111',0,1,''),
(67,'Susan Owen','1976-08-25','susanowen','$2b$10$SJCUVhgTtYGYEfPYQWHKmeCMSUhM/vXKGSSEnEFf/0Cp.KI0Z9CR6','susanowen@gnet.com','11111',0,0,''),
(68,'Kaitlin Anderson','1924-01-17','kaitlinanderson','$2b$10$SJCUVhgTtYGYEfPYQWHKmeCMSUhM/vXKGSSEnEFf/0Cp.KI0Z9CR6','kaitlinanderson@gnet.com','11111',0,0,''),
(69,'Mrs. Sara Brown','1959-01-10','mrs.sarabrown','$2b$10$SJCUVhgTtYGYEfPYQWHKmeCMSUhM/vXKGSSEnEFf/0Cp.KI0Z9CR6','mrs.sarabrown@gnet.com','11111',0,0,''),
(70,'Vanessa Carter','1965-05-22','vanessacarter','$2b$10$SJCUVhgTtYGYEfPYQWHKmeCMSUhM/vXKGSSEnEFf/0Cp.KI0Z9CR6','vanessacarter@gnet.com','11111',0,0,''),
(71,'Amanda Walsh','2000-03-25','amandawalsh','$2b$10$SJCUVhgTtYGYEfPYQWHKmeCMSUhM/vXKGSSEnEFf/0Cp.KI0Z9CR6','amandawalsh@gnet.com','11111',0,0,''),
(72,'Jesus Henson','1994-06-02','jesushenson','$2b$10$SJCUVhgTtYGYEfPYQWHKmeCMSUhM/vXKGSSEnEFf/0Cp.KI0Z9CR6','jesushenson@gnet.com','11111',0,1,''),
(73,'Kelly Carr','1923-05-02','kellycarr','$2b$10$SJCUVhgTtYGYEfPYQWHKmeCMSUhM/vXKGSSEnEFf/0Cp.KI0Z9CR6','kellycarr@gnet.com','11111',0,0,''),
(74,'James Cooper','2007-11-21','jamescooper','$2b$10$SJCUVhgTtYGYEfPYQWHKmeCMSUhM/vXKGSSEnEFf/0Cp.KI0Z9CR6','jamescooper@gnet.com','11111',0,1,''),
(75,'Christopher Bradley','1939-01-31','christopherbradley','$2b$10$SJCUVhgTtYGYEfPYQWHKmeCMSUhM/vXKGSSEnEFf/0Cp.KI0Z9CR6','christopherbradley@gnet.com','11111',0,1,''),
(76,'Anthony Morris','1937-01-22','anthonymorris','$2b$10$SJCUVhgTtYGYEfPYQWHKmeCMSUhM/vXKGSSEnEFf/0Cp.KI0Z9CR6','anthonymorris@gnet.com','11111',0,1,''),
(77,'Elizabeth Thompson','1969-02-02','elizabeththompson','$2b$10$SJCUVhgTtYGYEfPYQWHKmeCMSUhM/vXKGSSEnEFf/0Cp.KI0Z9CR6','elizabeththompson@gnet.com','11111',0,0,''),
(78,'Sierra Duran','2017-06-28','sierraduran','$2b$10$SJCUVhgTtYGYEfPYQWHKmeCMSUhM/vXKGSSEnEFf/0Cp.KI0Z9CR6','sierraduran@gnet.com','11111',0,0,''),
(79,'Kristy Wagner','1923-06-21','kristywagner','$2b$10$SJCUVhgTtYGYEfPYQWHKmeCMSUhM/vXKGSSEnEFf/0Cp.KI0Z9CR6','kristywagner@gnet.com','11111',0,0,''),
(80,'Sabrina Larson','2010-08-16','sabrinalarson','$2b$10$SJCUVhgTtYGYEfPYQWHKmeCMSUhM/vXKGSSEnEFf/0Cp.KI0Z9CR6','sabrinalarson@gnet.com','11111',0,0,''),
(81,'Michael Klein','1950-12-03','michaelklein','$2b$10$SJCUVhgTtYGYEfPYQWHKmeCMSUhM/vXKGSSEnEFf/0Cp.KI0Z9CR6','michaelklein@gnet.com','11111',0,1,''),
(82,'Brandon Snyder','1935-10-13','brandonsnyder','$2b$10$SJCUVhgTtYGYEfPYQWHKmeCMSUhM/vXKGSSEnEFf/0Cp.KI0Z9CR6','brandonsnyder@gnet.com','11111',0,1,''),
(83,'Kim Jackson','1929-07-20','kimjackson','$2b$10$SJCUVhgTtYGYEfPYQWHKmeCMSUhM/vXKGSSEnEFf/0Cp.KI0Z9CR6','kimjackson@gnet.com','11111',0,0,''),
(84,'David Thompson','1996-10-27','davidthompson','$2b$10$SJCUVhgTtYGYEfPYQWHKmeCMSUhM/vXKGSSEnEFf/0Cp.KI0Z9CR6','davidthompson@gnet.com','11111',0,1,''),
(85,'Paula Bailey','1988-02-21','paulabailey','$2b$10$SJCUVhgTtYGYEfPYQWHKmeCMSUhM/vXKGSSEnEFf/0Cp.KI0Z9CR6','paulabailey@gnet.com','11111',0,0,''),
(86,'Lauren Matthews','1980-10-15','laurenmatthews','$2b$10$SJCUVhgTtYGYEfPYQWHKmeCMSUhM/vXKGSSEnEFf/0Cp.KI0Z9CR6','laurenmatthews@gnet.com','11111',0,0,''),
(87,'Renee Chandler','1982-03-27','reneechandler','$2b$10$SJCUVhgTtYGYEfPYQWHKmeCMSUhM/vXKGSSEnEFf/0Cp.KI0Z9CR6','reneechandler@gnet.com','11111',0,0,''),
(88,'Cheryl Reeves','1923-09-28','cherylreeves','$2b$10$SJCUVhgTtYGYEfPYQWHKmeCMSUhM/vXKGSSEnEFf/0Cp.KI0Z9CR6','cherylreeves@gnet.com','11111',0,0,''),
(89,'Stacy Robinson','1992-09-26','stacyrobinson','$2b$10$SJCUVhgTtYGYEfPYQWHKmeCMSUhM/vXKGSSEnEFf/0Cp.KI0Z9CR6','stacyrobinson@gnet.com','11111',0,0,''),
(90,'Patricia Jackson','1971-12-19','patriciajackson','$2b$10$SJCUVhgTtYGYEfPYQWHKmeCMSUhM/vXKGSSEnEFf/0Cp.KI0Z9CR6','patriciajackson@gnet.com','11111',0,0,''),
(91,'Melissa Espinoza','1921-08-11','melissaespinoza','$2b$10$SJCUVhgTtYGYEfPYQWHKmeCMSUhM/vXKGSSEnEFf/0Cp.KI0Z9CR6','melissaespinoza@gnet.com','11111',0,0,''),
(92,'Thomas Figueroa','1987-12-04','thomasfigueroa','$2b$10$SJCUVhgTtYGYEfPYQWHKmeCMSUhM/vXKGSSEnEFf/0Cp.KI0Z9CR6','thomasfigueroa@gnet.com','11111',0,1,''),
(93,'Joseph Paul','1941-06-08','josephpaul','$2b$10$SJCUVhgTtYGYEfPYQWHKmeCMSUhM/vXKGSSEnEFf/0Cp.KI0Z9CR6','josephpaul@gnet.com','11111',0,1,''),
(94,'Morgan Parsons','1994-09-10','morganparsons','$2b$10$SJCUVhgTtYGYEfPYQWHKmeCMSUhM/vXKGSSEnEFf/0Cp.KI0Z9CR6','morganparsons@gnet.com','11111',0,0,''),
(95,'David Jackson','2004-07-16','davidjackson','$2b$10$SJCUVhgTtYGYEfPYQWHKmeCMSUhM/vXKGSSEnEFf/0Cp.KI0Z9CR6','davidjackson@gnet.com','11111',0,1,''),
(96,'Jacob Wheeler','2011-09-20','jacobwheeler','$2b$10$SJCUVhgTtYGYEfPYQWHKmeCMSUhM/vXKGSSEnEFf/0Cp.KI0Z9CR6','jacobwheeler@gnet.com','11111',0,1,''),
(97,'Sarah Hernandez','1930-05-28','sarahhernandez','$2b$10$SJCUVhgTtYGYEfPYQWHKmeCMSUhM/vXKGSSEnEFf/0Cp.KI0Z9CR6','sarahhernandez@gnet.com','11111',0,0,''),
(98,'Donald Gonzalez','2008-09-18','donaldgonzalez','$2b$10$SJCUVhgTtYGYEfPYQWHKmeCMSUhM/vXKGSSEnEFf/0Cp.KI0Z9CR6','donaldgonzalez@gnet.com','11111',0,1,''),
(99,'Julia House','1921-12-08','juliahouse','$2b$10$SJCUVhgTtYGYEfPYQWHKmeCMSUhM/vXKGSSEnEFf/0Cp.KI0Z9CR6','juliahouse@gnet.com','11111',0,0,''),
(100,'Steven Smith','1976-01-01','stevensmith','$2b$10$SJCUVhgTtYGYEfPYQWHKmeCMSUhM/vXKGSSEnEFf/0Cp.KI0Z9CR6','stevensmith@gnet.com','11111',0,1,''),
(101,'Julie Best','1928-05-10','juliebest','$2b$10$SJCUVhgTtYGYEfPYQWHKmeCMSUhM/vXKGSSEnEFf/0Cp.KI0Z9CR6','juliebest@gnet.com','11111',0,0,''),
(102,'Elizabeth Anderson','1970-11-12','elizabethanderson','$2b$10$SJCUVhgTtYGYEfPYQWHKmeCMSUhM/vXKGSSEnEFf/0Cp.KI0Z9CR6','elizabethanderson@gnet.com','11111',0,0,''),
(103,'Allison Simon','2002-08-09','allisonsimon','$2b$10$SJCUVhgTtYGYEfPYQWHKmeCMSUhM/vXKGSSEnEFf/0Cp.KI0Z9CR6','allisonsimon@gnet.com','11111',0,0,''),
(104,'Spencer Perez','1988-01-27','spencerperez','$2b$10$SJCUVhgTtYGYEfPYQWHKmeCMSUhM/vXKGSSEnEFf/0Cp.KI0Z9CR6','spencerperez@gnet.com','11111',0,1,''),
(105,'Dr. David Gray','1955-02-26','dr.davidgray','$2b$10$SJCUVhgTtYGYEfPYQWHKmeCMSUhM/vXKGSSEnEFf/0Cp.KI0Z9CR6','dr.davidgray@gnet.com','11111',0,1,''),
(106,'Logan Berry','1949-04-29','loganberry','$2b$10$SJCUVhgTtYGYEfPYQWHKmeCMSUhM/vXKGSSEnEFf/0Cp.KI0Z9CR6','loganberry@gnet.com','11111',0,1,''),
(107,'Megan Simmons','1938-06-04','megansimmons','$2b$10$SJCUVhgTtYGYEfPYQWHKmeCMSUhM/vXKGSSEnEFf/0Cp.KI0Z9CR6','megansimmons@gnet.com','11111',0,0,''),
(108,'Suzanne Baird','1994-07-14','suzannebaird','$2b$10$SJCUVhgTtYGYEfPYQWHKmeCMSUhM/vXKGSSEnEFf/0Cp.KI0Z9CR6','suzannebaird@gnet.com','11111',0,0,''),
(109,'Mary Bell','2014-03-22','marybell','$2b$10$SJCUVhgTtYGYEfPYQWHKmeCMSUhM/vXKGSSEnEFf/0Cp.KI0Z9CR6','marybell@gnet.com','11111',0,0,''),
(110,'Christopher Perez','2019-10-23','christopherperez','$2b$10$SJCUVhgTtYGYEfPYQWHKmeCMSUhM/vXKGSSEnEFf/0Cp.KI0Z9CR6','christopherperez@gnet.com','11111',0,1,''),
(111,'Grant Osborn','1966-10-31','grantosborn','$2b$10$SJCUVhgTtYGYEfPYQWHKmeCMSUhM/vXKGSSEnEFf/0Cp.KI0Z9CR6','grantosborn@gnet.com','11111',0,1,''),
(112,'Kevin Franklin','1923-06-20','kevinfranklin','$2b$10$SJCUVhgTtYGYEfPYQWHKmeCMSUhM/vXKGSSEnEFf/0Cp.KI0Z9CR6','kevinfranklin@gnet.com','11111',0,1,''),
(113,'Amy Morrow','1919-11-15','amymorrow','$2b$10$SJCUVhgTtYGYEfPYQWHKmeCMSUhM/vXKGSSEnEFf/0Cp.KI0Z9CR6','amymorrow@gnet.com','11111',0,0,''),
(114,'Cynthia Johnson','1959-11-02','cynthiajohnson','$2b$10$SJCUVhgTtYGYEfPYQWHKmeCMSUhM/vXKGSSEnEFf/0Cp.KI0Z9CR6','cynthiajohnson@gnet.com','11111',0,0,''),
(115,'Tony Schroeder','1961-01-03','tonyschroeder','$2b$10$SJCUVhgTtYGYEfPYQWHKmeCMSUhM/vXKGSSEnEFf/0Cp.KI0Z9CR6','tonyschroeder@gnet.com','11111',0,1,''),
(116,'Kimberly Burton','1981-03-14','kimberlyburton','$2b$10$SJCUVhgTtYGYEfPYQWHKmeCMSUhM/vXKGSSEnEFf/0Cp.KI0Z9CR6','kimberlyburton@gnet.com','11111',0,0,''),
(117,'John Anderson','1925-04-13','johnanderson','$2b$10$SJCUVhgTtYGYEfPYQWHKmeCMSUhM/vXKGSSEnEFf/0Cp.KI0Z9CR6','johnanderson@gnet.com','11111',0,1,''),
(118,'Cathy Ryan','1955-01-18','cathyryan','$2b$10$SJCUVhgTtYGYEfPYQWHKmeCMSUhM/vXKGSSEnEFf/0Cp.KI0Z9CR6','cathyryan@gnet.com','11111',0,0,''),
(119,'Larry Miller','2007-01-08','larrymiller','$2b$10$SJCUVhgTtYGYEfPYQWHKmeCMSUhM/vXKGSSEnEFf/0Cp.KI0Z9CR6','larrymiller@gnet.com','11111',0,1,''),
(120,'Jorge Porter','1931-09-13','jorgeporter','$2b$10$SJCUVhgTtYGYEfPYQWHKmeCMSUhM/vXKGSSEnEFf/0Cp.KI0Z9CR6','jorgeporter@gnet.com','11111',0,1,''),
(121,'Karen Benson','1927-10-01','karenbenson','$2b$10$SJCUVhgTtYGYEfPYQWHKmeCMSUhM/vXKGSSEnEFf/0Cp.KI0Z9CR6','karenbenson@gnet.com','11111',0,0,''),
(122,'Sheila Murray','2002-11-19','sheilamurray','$2b$10$SJCUVhgTtYGYEfPYQWHKmeCMSUhM/vXKGSSEnEFf/0Cp.KI0Z9CR6','sheilamurray@gnet.com','11111',0,0,''),
(123,'Katie Crane','1954-12-31','katiecrane','$2b$10$SJCUVhgTtYGYEfPYQWHKmeCMSUhM/vXKGSSEnEFf/0Cp.KI0Z9CR6','katiecrane@gnet.com','11111',0,0,''),
(124,'Jennifer Allen','1944-03-02','jenniferallen','$2b$10$SJCUVhgTtYGYEfPYQWHKmeCMSUhM/vXKGSSEnEFf/0Cp.KI0Z9CR6','jenniferallen@gnet.com','11111',0,0,''),
(125,'Heather Lewis','1994-09-14','heatherlewis','$2b$10$SJCUVhgTtYGYEfPYQWHKmeCMSUhM/vXKGSSEnEFf/0Cp.KI0Z9CR6','heatherlewis@gnet.com','11111',0,0,''),
(126,'Jacob Smith','1950-03-05','jacobsmith','$2b$10$SJCUVhgTtYGYEfPYQWHKmeCMSUhM/vXKGSSEnEFf/0Cp.KI0Z9CR6','jacobsmith@gnet.com','11111',0,1,''),
(127,'Christopher Booth','1936-07-16','christopherbooth','$2b$10$SJCUVhgTtYGYEfPYQWHKmeCMSUhM/vXKGSSEnEFf/0Cp.KI0Z9CR6','christopherbooth@gnet.com','11111',0,1,''),
(128,'Lindsay Jones','1908-06-11','lindsayjones','$2b$10$SJCUVhgTtYGYEfPYQWHKmeCMSUhM/vXKGSSEnEFf/0Cp.KI0Z9CR6','lindsayjones@gnet.com','11111',0,0,''),
(129,'Mrs. Kaylee Santiago','1982-03-25','mrs.kayleesantiago','$2b$10$SJCUVhgTtYGYEfPYQWHKmeCMSUhM/vXKGSSEnEFf/0Cp.KI0Z9CR6','mrs.kayleesantiago@gnet.com','11111',0,0,''),
(130,'Karen Jones','1962-01-08','karenjones','$2b$10$SJCUVhgTtYGYEfPYQWHKmeCMSUhM/vXKGSSEnEFf/0Cp.KI0Z9CR6','karenjones@gnet.com','11111',0,0,''),
(131,'Mary Simpson','2019-12-21','marysimpson','$2b$10$SJCUVhgTtYGYEfPYQWHKmeCMSUhM/vXKGSSEnEFf/0Cp.KI0Z9CR6','marysimpson@gnet.com','11111',0,0,''),
(132,'John Alvarez','2011-03-27','johnalvarez','$2b$10$SJCUVhgTtYGYEfPYQWHKmeCMSUhM/vXKGSSEnEFf/0Cp.KI0Z9CR6','johnalvarez@gnet.com','11111',0,1,''),
(133,'Bryan Foster','1914-07-26','bryanfoster','$2b$10$SJCUVhgTtYGYEfPYQWHKmeCMSUhM/vXKGSSEnEFf/0Cp.KI0Z9CR6','bryanfoster@gnet.com','11111',0,1,''),
(134,'Linda Wood','1935-09-17','lindawood','$2b$10$SJCUVhgTtYGYEfPYQWHKmeCMSUhM/vXKGSSEnEFf/0Cp.KI0Z9CR6','lindawood@gnet.com','11111',0,0,''),
(135,'Noah Rivera','1960-06-28','noahrivera','$2b$10$SJCUVhgTtYGYEfPYQWHKmeCMSUhM/vXKGSSEnEFf/0Cp.KI0Z9CR6','noahrivera@gnet.com','11111',0,1,''),
(136,'Carol Turner','1936-04-17','carolturner','$2b$10$SJCUVhgTtYGYEfPYQWHKmeCMSUhM/vXKGSSEnEFf/0Cp.KI0Z9CR6','carolturner@gnet.com','11111',0,0,''),
(137,'Sophia Crawford','1917-05-08','sophiacrawford','$2b$10$SJCUVhgTtYGYEfPYQWHKmeCMSUhM/vXKGSSEnEFf/0Cp.KI0Z9CR6','sophiacrawford@gnet.com','11111',0,0,''),
(138,'Erica Contreras','1970-09-24','ericacontreras','$2b$10$SJCUVhgTtYGYEfPYQWHKmeCMSUhM/vXKGSSEnEFf/0Cp.KI0Z9CR6','ericacontreras@gnet.com','11111',0,0,''),
(139,'Jeffrey Lloyd','1982-11-22','jeffreylloyd','$2b$10$SJCUVhgTtYGYEfPYQWHKmeCMSUhM/vXKGSSEnEFf/0Cp.KI0Z9CR6','jeffreylloyd@gnet.com','11111',0,1,''),
(140,'William Hernandez','1987-12-22','williamhernandez','$2b$10$SJCUVhgTtYGYEfPYQWHKmeCMSUhM/vXKGSSEnEFf/0Cp.KI0Z9CR6','williamhernandez@gnet.com','11111',0,1,''),
(141,'Tanya Davis','1925-03-27','tanyadavis','$2b$10$SJCUVhgTtYGYEfPYQWHKmeCMSUhM/vXKGSSEnEFf/0Cp.KI0Z9CR6','tanyadavis@gnet.com','11111',0,0,''),
(142,'Michael Hebert','1993-06-20','michaelhebert','$2b$10$SJCUVhgTtYGYEfPYQWHKmeCMSUhM/vXKGSSEnEFf/0Cp.KI0Z9CR6','michaelhebert@gnet.com','11111',0,1,''),
(143,'Anthony Trevino','2014-06-20','anthonytrevino','$2b$10$SJCUVhgTtYGYEfPYQWHKmeCMSUhM/vXKGSSEnEFf/0Cp.KI0Z9CR6','anthonytrevino@gnet.com','11111',0,1,''),
(144,'Michelle Bennett','1949-09-09','michellebennett','$2b$10$SJCUVhgTtYGYEfPYQWHKmeCMSUhM/vXKGSSEnEFf/0Cp.KI0Z9CR6','michellebennett@gnet.com','11111',0,0,''),
(145,'Allison Hudson','1925-05-08','allisonhudson','$2b$10$SJCUVhgTtYGYEfPYQWHKmeCMSUhM/vXKGSSEnEFf/0Cp.KI0Z9CR6','allisonhudson@gnet.com','11111',0,0,''),
(146,'Angela Thomas','1928-10-19','angelathomas','$2b$10$SJCUVhgTtYGYEfPYQWHKmeCMSUhM/vXKGSSEnEFf/0Cp.KI0Z9CR6','angelathomas@gnet.com','11111',0,0,''),
(147,'Wendy Stone','2016-06-09','wendystone','$2b$10$SJCUVhgTtYGYEfPYQWHKmeCMSUhM/vXKGSSEnEFf/0Cp.KI0Z9CR6','wendystone@gnet.com','11111',0,0,''),
(148,'Anthony Adams','2000-02-28','anthonyadams','$2b$10$SJCUVhgTtYGYEfPYQWHKmeCMSUhM/vXKGSSEnEFf/0Cp.KI0Z9CR6','anthonyadams@gnet.com','11111',0,1,''),
(149,'George Fritz','1952-04-29','georgefritz','$2b$10$SJCUVhgTtYGYEfPYQWHKmeCMSUhM/vXKGSSEnEFf/0Cp.KI0Z9CR6','georgefritz@gnet.com','11111',0,1,''),
(150,'Manuel Lopez','1970-04-04','manuellopez','$2b$10$SJCUVhgTtYGYEfPYQWHKmeCMSUhM/vXKGSSEnEFf/0Cp.KI0Z9CR6','manuellopez@gnet.com','11111',0,1,''),
(151,'Deborah Ponce','1909-09-23','deborahponce','$2b$10$SJCUVhgTtYGYEfPYQWHKmeCMSUhM/vXKGSSEnEFf/0Cp.KI0Z9CR6','deborahponce@gnet.com','11111',0,0,''),
(152,'Tyler King','1988-10-25','tylerking','$2b$10$SJCUVhgTtYGYEfPYQWHKmeCMSUhM/vXKGSSEnEFf/0Cp.KI0Z9CR6','tylerking@gnet.com','11111',0,1,''),
(153,'Shelley Williamson','1979-05-18','shelleywilliamson','$2b$10$SJCUVhgTtYGYEfPYQWHKmeCMSUhM/vXKGSSEnEFf/0Cp.KI0Z9CR6','shelleywilliamson@gnet.com','11111',0,0,''),
(154,'Darren Williams','1977-05-03','darrenwilliams','$2b$10$SJCUVhgTtYGYEfPYQWHKmeCMSUhM/vXKGSSEnEFf/0Cp.KI0Z9CR6','darrenwilliams@gnet.com','11111',0,1,''),
(155,'Kelly Hayden','1959-01-26','kellyhayden','$2b$10$SJCUVhgTtYGYEfPYQWHKmeCMSUhM/vXKGSSEnEFf/0Cp.KI0Z9CR6','kellyhayden@gnet.com','11111',0,0,''),
(156,'Bryan Cook','1987-05-31','bryancook','$2b$10$SJCUVhgTtYGYEfPYQWHKmeCMSUhM/vXKGSSEnEFf/0Cp.KI0Z9CR6','bryancook@gnet.com','11111',0,1,''),
(157,'Tara Willis','1932-01-03','tarawillis','$2b$10$SJCUVhgTtYGYEfPYQWHKmeCMSUhM/vXKGSSEnEFf/0Cp.KI0Z9CR6','tarawillis@gnet.com','11111',0,0,''),
(158,'Brandon Harrington Jr.','2018-09-17','brandonharringtonjr.','$2b$10$SJCUVhgTtYGYEfPYQWHKmeCMSUhM/vXKGSSEnEFf/0Cp.KI0Z9CR6','brandonharringtonjr.@gnet.com','11111',0,1,''),
(159,'Jonathan Cook','1941-01-13','jonathancook','$2b$10$SJCUVhgTtYGYEfPYQWHKmeCMSUhM/vXKGSSEnEFf/0Cp.KI0Z9CR6','jonathancook@gnet.com','11111',0,1,''),
(160,'Karen Durham','1942-05-12','karendurham','$2b$10$SJCUVhgTtYGYEfPYQWHKmeCMSUhM/vXKGSSEnEFf/0Cp.KI0Z9CR6','karendurham@gnet.com','11111',0,0,''),
(161,'Virginia Wood','1988-08-21','virginiawood','$2b$10$SJCUVhgTtYGYEfPYQWHKmeCMSUhM/vXKGSSEnEFf/0Cp.KI0Z9CR6','virginiawood@gnet.com','11111',0,0,''),
(162,'Matthew Hayden','1970-07-14','matthewhayden','$2b$10$SJCUVhgTtYGYEfPYQWHKmeCMSUhM/vXKGSSEnEFf/0Cp.KI0Z9CR6','matthewhayden@gnet.com','11111',0,1,''),
(163,'Amanda Hunt','1929-08-18','amandahunt','$2b$10$SJCUVhgTtYGYEfPYQWHKmeCMSUhM/vXKGSSEnEFf/0Cp.KI0Z9CR6','amandahunt@gnet.com','11111',0,0,''),
(164,'Karina Oneal','1917-09-07','karinaoneal','$2b$10$SJCUVhgTtYGYEfPYQWHKmeCMSUhM/vXKGSSEnEFf/0Cp.KI0Z9CR6','karinaoneal@gnet.com','11111',0,0,''),
(165,'Richard Kennedy','1959-04-23','richardkennedy','$2b$10$SJCUVhgTtYGYEfPYQWHKmeCMSUhM/vXKGSSEnEFf/0Cp.KI0Z9CR6','richardkennedy@gnet.com','11111',0,1,''),
(166,'Nicole Rose','1918-10-10','nicolerose','$2b$10$SJCUVhgTtYGYEfPYQWHKmeCMSUhM/vXKGSSEnEFf/0Cp.KI0Z9CR6','nicolerose@gnet.com','11111',0,0,''),
(167,'Steven Sanders Jr.','1939-01-25','stevensandersjr.','$2b$10$SJCUVhgTtYGYEfPYQWHKmeCMSUhM/vXKGSSEnEFf/0Cp.KI0Z9CR6','stevensandersjr.@gnet.com','11111',0,1,''),
(168,'Brianna Schneider','1927-02-19','briannaschneider','$2b$10$SJCUVhgTtYGYEfPYQWHKmeCMSUhM/vXKGSSEnEFf/0Cp.KI0Z9CR6','briannaschneider@gnet.com','11111',0,0,''),
(169,'Brandon Moore II','2001-12-20','brandonmooreii','$2b$10$SJCUVhgTtYGYEfPYQWHKmeCMSUhM/vXKGSSEnEFf/0Cp.KI0Z9CR6','brandonmooreii@gnet.com','11111',0,1,''),
(170,'Paula Salazar','1982-07-06','paulasalazar','$2b$10$SJCUVhgTtYGYEfPYQWHKmeCMSUhM/vXKGSSEnEFf/0Cp.KI0Z9CR6','paulasalazar@gnet.com','11111',0,0,''),
(171,'Kimberly Miller','1989-09-18','kimberlymiller','$2b$10$SJCUVhgTtYGYEfPYQWHKmeCMSUhM/vXKGSSEnEFf/0Cp.KI0Z9CR6','kimberlymiller@gnet.com','11111',0,0,''),
(172,'Danielle Byrd','2012-03-15','daniellebyrd','$2b$10$SJCUVhgTtYGYEfPYQWHKmeCMSUhM/vXKGSSEnEFf/0Cp.KI0Z9CR6','daniellebyrd@gnet.com','11111',0,0,''),
(173,'Alexander James','2014-11-05','alexanderjames','$2b$10$SJCUVhgTtYGYEfPYQWHKmeCMSUhM/vXKGSSEnEFf/0Cp.KI0Z9CR6','alexanderjames@gnet.com','11111',0,1,''),
(174,'John Chase','1938-08-12','johnchase','$2b$10$SJCUVhgTtYGYEfPYQWHKmeCMSUhM/vXKGSSEnEFf/0Cp.KI0Z9CR6','johnchase@gnet.com','11111',0,1,''),
(175,'Tracy Hall','2012-02-19','tracyhall','$2b$10$SJCUVhgTtYGYEfPYQWHKmeCMSUhM/vXKGSSEnEFf/0Cp.KI0Z9CR6','tracyhall@gnet.com','11111',0,0,''),
(176,'Jessica Dixon','2011-06-04','jessicadixon','$2b$10$SJCUVhgTtYGYEfPYQWHKmeCMSUhM/vXKGSSEnEFf/0Cp.KI0Z9CR6','jessicadixon@gnet.com','11111',0,0,''),
(177,'Steven Daniels','2017-02-03','stevendaniels','$2b$10$SJCUVhgTtYGYEfPYQWHKmeCMSUhM/vXKGSSEnEFf/0Cp.KI0Z9CR6','stevendaniels@gnet.com','11111',0,1,''),
(178,'James Smith','1934-11-29','jamessmith','$2b$10$SJCUVhgTtYGYEfPYQWHKmeCMSUhM/vXKGSSEnEFf/0Cp.KI0Z9CR6','jamessmith@gnet.com','11111',0,1,''),
(179,'Calvin Daniel','2013-07-12','calvindaniel','$2b$10$SJCUVhgTtYGYEfPYQWHKmeCMSUhM/vXKGSSEnEFf/0Cp.KI0Z9CR6','calvindaniel@gnet.com','11111',0,1,''),
(180,'Christopher Barber','1970-05-21','christopherbarber','$2b$10$SJCUVhgTtYGYEfPYQWHKmeCMSUhM/vXKGSSEnEFf/0Cp.KI0Z9CR6','christopherbarber@gnet.com','11111',0,1,''),
(181,'Melanie Gross','1988-01-08','melaniegross','$2b$10$SJCUVhgTtYGYEfPYQWHKmeCMSUhM/vXKGSSEnEFf/0Cp.KI0Z9CR6','melaniegross@gnet.com','11111',0,0,''),
(182,'Matthew Lowery','1970-08-02','matthewlowery','$2b$10$SJCUVhgTtYGYEfPYQWHKmeCMSUhM/vXKGSSEnEFf/0Cp.KI0Z9CR6','matthewlowery@gnet.com','11111',0,1,''),
(183,'Jared Hill','2023-04-08','jaredhill','$2b$10$SJCUVhgTtYGYEfPYQWHKmeCMSUhM/vXKGSSEnEFf/0Cp.KI0Z9CR6','jaredhill@gnet.com','11111',0,1,''),
(184,'Jessica Horn','1962-04-12','jessicahorn','$2b$10$SJCUVhgTtYGYEfPYQWHKmeCMSUhM/vXKGSSEnEFf/0Cp.KI0Z9CR6','jessicahorn@gnet.com','11111',0,0,''),
(185,'Michael Gonzales','2001-04-20','michaelgonzales','$2b$10$SJCUVhgTtYGYEfPYQWHKmeCMSUhM/vXKGSSEnEFf/0Cp.KI0Z9CR6','michaelgonzales@gnet.com','11111',0,1,''),
(186,'Dr. Antonio Hendrix PhD','1932-10-20','dr.antoniohendrixphd','$2b$10$SJCUVhgTtYGYEfPYQWHKmeCMSUhM/vXKGSSEnEFf/0Cp.KI0Z9CR6','dr.antoniohendrixphd@gnet.com','11111',0,1,''),
(187,'John Herring','1964-10-18','johnherring','$2b$10$SJCUVhgTtYGYEfPYQWHKmeCMSUhM/vXKGSSEnEFf/0Cp.KI0Z9CR6','johnherring@gnet.com','11111',0,1,''),
(188,'Andrea Molina','1916-05-29','andreamolina','$2b$10$SJCUVhgTtYGYEfPYQWHKmeCMSUhM/vXKGSSEnEFf/0Cp.KI0Z9CR6','andreamolina@gnet.com','11111',0,0,''),
(189,'Matthew Castaneda','2007-05-26','matthewcastaneda','$2b$10$SJCUVhgTtYGYEfPYQWHKmeCMSUhM/vXKGSSEnEFf/0Cp.KI0Z9CR6','matthewcastaneda@gnet.com','11111',0,1,''),
(190,'Gabriela Terry','1914-12-18','gabrielaterry','$2b$10$SJCUVhgTtYGYEfPYQWHKmeCMSUhM/vXKGSSEnEFf/0Cp.KI0Z9CR6','gabrielaterry@gnet.com','11111',0,0,''),
(191,'David Ford','1998-06-19','davidford','$2b$10$SJCUVhgTtYGYEfPYQWHKmeCMSUhM/vXKGSSEnEFf/0Cp.KI0Z9CR6','davidford@gnet.com','11111',0,1,''),
(192,'Holly Chan','1909-11-22','hollychan','$2b$10$SJCUVhgTtYGYEfPYQWHKmeCMSUhM/vXKGSSEnEFf/0Cp.KI0Z9CR6','hollychan@gnet.com','11111',0,0,''),
(193,'Monica Frost','1913-11-19','monicafrost','$2b$10$SJCUVhgTtYGYEfPYQWHKmeCMSUhM/vXKGSSEnEFf/0Cp.KI0Z9CR6','monicafrost@gnet.com','11111',0,0,''),
(194,'Cynthia Thompson','1988-09-07','cynthiathompson','$2b$10$SJCUVhgTtYGYEfPYQWHKmeCMSUhM/vXKGSSEnEFf/0Cp.KI0Z9CR6','cynthiathompson@gnet.com','11111',0,0,''),
(195,'Brian Stewart','1987-07-22','brianstewart','$2b$10$SJCUVhgTtYGYEfPYQWHKmeCMSUhM/vXKGSSEnEFf/0Cp.KI0Z9CR6','brianstewart@gnet.com','11111',0,1,''),
(196,'Isaiah Ward','1996-02-07','isaiahward','$2b$10$SJCUVhgTtYGYEfPYQWHKmeCMSUhM/vXKGSSEnEFf/0Cp.KI0Z9CR6','isaiahward@gnet.com','11111',0,1,''),
(197,'Emma Conley','1909-09-13','emmaconley','$2b$10$SJCUVhgTtYGYEfPYQWHKmeCMSUhM/vXKGSSEnEFf/0Cp.KI0Z9CR6','emmaconley@gnet.com','11111',0,0,''),
(198,'Carol Pierce','1932-10-13','carolpierce','$2b$10$SJCUVhgTtYGYEfPYQWHKmeCMSUhM/vXKGSSEnEFf/0Cp.KI0Z9CR6','carolpierce@gnet.com','11111',0,0,''),
(199,'Bethany Proctor','1944-09-08','bethanyproctor','$2b$10$SJCUVhgTtYGYEfPYQWHKmeCMSUhM/vXKGSSEnEFf/0Cp.KI0Z9CR6','bethanyproctor@gnet.com','11111',0,0,''),
(200,'Jonathan Blair','1990-07-02','jonathanblair','$2b$10$SJCUVhgTtYGYEfPYQWHKmeCMSUhM/vXKGSSEnEFf/0Cp.KI0Z9CR6','jonathanblair@gnet.com','11111',0,1,''),
(201,'Virginia Lewis','1994-10-19','virginialewis','$2b$10$SJCUVhgTtYGYEfPYQWHKmeCMSUhM/vXKGSSEnEFf/0Cp.KI0Z9CR6','virginialewis@gnet.com','11111',0,0,''),
(202,'Anna Barker','1968-12-13','annabarker','$2b$10$SJCUVhgTtYGYEfPYQWHKmeCMSUhM/vXKGSSEnEFf/0Cp.KI0Z9CR6','annabarker@gnet.com','11111',0,0,''),
(203,'Steven Ward','1913-03-03','stevenward','$2b$10$SJCUVhgTtYGYEfPYQWHKmeCMSUhM/vXKGSSEnEFf/0Cp.KI0Z9CR6','stevenward@gnet.com','11111',0,1,''),
(204,'Jennifer Aguilar','1940-05-17','jenniferaguilar','$2b$10$SJCUVhgTtYGYEfPYQWHKmeCMSUhM/vXKGSSEnEFf/0Cp.KI0Z9CR6','jenniferaguilar@gnet.com','11111',0,0,''),
(205,'Michele Strickland DDS','1955-01-03','michelestricklanddds','$2b$10$SJCUVhgTtYGYEfPYQWHKmeCMSUhM/vXKGSSEnEFf/0Cp.KI0Z9CR6','michelestricklanddds@gnet.com','11111',0,0,''),
(206,'Victor Morgan','1994-09-20','victormorgan','$2b$10$SJCUVhgTtYGYEfPYQWHKmeCMSUhM/vXKGSSEnEFf/0Cp.KI0Z9CR6','victormorgan@gnet.com','11111',0,1,''),
(207,'Jordan Hampton','1967-07-30','jordanhampton','$2b$10$SJCUVhgTtYGYEfPYQWHKmeCMSUhM/vXKGSSEnEFf/0Cp.KI0Z9CR6','jordanhampton@gnet.com','11111',0,0,''),
(208,'Brian Riley','1969-12-21','brianriley','$2b$10$SJCUVhgTtYGYEfPYQWHKmeCMSUhM/vXKGSSEnEFf/0Cp.KI0Z9CR6','brianriley@gnet.com','11111',0,1,''),
(209,'Jessica Charles','1984-02-16','jessicacharles','$2b$10$SJCUVhgTtYGYEfPYQWHKmeCMSUhM/vXKGSSEnEFf/0Cp.KI0Z9CR6','jessicacharles@gnet.com','11111',0,0,''),
(210,'Andrew West','1965-09-14','andrewwest','$2b$10$SJCUVhgTtYGYEfPYQWHKmeCMSUhM/vXKGSSEnEFf/0Cp.KI0Z9CR6','andrewwest@gnet.com','11111',0,1,''),
(211,'Corey Martin','1914-05-10','coreymartin','$2b$10$SJCUVhgTtYGYEfPYQWHKmeCMSUhM/vXKGSSEnEFf/0Cp.KI0Z9CR6','coreymartin@gnet.com','11111',0,1,''),
(212,'Tracy Patel','1949-08-22','tracypatel','$2b$10$SJCUVhgTtYGYEfPYQWHKmeCMSUhM/vXKGSSEnEFf/0Cp.KI0Z9CR6','tracypatel@gnet.com','11111',0,0,''),
(213,'Phillip Bautista','1991-05-27','phillipbautista','$2b$10$SJCUVhgTtYGYEfPYQWHKmeCMSUhM/vXKGSSEnEFf/0Cp.KI0Z9CR6','phillipbautista@gnet.com','11111',0,1,''),
(214,'Michael Gilbert','1911-03-14','michaelgilbert','$2b$10$SJCUVhgTtYGYEfPYQWHKmeCMSUhM/vXKGSSEnEFf/0Cp.KI0Z9CR6','michaelgilbert@gnet.com','11111',0,1,''),
(215,'Shannon Johnson','1944-06-18','shannonjohnson','$2b$10$SJCUVhgTtYGYEfPYQWHKmeCMSUhM/vXKGSSEnEFf/0Cp.KI0Z9CR6','shannonjohnson@gnet.com','11111',0,0,''),
(216,'Sarah Hendricks','1915-07-07','sarahhendricks','$2b$10$SJCUVhgTtYGYEfPYQWHKmeCMSUhM/vXKGSSEnEFf/0Cp.KI0Z9CR6','sarahhendricks@gnet.com','11111',0,0,''),
(217,'Renee Chavez','1976-07-15','reneechavez','$2b$10$SJCUVhgTtYGYEfPYQWHKmeCMSUhM/vXKGSSEnEFf/0Cp.KI0Z9CR6','reneechavez@gnet.com','11111',0,0,''),
(218,'Vincent Wood','1923-08-13','vincentwood','$2b$10$SJCUVhgTtYGYEfPYQWHKmeCMSUhM/vXKGSSEnEFf/0Cp.KI0Z9CR6','vincentwood@gnet.com','11111',0,1,''),
(219,'Alicia Patel','1910-02-12','aliciapatel','$2b$10$SJCUVhgTtYGYEfPYQWHKmeCMSUhM/vXKGSSEnEFf/0Cp.KI0Z9CR6','aliciapatel@gnet.com','11111',0,0,''),
(220,'Ashley Davis','1956-05-02','ashleydavis','$2b$10$SJCUVhgTtYGYEfPYQWHKmeCMSUhM/vXKGSSEnEFf/0Cp.KI0Z9CR6','ashleydavis@gnet.com','11111',0,0,''),
(221,'Pedro Fox','2000-02-21','pedrofox','$2b$10$SJCUVhgTtYGYEfPYQWHKmeCMSUhM/vXKGSSEnEFf/0Cp.KI0Z9CR6','pedrofox@gnet.com','11111',0,1,''),
(222,'Jennifer Oneill','1936-08-11','jenniferoneill','$2b$10$SJCUVhgTtYGYEfPYQWHKmeCMSUhM/vXKGSSEnEFf/0Cp.KI0Z9CR6','jenniferoneill@gnet.com','11111',0,0,''),
(223,'Jordan Moore','1951-07-08','jordanmoore','$2b$10$SJCUVhgTtYGYEfPYQWHKmeCMSUhM/vXKGSSEnEFf/0Cp.KI0Z9CR6','jordanmoore@gnet.com','11111',0,1,''),
(224,'Tina Walker','1968-02-20','tinawalker','$2b$10$SJCUVhgTtYGYEfPYQWHKmeCMSUhM/vXKGSSEnEFf/0Cp.KI0Z9CR6','tinawalker@gnet.com','11111',0,0,''),
(225,'Robert Stevenson','1981-11-17','robertstevenson','$2b$10$SJCUVhgTtYGYEfPYQWHKmeCMSUhM/vXKGSSEnEFf/0Cp.KI0Z9CR6','robertstevenson@gnet.com','11111',0,1,''),
(226,'David Rodriguez','1917-12-09','davidrodriguez','$2b$10$SJCUVhgTtYGYEfPYQWHKmeCMSUhM/vXKGSSEnEFf/0Cp.KI0Z9CR6','davidrodriguez@gnet.com','11111',0,1,''),
(227,'Eric Perez','1948-05-05','ericperez','$2b$10$SJCUVhgTtYGYEfPYQWHKmeCMSUhM/vXKGSSEnEFf/0Cp.KI0Z9CR6','ericperez@gnet.com','11111',0,1,''),
(228,'Geoffrey Gray','1918-12-17','geoffreygray','$2b$10$SJCUVhgTtYGYEfPYQWHKmeCMSUhM/vXKGSSEnEFf/0Cp.KI0Z9CR6','geoffreygray@gnet.com','11111',0,1,''),
(229,'George Adams','1946-10-30','georgeadams','$2b$10$SJCUVhgTtYGYEfPYQWHKmeCMSUhM/vXKGSSEnEFf/0Cp.KI0Z9CR6','georgeadams@gnet.com','11111',0,1,''),
(230,'Brian Castaneda','2017-03-19','briancastaneda','$2b$10$SJCUVhgTtYGYEfPYQWHKmeCMSUhM/vXKGSSEnEFf/0Cp.KI0Z9CR6','briancastaneda@gnet.com','11111',0,1,''),
(231,'Robert Mcintosh','1978-12-04','robertmcintosh','$2b$10$SJCUVhgTtYGYEfPYQWHKmeCMSUhM/vXKGSSEnEFf/0Cp.KI0Z9CR6','robertmcintosh@gnet.com','11111',0,1,''),
(232,'Jeffrey Medina','1978-05-08','jeffreymedina','$2b$10$SJCUVhgTtYGYEfPYQWHKmeCMSUhM/vXKGSSEnEFf/0Cp.KI0Z9CR6','jeffreymedina@gnet.com','11111',0,1,''),
(233,'Rebecca Neal','2011-12-04','rebeccaneal','$2b$10$SJCUVhgTtYGYEfPYQWHKmeCMSUhM/vXKGSSEnEFf/0Cp.KI0Z9CR6','rebeccaneal@gnet.com','11111',0,0,''),
(234,'Christopher Miller','1927-04-19','christophermiller','$2b$10$SJCUVhgTtYGYEfPYQWHKmeCMSUhM/vXKGSSEnEFf/0Cp.KI0Z9CR6','christophermiller@gnet.com','11111',0,1,''),
(235,'Veronica Briggs','2010-02-05','veronicabriggs','$2b$10$SJCUVhgTtYGYEfPYQWHKmeCMSUhM/vXKGSSEnEFf/0Cp.KI0Z9CR6','veronicabriggs@gnet.com','11111',0,0,''),
(236,'Donna Sanchez','1954-05-05','donnasanchez','$2b$10$SJCUVhgTtYGYEfPYQWHKmeCMSUhM/vXKGSSEnEFf/0Cp.KI0Z9CR6','donnasanchez@gnet.com','11111',0,0,''),
(237,'Mrs. Danielle Vega','2005-08-26','mrs.daniellevega','$2b$10$SJCUVhgTtYGYEfPYQWHKmeCMSUhM/vXKGSSEnEFf/0Cp.KI0Z9CR6','mrs.daniellevega@gnet.com','11111',0,0,''),
(238,'Francisco Hubbard','1969-10-21','franciscohubbard','$2b$10$SJCUVhgTtYGYEfPYQWHKmeCMSUhM/vXKGSSEnEFf/0Cp.KI0Z9CR6','franciscohubbard@gnet.com','11111',0,1,''),
(239,'Peter Rogers','1917-01-23','peterrogers','$2b$10$SJCUVhgTtYGYEfPYQWHKmeCMSUhM/vXKGSSEnEFf/0Cp.KI0Z9CR6','peterrogers@gnet.com','11111',0,1,''),
(240,'Betty Reynolds','1988-01-01','bettyreynolds','$2b$10$SJCUVhgTtYGYEfPYQWHKmeCMSUhM/vXKGSSEnEFf/0Cp.KI0Z9CR6','bettyreynolds@gnet.com','11111',0,0,''),
(241,'Regina Lloyd','2006-05-27','reginalloyd','$2b$10$SJCUVhgTtYGYEfPYQWHKmeCMSUhM/vXKGSSEnEFf/0Cp.KI0Z9CR6','reginalloyd@gnet.com','11111',0,0,''),
(242,'James Fox','1938-04-19','jamesfox','$2b$10$SJCUVhgTtYGYEfPYQWHKmeCMSUhM/vXKGSSEnEFf/0Cp.KI0Z9CR6','jamesfox@gnet.com','11111',0,1,''),
(243,'Randy Gonzalez','1931-11-06','randygonzalez','$2b$10$SJCUVhgTtYGYEfPYQWHKmeCMSUhM/vXKGSSEnEFf/0Cp.KI0Z9CR6','randygonzalez@gnet.com','11111',0,1,''),
(244,'Colin Riley','1968-08-22','colinriley','$2b$10$SJCUVhgTtYGYEfPYQWHKmeCMSUhM/vXKGSSEnEFf/0Cp.KI0Z9CR6','colinriley@gnet.com','11111',0,1,''),
(245,'Linda Wright','1985-10-24','lindawright','$2b$10$SJCUVhgTtYGYEfPYQWHKmeCMSUhM/vXKGSSEnEFf/0Cp.KI0Z9CR6','lindawright@gnet.com','11111',0,0,''),
(246,'Frederick Gonzalez','2019-11-27','frederickgonzalez','$2b$10$SJCUVhgTtYGYEfPYQWHKmeCMSUhM/vXKGSSEnEFf/0Cp.KI0Z9CR6','frederickgonzalez@gnet.com','11111',0,1,''),
(247,'Tiffany Brewer','1955-07-29','tiffanybrewer','$2b$10$SJCUVhgTtYGYEfPYQWHKmeCMSUhM/vXKGSSEnEFf/0Cp.KI0Z9CR6','tiffanybrewer@gnet.com','11111',0,0,''),
(248,'Sandra Webb','1921-02-13','sandrawebb','$2b$10$SJCUVhgTtYGYEfPYQWHKmeCMSUhM/vXKGSSEnEFf/0Cp.KI0Z9CR6','sandrawebb@gnet.com','11111',0,0,''),
(249,'Jennifer Pierce DDS','1954-02-10','jenniferpiercedds','$2b$10$SJCUVhgTtYGYEfPYQWHKmeCMSUhM/vXKGSSEnEFf/0Cp.KI0Z9CR6','jenniferpiercedds@gnet.com','11111',0,0,''),
(250,'Charles Thomas','1981-09-14','charlesthomas','$2b$10$SJCUVhgTtYGYEfPYQWHKmeCMSUhM/vXKGSSEnEFf/0Cp.KI0Z9CR6','charlesthomas@gnet.com','11111',0,1,''),
(251,'Shannon Baxter','2001-12-05','shannonbaxter','$2b$10$SJCUVhgTtYGYEfPYQWHKmeCMSUhM/vXKGSSEnEFf/0Cp.KI0Z9CR6','shannonbaxter@gnet.com','11111',0,0,''),
(252,'Tyler Campbell','1909-06-27','tylercampbell','$2b$10$SJCUVhgTtYGYEfPYQWHKmeCMSUhM/vXKGSSEnEFf/0Cp.KI0Z9CR6','tylercampbell@gnet.com','11111',0,1,''),
(253,'Patrick Wallace','2004-11-15','patrickwallace','$2b$10$SJCUVhgTtYGYEfPYQWHKmeCMSUhM/vXKGSSEnEFf/0Cp.KI0Z9CR6','patrickwallace@gnet.com','11111',0,1,''),
(254,'Brent Jones','1995-09-27','brentjones','$2b$10$SJCUVhgTtYGYEfPYQWHKmeCMSUhM/vXKGSSEnEFf/0Cp.KI0Z9CR6','brentjones@gnet.com','11111',0,1,''),
(255,'Anthony Waller','1963-04-04','anthonywaller','$2b$10$SJCUVhgTtYGYEfPYQWHKmeCMSUhM/vXKGSSEnEFf/0Cp.KI0Z9CR6','anthonywaller@gnet.com','11111',0,1,''),
(256,'Charles Clark','1989-10-21','charlesclark','$2b$10$SJCUVhgTtYGYEfPYQWHKmeCMSUhM/vXKGSSEnEFf/0Cp.KI0Z9CR6','charlesclark@gnet.com','11111',0,1,''),
(257,'Rebecca Frederick','2011-07-02','rebeccafrederick','$2b$10$SJCUVhgTtYGYEfPYQWHKmeCMSUhM/vXKGSSEnEFf/0Cp.KI0Z9CR6','rebeccafrederick@gnet.com','11111',0,0,''),
(258,'Robert Moran','1966-08-10','robertmoran','$2b$10$SJCUVhgTtYGYEfPYQWHKmeCMSUhM/vXKGSSEnEFf/0Cp.KI0Z9CR6','robertmoran@gnet.com','11111',0,1,''),
(259,'Michael Dyer','1985-05-19','michaeldyer','$2b$10$SJCUVhgTtYGYEfPYQWHKmeCMSUhM/vXKGSSEnEFf/0Cp.KI0Z9CR6','michaeldyer@gnet.com','11111',0,1,''),
(260,'Kelly Sanchez','2010-01-09','kellysanchez','$2b$10$SJCUVhgTtYGYEfPYQWHKmeCMSUhM/vXKGSSEnEFf/0Cp.KI0Z9CR6','kellysanchez@gnet.com','11111',0,0,''),
(261,'James Bell','1942-04-24','jamesbell','$2b$10$SJCUVhgTtYGYEfPYQWHKmeCMSUhM/vXKGSSEnEFf/0Cp.KI0Z9CR6','jamesbell@gnet.com','11111',0,1,''),
(262,'Francisco Martinez','2009-01-10','franciscomartinez','$2b$10$SJCUVhgTtYGYEfPYQWHKmeCMSUhM/vXKGSSEnEFf/0Cp.KI0Z9CR6','franciscomartinez@gnet.com','11111',0,1,''),
(263,'Connor Turner','1965-07-14','connorturner','$2b$10$SJCUVhgTtYGYEfPYQWHKmeCMSUhM/vXKGSSEnEFf/0Cp.KI0Z9CR6','connorturner@gnet.com','11111',0,1,''),
(264,'Nicole Hill','2007-06-18','nicolehill','$2b$10$SJCUVhgTtYGYEfPYQWHKmeCMSUhM/vXKGSSEnEFf/0Cp.KI0Z9CR6','nicolehill@gnet.com','11111',0,0,''),
(265,'Samantha Riddle','1909-11-15','samanthariddle','$2b$10$SJCUVhgTtYGYEfPYQWHKmeCMSUhM/vXKGSSEnEFf/0Cp.KI0Z9CR6','samanthariddle@gnet.com','11111',0,0,''),
(266,'William Ellis','1918-11-06','williamellis','$2b$10$SJCUVhgTtYGYEfPYQWHKmeCMSUhM/vXKGSSEnEFf/0Cp.KI0Z9CR6','williamellis@gnet.com','11111',0,1,''),
(267,'Jerry Finley','1935-03-13','jerryfinley','$2b$10$SJCUVhgTtYGYEfPYQWHKmeCMSUhM/vXKGSSEnEFf/0Cp.KI0Z9CR6','jerryfinley@gnet.com','11111',0,1,''),
(268,'Dr. Brittany Romero','1931-04-30','dr.brittanyromero','$2b$10$SJCUVhgTtYGYEfPYQWHKmeCMSUhM/vXKGSSEnEFf/0Cp.KI0Z9CR6','dr.brittanyromero@gnet.com','11111',0,0,''),
(269,'Joseph Rich','1995-02-28','josephrich','$2b$10$SJCUVhgTtYGYEfPYQWHKmeCMSUhM/vXKGSSEnEFf/0Cp.KI0Z9CR6','josephrich@gnet.com','11111',0,1,''),
(270,'Gina Smith','2013-08-29','ginasmith','$2b$10$SJCUVhgTtYGYEfPYQWHKmeCMSUhM/vXKGSSEnEFf/0Cp.KI0Z9CR6','ginasmith@gnet.com','11111',0,0,''),
(271,'Daniel Reynolds','1939-11-10','danielreynolds','$2b$10$SJCUVhgTtYGYEfPYQWHKmeCMSUhM/vXKGSSEnEFf/0Cp.KI0Z9CR6','danielreynolds@gnet.com','11111',0,1,''),
(272,'Willie Gonzalez','1983-06-02','williegonzalez','$2b$10$SJCUVhgTtYGYEfPYQWHKmeCMSUhM/vXKGSSEnEFf/0Cp.KI0Z9CR6','williegonzalez@gnet.com','11111',0,1,''),
(273,'Michelle Burton','1975-12-18','michelleburton','$2b$10$SJCUVhgTtYGYEfPYQWHKmeCMSUhM/vXKGSSEnEFf/0Cp.KI0Z9CR6','michelleburton@gnet.com','11111',0,0,''),
(274,'William Holt','1995-02-19','williamholt','$2b$10$SJCUVhgTtYGYEfPYQWHKmeCMSUhM/vXKGSSEnEFf/0Cp.KI0Z9CR6','williamholt@gnet.com','11111',0,1,''),
(275,'Sandra Burnett','1928-04-17','sandraburnett','$2b$10$SJCUVhgTtYGYEfPYQWHKmeCMSUhM/vXKGSSEnEFf/0Cp.KI0Z9CR6','sandraburnett@gnet.com','11111',0,0,''),
(276,'Brian Preston','1936-01-24','brianpreston','$2b$10$SJCUVhgTtYGYEfPYQWHKmeCMSUhM/vXKGSSEnEFf/0Cp.KI0Z9CR6','brianpreston@gnet.com','11111',0,1,''),
(277,'Megan Rodriguez','1988-08-21','meganrodriguez','$2b$10$SJCUVhgTtYGYEfPYQWHKmeCMSUhM/vXKGSSEnEFf/0Cp.KI0Z9CR6','meganrodriguez@gnet.com','11111',0,0,''),
(278,'Richard Wilson','1998-06-21','richardwilson','$2b$10$SJCUVhgTtYGYEfPYQWHKmeCMSUhM/vXKGSSEnEFf/0Cp.KI0Z9CR6','richardwilson@gnet.com','11111',0,1,''),
(279,'Meghan Benson','2013-07-29','meghanbenson','$2b$10$SJCUVhgTtYGYEfPYQWHKmeCMSUhM/vXKGSSEnEFf/0Cp.KI0Z9CR6','meghanbenson@gnet.com','11111',0,0,''),
(280,'Tiffany Becker','1982-01-23','tiffanybecker','$2b$10$SJCUVhgTtYGYEfPYQWHKmeCMSUhM/vXKGSSEnEFf/0Cp.KI0Z9CR6','tiffanybecker@gnet.com','11111',0,0,''),
(281,'Gabriela Cruz','2007-03-21','gabrielacruz','$2b$10$SJCUVhgTtYGYEfPYQWHKmeCMSUhM/vXKGSSEnEFf/0Cp.KI0Z9CR6','gabrielacruz@gnet.com','11111',0,0,''),
(282,'Wendy Hernandez','1934-07-30','wendyhernandez','$2b$10$SJCUVhgTtYGYEfPYQWHKmeCMSUhM/vXKGSSEnEFf/0Cp.KI0Z9CR6','wendyhernandez@gnet.com','11111',0,0,''),
(283,'Jacob Jackson','2012-06-17','jacobjackson','$2b$10$SJCUVhgTtYGYEfPYQWHKmeCMSUhM/vXKGSSEnEFf/0Cp.KI0Z9CR6','jacobjackson@gnet.com','11111',0,1,''),
(284,'Casey Smith','1964-07-18','caseysmith','$2b$10$SJCUVhgTtYGYEfPYQWHKmeCMSUhM/vXKGSSEnEFf/0Cp.KI0Z9CR6','caseysmith@gnet.com','11111',0,0,''),
(285,'David Ortega','1954-01-20','davidortega','$2b$10$SJCUVhgTtYGYEfPYQWHKmeCMSUhM/vXKGSSEnEFf/0Cp.KI0Z9CR6','davidortega@gnet.com','11111',0,1,''),
(286,'Brittney Flores','1939-12-11','brittneyflores','$2b$10$SJCUVhgTtYGYEfPYQWHKmeCMSUhM/vXKGSSEnEFf/0Cp.KI0Z9CR6','brittneyflores@gnet.com','11111',0,0,''),
(287,'Tara Rodriguez PhD','1990-04-08','tararodriguezphd','$2b$10$SJCUVhgTtYGYEfPYQWHKmeCMSUhM/vXKGSSEnEFf/0Cp.KI0Z9CR6','tararodriguezphd@gnet.com','11111',0,0,''),
(288,'Cheryl Watts','2005-11-06','cherylwatts','$2b$10$SJCUVhgTtYGYEfPYQWHKmeCMSUhM/vXKGSSEnEFf/0Cp.KI0Z9CR6','cherylwatts@gnet.com','11111',0,0,''),
(289,'Sabrina Cruz','1917-05-10','sabrinacruz','$2b$10$SJCUVhgTtYGYEfPYQWHKmeCMSUhM/vXKGSSEnEFf/0Cp.KI0Z9CR6','sabrinacruz@gnet.com','11111',0,0,''),
(290,'Kaitlyn Price','1969-12-29','kaitlynprice','$2b$10$SJCUVhgTtYGYEfPYQWHKmeCMSUhM/vXKGSSEnEFf/0Cp.KI0Z9CR6','kaitlynprice@gnet.com','11111',0,0,''),
(291,'Deborah Johnson','2002-01-14','deborahjohnson','$2b$10$SJCUVhgTtYGYEfPYQWHKmeCMSUhM/vXKGSSEnEFf/0Cp.KI0Z9CR6','deborahjohnson@gnet.com','11111',0,0,''),
(292,'Dana Skinner','1926-11-11','danaskinner','$2b$10$SJCUVhgTtYGYEfPYQWHKmeCMSUhM/vXKGSSEnEFf/0Cp.KI0Z9CR6','danaskinner@gnet.com','11111',0,0,''),
(293,'Emily Downs','2010-08-12','emilydowns','$2b$10$SJCUVhgTtYGYEfPYQWHKmeCMSUhM/vXKGSSEnEFf/0Cp.KI0Z9CR6','emilydowns@gnet.com','11111',0,0,''),
(294,'Kevin Arnold','1970-09-22','kevinarnold','$2b$10$SJCUVhgTtYGYEfPYQWHKmeCMSUhM/vXKGSSEnEFf/0Cp.KI0Z9CR6','kevinarnold@gnet.com','11111',0,1,''),
(295,'Jonathan Michael','1913-06-08','jonathanmichael','$2b$10$SJCUVhgTtYGYEfPYQWHKmeCMSUhM/vXKGSSEnEFf/0Cp.KI0Z9CR6','jonathanmichael@gnet.com','11111',0,1,''),
(296,'Andrew Riggs','1938-06-27','andrewriggs','$2b$10$SJCUVhgTtYGYEfPYQWHKmeCMSUhM/vXKGSSEnEFf/0Cp.KI0Z9CR6','andrewriggs@gnet.com','11111',0,1,''),
(297,'Megan Johnson','1933-10-03','meganjohnson','$2b$10$SJCUVhgTtYGYEfPYQWHKmeCMSUhM/vXKGSSEnEFf/0Cp.KI0Z9CR6','meganjohnson@gnet.com','11111',0,0,''),
(298,'Scott Mason','1962-10-13','scottmason','$2b$10$SJCUVhgTtYGYEfPYQWHKmeCMSUhM/vXKGSSEnEFf/0Cp.KI0Z9CR6','scottmason@gnet.com','11111',0,1,''),
(299,'Victoria Allen','1921-09-17','victoriaallen','$2b$10$SJCUVhgTtYGYEfPYQWHKmeCMSUhM/vXKGSSEnEFf/0Cp.KI0Z9CR6','victoriaallen@gnet.com','11111',0,0,''),
(300,'Jenna Le','2004-12-11','jennale','$2b$10$SJCUVhgTtYGYEfPYQWHKmeCMSUhM/vXKGSSEnEFf/0Cp.KI0Z9CR6','jennale@gnet.com','11111',0,0,''),
(301,'Patrick Avila','1944-03-16','patrickavila','$2b$10$SJCUVhgTtYGYEfPYQWHKmeCMSUhM/vXKGSSEnEFf/0Cp.KI0Z9CR6','patrickavila@gnet.com','11111',0,1,''),
(302,'Peter Hensley','2016-08-14','peterhensley','$2b$10$SJCUVhgTtYGYEfPYQWHKmeCMSUhM/vXKGSSEnEFf/0Cp.KI0Z9CR6','peterhensley@gnet.com','11111',0,1,''),
(303,'Scott Martinez','1984-07-15','scottmartinez','$2b$10$SJCUVhgTtYGYEfPYQWHKmeCMSUhM/vXKGSSEnEFf/0Cp.KI0Z9CR6','scottmartinez@gnet.com','11111',0,1,''),
(304,'Ashley Combs','1991-06-14','ashleycombs','$2b$10$SJCUVhgTtYGYEfPYQWHKmeCMSUhM/vXKGSSEnEFf/0Cp.KI0Z9CR6','ashleycombs@gnet.com','11111',0,0,''),
(305,'Kristin Decker','1928-12-03','kristindecker','$2b$10$SJCUVhgTtYGYEfPYQWHKmeCMSUhM/vXKGSSEnEFf/0Cp.KI0Z9CR6','kristindecker@gnet.com','11111',0,0,''),
(306,'Timothy Thompson','1918-10-13','timothythompson','$2b$10$SJCUVhgTtYGYEfPYQWHKmeCMSUhM/vXKGSSEnEFf/0Cp.KI0Z9CR6','timothythompson@gnet.com','11111',0,1,''),
(307,'Samantha Jackson','1909-04-06','samanthajackson','$2b$10$SJCUVhgTtYGYEfPYQWHKmeCMSUhM/vXKGSSEnEFf/0Cp.KI0Z9CR6','samanthajackson@gnet.com','11111',0,0,''),
(308,'Pamela Hunter','1981-02-25','pamelahunter','$2b$10$SJCUVhgTtYGYEfPYQWHKmeCMSUhM/vXKGSSEnEFf/0Cp.KI0Z9CR6','pamelahunter@gnet.com','11111',0,0,''),
(309,'Kathleen Gutierrez','2006-12-30','kathleengutierrez','$2b$10$SJCUVhgTtYGYEfPYQWHKmeCMSUhM/vXKGSSEnEFf/0Cp.KI0Z9CR6','kathleengutierrez@gnet.com','11111',0,0,''),
(310,'Jade Hoffman','1931-02-19','jadehoffman','$2b$10$SJCUVhgTtYGYEfPYQWHKmeCMSUhM/vXKGSSEnEFf/0Cp.KI0Z9CR6','jadehoffman@gnet.com','11111',0,0,''),
(311,'Nathaniel Andrews','1939-01-05','nathanielandrews','$2b$10$SJCUVhgTtYGYEfPYQWHKmeCMSUhM/vXKGSSEnEFf/0Cp.KI0Z9CR6','nathanielandrews@gnet.com','11111',0,1,''),
(312,'Alexis Ruiz','1988-02-12','alexisruiz','$2b$10$SJCUVhgTtYGYEfPYQWHKmeCMSUhM/vXKGSSEnEFf/0Cp.KI0Z9CR6','alexisruiz@gnet.com','11111',0,0,''),
(313,'Brittany Johnston','1921-03-26','brittanyjohnston','$2b$10$SJCUVhgTtYGYEfPYQWHKmeCMSUhM/vXKGSSEnEFf/0Cp.KI0Z9CR6','brittanyjohnston@gnet.com','11111',0,0,''),
(314,'Aaron Stone','2008-09-22','aaronstone','$2b$10$SJCUVhgTtYGYEfPYQWHKmeCMSUhM/vXKGSSEnEFf/0Cp.KI0Z9CR6','aaronstone@gnet.com','11111',0,1,''),
(315,'Tanya Hoffman','2022-08-13','tanyahoffman','$2b$10$SJCUVhgTtYGYEfPYQWHKmeCMSUhM/vXKGSSEnEFf/0Cp.KI0Z9CR6','tanyahoffman@gnet.com','11111',0,0,''),
(316,'Bonnie Brown','2003-01-26','bonniebrown','$2b$10$SJCUVhgTtYGYEfPYQWHKmeCMSUhM/vXKGSSEnEFf/0Cp.KI0Z9CR6','bonniebrown@gnet.com','11111',0,0,''),
(317,'Katie Clark','1919-06-22','katieclark','$2b$10$SJCUVhgTtYGYEfPYQWHKmeCMSUhM/vXKGSSEnEFf/0Cp.KI0Z9CR6','katieclark@gnet.com','11111',0,0,''),
(318,'Nichole Smith','1932-05-20','nicholesmith','$2b$10$SJCUVhgTtYGYEfPYQWHKmeCMSUhM/vXKGSSEnEFf/0Cp.KI0Z9CR6','nicholesmith@gnet.com','11111',0,0,''),
(319,'Steven Lee','1993-12-05','stevenlee','$2b$10$SJCUVhgTtYGYEfPYQWHKmeCMSUhM/vXKGSSEnEFf/0Cp.KI0Z9CR6','stevenlee@gnet.com','11111',0,1,''),
(320,'Michael Hammond','1939-08-04','michaelhammond','$2b$10$SJCUVhgTtYGYEfPYQWHKmeCMSUhM/vXKGSSEnEFf/0Cp.KI0Z9CR6','michaelhammond@gnet.com','11111',0,1,''),
(321,'Anna Reid','1966-08-18','annareid','$2b$10$SJCUVhgTtYGYEfPYQWHKmeCMSUhM/vXKGSSEnEFf/0Cp.KI0Z9CR6','annareid@gnet.com','11111',0,0,''),
(322,'Michael Gutierrez','1945-08-01','michaelgutierrez','$2b$10$SJCUVhgTtYGYEfPYQWHKmeCMSUhM/vXKGSSEnEFf/0Cp.KI0Z9CR6','michaelgutierrez@gnet.com','11111',0,1,''),
(323,'Donna Roman','1931-09-08','donnaroman','$2b$10$SJCUVhgTtYGYEfPYQWHKmeCMSUhM/vXKGSSEnEFf/0Cp.KI0Z9CR6','donnaroman@gnet.com','11111',0,0,''),
(324,'Lisa Henson','1963-11-10','lisahenson','$2b$10$SJCUVhgTtYGYEfPYQWHKmeCMSUhM/vXKGSSEnEFf/0Cp.KI0Z9CR6','lisahenson@gnet.com','11111',0,0,''),
(325,'Tammie Vasquez','1954-03-19','tammievasquez','$2b$10$SJCUVhgTtYGYEfPYQWHKmeCMSUhM/vXKGSSEnEFf/0Cp.KI0Z9CR6','tammievasquez@gnet.com','11111',0,0,''),
(326,'Kelly Lee','1970-01-03','kellylee','$2b$10$SJCUVhgTtYGYEfPYQWHKmeCMSUhM/vXKGSSEnEFf/0Cp.KI0Z9CR6','kellylee@gnet.com','11111',0,0,''),
(327,'Curtis Summers','2006-02-20','curtissummers','$2b$10$SJCUVhgTtYGYEfPYQWHKmeCMSUhM/vXKGSSEnEFf/0Cp.KI0Z9CR6','curtissummers@gnet.com','11111',0,1,''),
(328,'Melissa Morse','1978-07-02','melissamorse','$2b$10$SJCUVhgTtYGYEfPYQWHKmeCMSUhM/vXKGSSEnEFf/0Cp.KI0Z9CR6','melissamorse@gnet.com','11111',0,0,''),
(329,'Wayne Rodriguez','2013-09-25','waynerodriguez','$2b$10$SJCUVhgTtYGYEfPYQWHKmeCMSUhM/vXKGSSEnEFf/0Cp.KI0Z9CR6','waynerodriguez@gnet.com','11111',0,1,''),
(330,'Cynthia Ingram','1920-12-10','cynthiaingram','$2b$10$SJCUVhgTtYGYEfPYQWHKmeCMSUhM/vXKGSSEnEFf/0Cp.KI0Z9CR6','cynthiaingram@gnet.com','11111',0,0,''),
(331,'Jamie Fox','1980-10-02','jamiefox','$2b$10$SJCUVhgTtYGYEfPYQWHKmeCMSUhM/vXKGSSEnEFf/0Cp.KI0Z9CR6','jamiefox@gnet.com','11111',0,0,''),
(332,'Anthony Haynes','1989-11-22','anthonyhaynes','$2b$10$SJCUVhgTtYGYEfPYQWHKmeCMSUhM/vXKGSSEnEFf/0Cp.KI0Z9CR6','anthonyhaynes@gnet.com','11111',0,1,''),
(333,'Jeremy King','2020-12-19','jeremyking','$2b$10$SJCUVhgTtYGYEfPYQWHKmeCMSUhM/vXKGSSEnEFf/0Cp.KI0Z9CR6','jeremyking@gnet.com','11111',0,1,''),
(334,'Sara Ramos','2004-08-25','sararamos','$2b$10$SJCUVhgTtYGYEfPYQWHKmeCMSUhM/vXKGSSEnEFf/0Cp.KI0Z9CR6','sararamos@gnet.com','11111',0,0,''),
(335,'Justin Wright','1975-11-17','justinwright','$2b$10$SJCUVhgTtYGYEfPYQWHKmeCMSUhM/vXKGSSEnEFf/0Cp.KI0Z9CR6','justinwright@gnet.com','11111',0,1,''),
(336,'Alyssa Ray','1910-12-15','alyssaray','$2b$10$SJCUVhgTtYGYEfPYQWHKmeCMSUhM/vXKGSSEnEFf/0Cp.KI0Z9CR6','alyssaray@gnet.com','11111',0,0,''),
(337,'Patricia Brown','1967-05-14','patriciabrown','$2b$10$SJCUVhgTtYGYEfPYQWHKmeCMSUhM/vXKGSSEnEFf/0Cp.KI0Z9CR6','patriciabrown@gnet.com','11111',0,0,''),
(338,'Charles Rogers DDS','2011-09-04','charlesrogersdds','$2b$10$SJCUVhgTtYGYEfPYQWHKmeCMSUhM/vXKGSSEnEFf/0Cp.KI0Z9CR6','charlesrogersdds@gnet.com','11111',0,1,''),
(339,'Joseph Scott','1967-07-26','josephscott','$2b$10$SJCUVhgTtYGYEfPYQWHKmeCMSUhM/vXKGSSEnEFf/0Cp.KI0Z9CR6','josephscott@gnet.com','11111',0,1,''),
(340,'Nicholas Fuller','1960-01-16','nicholasfuller','$2b$10$SJCUVhgTtYGYEfPYQWHKmeCMSUhM/vXKGSSEnEFf/0Cp.KI0Z9CR6','nicholasfuller@gnet.com','11111',0,1,''),
(341,'Kristi Miles','1985-04-10','kristimiles','$2b$10$SJCUVhgTtYGYEfPYQWHKmeCMSUhM/vXKGSSEnEFf/0Cp.KI0Z9CR6','kristimiles@gnet.com','11111',0,0,''),
(342,'Brady Fuentes','1908-04-16','bradyfuentes','$2b$10$SJCUVhgTtYGYEfPYQWHKmeCMSUhM/vXKGSSEnEFf/0Cp.KI0Z9CR6','bradyfuentes@gnet.com','11111',0,1,''),
(343,'Becky Oconnor','1995-01-22','beckyoconnor','$2b$10$SJCUVhgTtYGYEfPYQWHKmeCMSUhM/vXKGSSEnEFf/0Cp.KI0Z9CR6','beckyoconnor@gnet.com','11111',0,0,''),
(344,'Elizabeth Rojas','1949-07-02','elizabethrojas','$2b$10$SJCUVhgTtYGYEfPYQWHKmeCMSUhM/vXKGSSEnEFf/0Cp.KI0Z9CR6','elizabethrojas@gnet.com','11111',0,0,''),
(345,'James Mcfarland','1931-11-26','jamesmcfarland','$2b$10$SJCUVhgTtYGYEfPYQWHKmeCMSUhM/vXKGSSEnEFf/0Cp.KI0Z9CR6','jamesmcfarland@gnet.com','11111',0,1,''),
(346,'Rachel Richmond','1954-04-19','rachelrichmond','$2b$10$SJCUVhgTtYGYEfPYQWHKmeCMSUhM/vXKGSSEnEFf/0Cp.KI0Z9CR6','rachelrichmond@gnet.com','11111',0,0,''),
(347,'Jimmy Baldwin','1993-01-17','jimmybaldwin','$2b$10$SJCUVhgTtYGYEfPYQWHKmeCMSUhM/vXKGSSEnEFf/0Cp.KI0Z9CR6','jimmybaldwin@gnet.com','11111',0,1,''),
(348,'Kara Arias','1960-03-24','karaarias','$2b$10$SJCUVhgTtYGYEfPYQWHKmeCMSUhM/vXKGSSEnEFf/0Cp.KI0Z9CR6','karaarias@gnet.com','11111',0,0,''),
(349,'Eric Neal','1973-01-11','ericneal','$2b$10$SJCUVhgTtYGYEfPYQWHKmeCMSUhM/vXKGSSEnEFf/0Cp.KI0Z9CR6','ericneal@gnet.com','11111',0,1,''),
(350,'Juan Hall','1935-11-07','juanhall','$2b$10$SJCUVhgTtYGYEfPYQWHKmeCMSUhM/vXKGSSEnEFf/0Cp.KI0Z9CR6','juanhall@gnet.com','11111',0,1,''),
(351,'Zachary Spears','1960-09-12','zacharyspears','$2b$10$SJCUVhgTtYGYEfPYQWHKmeCMSUhM/vXKGSSEnEFf/0Cp.KI0Z9CR6','zacharyspears@gnet.com','11111',0,1,''),
(352,'Brian Salinas','1980-06-01','briansalinas','$2b$10$SJCUVhgTtYGYEfPYQWHKmeCMSUhM/vXKGSSEnEFf/0Cp.KI0Z9CR6','briansalinas@gnet.com','11111',0,1,''),
(353,'Nicholas Zamora','1938-07-13','nicholaszamora','$2b$10$SJCUVhgTtYGYEfPYQWHKmeCMSUhM/vXKGSSEnEFf/0Cp.KI0Z9CR6','nicholaszamora@gnet.com','11111',0,1,''),
(354,'Stephanie Edwards','1922-12-27','stephanieedwards','$2b$10$SJCUVhgTtYGYEfPYQWHKmeCMSUhM/vXKGSSEnEFf/0Cp.KI0Z9CR6','stephanieedwards@gnet.com','11111',0,0,''),
(355,'William Ashley','1981-01-19','williamashley','$2b$10$SJCUVhgTtYGYEfPYQWHKmeCMSUhM/vXKGSSEnEFf/0Cp.KI0Z9CR6','williamashley@gnet.com','11111',0,1,''),
(356,'Robert Martinez','1922-08-08','robertmartinez','$2b$10$SJCUVhgTtYGYEfPYQWHKmeCMSUhM/vXKGSSEnEFf/0Cp.KI0Z9CR6','robertmartinez@gnet.com','11111',0,1,''),
(357,'James Smith','1946-05-05','jamessmith','$2b$10$SJCUVhgTtYGYEfPYQWHKmeCMSUhM/vXKGSSEnEFf/0Cp.KI0Z9CR6','jamessmith@gnet.com','11111',0,1,''),
(358,'Robert Scott','1966-01-31','robertscott','$2b$10$SJCUVhgTtYGYEfPYQWHKmeCMSUhM/vXKGSSEnEFf/0Cp.KI0Z9CR6','robertscott@gnet.com','11111',0,1,''),
(359,'Amber Martinez','1981-05-25','ambermartinez','$2b$10$SJCUVhgTtYGYEfPYQWHKmeCMSUhM/vXKGSSEnEFf/0Cp.KI0Z9CR6','ambermartinez@gnet.com','11111',0,0,''),
(360,'Samantha Byrd','1970-06-01','samanthabyrd','$2b$10$SJCUVhgTtYGYEfPYQWHKmeCMSUhM/vXKGSSEnEFf/0Cp.KI0Z9CR6','samanthabyrd@gnet.com','11111',0,0,''),
(361,'Kristin Allen','1967-12-30','kristinallen','$2b$10$SJCUVhgTtYGYEfPYQWHKmeCMSUhM/vXKGSSEnEFf/0Cp.KI0Z9CR6','kristinallen@gnet.com','11111',0,0,''),
(362,'Michael Melton','1971-08-23','michaelmelton','$2b$10$SJCUVhgTtYGYEfPYQWHKmeCMSUhM/vXKGSSEnEFf/0Cp.KI0Z9CR6','michaelmelton@gnet.com','11111',0,1,''),
(363,'Robert Leonard','1966-07-09','robertleonard','$2b$10$SJCUVhgTtYGYEfPYQWHKmeCMSUhM/vXKGSSEnEFf/0Cp.KI0Z9CR6','robertleonard@gnet.com','11111',0,1,''),
(364,'Brad Velez','1973-06-30','bradvelez','$2b$10$SJCUVhgTtYGYEfPYQWHKmeCMSUhM/vXKGSSEnEFf/0Cp.KI0Z9CR6','bradvelez@gnet.com','11111',0,1,''),
(365,'Antonio Andrews','1951-07-29','antonioandrews','$2b$10$SJCUVhgTtYGYEfPYQWHKmeCMSUhM/vXKGSSEnEFf/0Cp.KI0Z9CR6','antonioandrews@gnet.com','11111',0,1,''),
(366,'Anthony Valencia','2014-05-23','anthonyvalencia','$2b$10$SJCUVhgTtYGYEfPYQWHKmeCMSUhM/vXKGSSEnEFf/0Cp.KI0Z9CR6','anthonyvalencia@gnet.com','11111',0,1,''),
(367,'Andrew David','1949-07-05','andrewdavid','$2b$10$SJCUVhgTtYGYEfPYQWHKmeCMSUhM/vXKGSSEnEFf/0Cp.KI0Z9CR6','andrewdavid@gnet.com','11111',0,1,''),
(368,'Julie Norman','1946-11-13','julienorman','$2b$10$SJCUVhgTtYGYEfPYQWHKmeCMSUhM/vXKGSSEnEFf/0Cp.KI0Z9CR6','julienorman@gnet.com','11111',0,0,''),
(369,'Christine Pierce','1943-12-13','christinepierce','$2b$10$SJCUVhgTtYGYEfPYQWHKmeCMSUhM/vXKGSSEnEFf/0Cp.KI0Z9CR6','christinepierce@gnet.com','11111',0,0,''),
(370,'Anthony Wilson','1927-10-15','anthonywilson','$2b$10$SJCUVhgTtYGYEfPYQWHKmeCMSUhM/vXKGSSEnEFf/0Cp.KI0Z9CR6','anthonywilson@gnet.com','11111',0,1,''),
(371,'Robert Wong','1966-10-08','robertwong','$2b$10$SJCUVhgTtYGYEfPYQWHKmeCMSUhM/vXKGSSEnEFf/0Cp.KI0Z9CR6','robertwong@gnet.com','11111',0,1,''),
(372,'Walter Small','1954-04-22','waltersmall','$2b$10$SJCUVhgTtYGYEfPYQWHKmeCMSUhM/vXKGSSEnEFf/0Cp.KI0Z9CR6','waltersmall@gnet.com','11111',0,1,''),
(373,'John Stein','2010-10-17','johnstein','$2b$10$SJCUVhgTtYGYEfPYQWHKmeCMSUhM/vXKGSSEnEFf/0Cp.KI0Z9CR6','johnstein@gnet.com','11111',0,1,''),
(374,'Ashley Davis','1945-09-04','ashleydavis','$2b$10$SJCUVhgTtYGYEfPYQWHKmeCMSUhM/vXKGSSEnEFf/0Cp.KI0Z9CR6','ashleydavis@gnet.com','11111',0,0,''),
(375,'Hannah Rivera','1953-04-11','hannahrivera','$2b$10$SJCUVhgTtYGYEfPYQWHKmeCMSUhM/vXKGSSEnEFf/0Cp.KI0Z9CR6','hannahrivera@gnet.com','11111',0,0,''),
(376,'Travis Fletcher','1946-02-07','travisfletcher','$2b$10$SJCUVhgTtYGYEfPYQWHKmeCMSUhM/vXKGSSEnEFf/0Cp.KI0Z9CR6','travisfletcher@gnet.com','11111',0,1,''),
(377,'Megan Clay','1962-03-01','meganclay','$2b$10$SJCUVhgTtYGYEfPYQWHKmeCMSUhM/vXKGSSEnEFf/0Cp.KI0Z9CR6','meganclay@gnet.com','11111',0,0,''),
(378,'Nathan Robinson','2017-01-30','nathanrobinson','$2b$10$SJCUVhgTtYGYEfPYQWHKmeCMSUhM/vXKGSSEnEFf/0Cp.KI0Z9CR6','nathanrobinson@gnet.com','11111',0,1,''),
(379,'John Boyd','1951-10-30','johnboyd','$2b$10$SJCUVhgTtYGYEfPYQWHKmeCMSUhM/vXKGSSEnEFf/0Cp.KI0Z9CR6','johnboyd@gnet.com','11111',0,1,''),
(380,'Jacqueline James','2009-04-15','jacquelinejames','$2b$10$SJCUVhgTtYGYEfPYQWHKmeCMSUhM/vXKGSSEnEFf/0Cp.KI0Z9CR6','jacquelinejames@gnet.com','11111',0,0,''),
(381,'Vincent Townsend','1936-05-17','vincenttownsend','$2b$10$SJCUVhgTtYGYEfPYQWHKmeCMSUhM/vXKGSSEnEFf/0Cp.KI0Z9CR6','vincenttownsend@gnet.com','11111',0,1,''),
(382,'Sean Weaver','1927-12-04','seanweaver','$2b$10$SJCUVhgTtYGYEfPYQWHKmeCMSUhM/vXKGSSEnEFf/0Cp.KI0Z9CR6','seanweaver@gnet.com','11111',0,1,''),
(383,'Melissa Chandler','1990-08-23','melissachandler','$2b$10$SJCUVhgTtYGYEfPYQWHKmeCMSUhM/vXKGSSEnEFf/0Cp.KI0Z9CR6','melissachandler@gnet.com','11111',0,0,''),
(384,'Mrs. Debra Spence','1920-06-03','mrs.debraspence','$2b$10$SJCUVhgTtYGYEfPYQWHKmeCMSUhM/vXKGSSEnEFf/0Cp.KI0Z9CR6','mrs.debraspence@gnet.com','11111',0,0,''),
(385,'Latoya Kelley','1984-05-26','latoyakelley','$2b$10$SJCUVhgTtYGYEfPYQWHKmeCMSUhM/vXKGSSEnEFf/0Cp.KI0Z9CR6','latoyakelley@gnet.com','11111',0,0,''),
(386,'Michael Ruiz','1916-06-21','michaelruiz','$2b$10$SJCUVhgTtYGYEfPYQWHKmeCMSUhM/vXKGSSEnEFf/0Cp.KI0Z9CR6','michaelruiz@gnet.com','11111',0,1,''),
(387,'James Evans','1979-09-17','jamesevans','$2b$10$SJCUVhgTtYGYEfPYQWHKmeCMSUhM/vXKGSSEnEFf/0Cp.KI0Z9CR6','jamesevans@gnet.com','11111',0,1,''),
(388,'Darius Martin','1930-08-17','dariusmartin','$2b$10$SJCUVhgTtYGYEfPYQWHKmeCMSUhM/vXKGSSEnEFf/0Cp.KI0Z9CR6','dariusmartin@gnet.com','11111',0,1,''),
(389,'Shannon Rubio','2002-08-04','shannonrubio','$2b$10$SJCUVhgTtYGYEfPYQWHKmeCMSUhM/vXKGSSEnEFf/0Cp.KI0Z9CR6','shannonrubio@gnet.com','11111',0,0,''),
(390,'Patricia Dennis','1924-05-01','patriciadennis','$2b$10$SJCUVhgTtYGYEfPYQWHKmeCMSUhM/vXKGSSEnEFf/0Cp.KI0Z9CR6','patriciadennis@gnet.com','11111',0,0,''),
(391,'Bryan Jones Jr.','2017-11-10','bryanjonesjr.','$2b$10$SJCUVhgTtYGYEfPYQWHKmeCMSUhM/vXKGSSEnEFf/0Cp.KI0Z9CR6','bryanjonesjr.@gnet.com','11111',0,1,''),
(392,'Mrs. Melissa Howell','1924-05-14','mrs.melissahowell','$2b$10$SJCUVhgTtYGYEfPYQWHKmeCMSUhM/vXKGSSEnEFf/0Cp.KI0Z9CR6','mrs.melissahowell@gnet.com','11111',0,0,''),
(393,'Joshua Martin','1944-03-05','joshuamartin','$2b$10$SJCUVhgTtYGYEfPYQWHKmeCMSUhM/vXKGSSEnEFf/0Cp.KI0Z9CR6','joshuamartin@gnet.com','11111',0,1,''),
(394,'Melissa Chaney','1956-04-10','melissachaney','$2b$10$SJCUVhgTtYGYEfPYQWHKmeCMSUhM/vXKGSSEnEFf/0Cp.KI0Z9CR6','melissachaney@gnet.com','11111',0,0,''),
(395,'Amber Pratt','2013-05-13','amberpratt','$2b$10$SJCUVhgTtYGYEfPYQWHKmeCMSUhM/vXKGSSEnEFf/0Cp.KI0Z9CR6','amberpratt@gnet.com','11111',0,0,''),
(396,'John Fernandez','1982-04-13','johnfernandez','$2b$10$SJCUVhgTtYGYEfPYQWHKmeCMSUhM/vXKGSSEnEFf/0Cp.KI0Z9CR6','johnfernandez@gnet.com','11111',0,1,''),
(397,'Gary Johnson','1941-12-04','garyjohnson','$2b$10$SJCUVhgTtYGYEfPYQWHKmeCMSUhM/vXKGSSEnEFf/0Cp.KI0Z9CR6','garyjohnson@gnet.com','11111',0,1,''),
(398,'Sarah Maldonado','1984-09-28','sarahmaldonado','$2b$10$SJCUVhgTtYGYEfPYQWHKmeCMSUhM/vXKGSSEnEFf/0Cp.KI0Z9CR6','sarahmaldonado@gnet.com','11111',0,0,''),
(399,'Brandon Nunez','1939-03-29','brandonnunez','$2b$10$SJCUVhgTtYGYEfPYQWHKmeCMSUhM/vXKGSSEnEFf/0Cp.KI0Z9CR6','brandonnunez@gnet.com','11111',0,1,''),
(400,'Jordan Cantrell','1961-11-23','jordancantrell','$2b$10$SJCUVhgTtYGYEfPYQWHKmeCMSUhM/vXKGSSEnEFf/0Cp.KI0Z9CR6','jordancantrell@gnet.com','11111',0,0,''),
(401,'Eric Price','1998-11-12','ericprice','$2b$10$SJCUVhgTtYGYEfPYQWHKmeCMSUhM/vXKGSSEnEFf/0Cp.KI0Z9CR6','ericprice@gnet.com','11111',0,1,''),
(402,'Miranda Jones','2018-08-23','mirandajones','$2b$10$SJCUVhgTtYGYEfPYQWHKmeCMSUhM/vXKGSSEnEFf/0Cp.KI0Z9CR6','mirandajones@gnet.com','11111',0,0,''),
(403,'Kristina Bush','2013-12-22','kristinabush','$2b$10$SJCUVhgTtYGYEfPYQWHKmeCMSUhM/vXKGSSEnEFf/0Cp.KI0Z9CR6','kristinabush@gnet.com','11111',0,0,''),
(404,'Matthew Mitchell','1969-09-27','matthewmitchell','$2b$10$SJCUVhgTtYGYEfPYQWHKmeCMSUhM/vXKGSSEnEFf/0Cp.KI0Z9CR6','matthewmitchell@gnet.com','11111',0,1,''),
(405,'Jason Bernard','1982-11-27','jasonbernard','$2b$10$SJCUVhgTtYGYEfPYQWHKmeCMSUhM/vXKGSSEnEFf/0Cp.KI0Z9CR6','jasonbernard@gnet.com','11111',0,1,''),
(406,'Justin Montes','1998-05-28','justinmontes','$2b$10$SJCUVhgTtYGYEfPYQWHKmeCMSUhM/vXKGSSEnEFf/0Cp.KI0Z9CR6','justinmontes@gnet.com','11111',0,1,''),
(407,'Brandon Arnold','2017-07-13','brandonarnold','$2b$10$SJCUVhgTtYGYEfPYQWHKmeCMSUhM/vXKGSSEnEFf/0Cp.KI0Z9CR6','brandonarnold@gnet.com','11111',0,1,''),
(408,'Christopher Sanders','1936-07-18','christophersanders','$2b$10$SJCUVhgTtYGYEfPYQWHKmeCMSUhM/vXKGSSEnEFf/0Cp.KI0Z9CR6','christophersanders@gnet.com','11111',0,1,''),
(409,'Mr. Ryan Alexander DDS','1957-07-04','mr.ryanalexanderdds','$2b$10$SJCUVhgTtYGYEfPYQWHKmeCMSUhM/vXKGSSEnEFf/0Cp.KI0Z9CR6','mr.ryanalexanderdds@gnet.com','11111',0,1,''),
(410,'Kevin Smith','1929-04-07','kevinsmith','$2b$10$SJCUVhgTtYGYEfPYQWHKmeCMSUhM/vXKGSSEnEFf/0Cp.KI0Z9CR6','kevinsmith@gnet.com','11111',0,1,''),
(411,'Angela Martinez','1970-01-07','angelamartinez','$2b$10$SJCUVhgTtYGYEfPYQWHKmeCMSUhM/vXKGSSEnEFf/0Cp.KI0Z9CR6','angelamartinez@gnet.com','11111',0,0,''),
(412,'Sarah Mclaughlin','1929-01-23','sarahmclaughlin','$2b$10$SJCUVhgTtYGYEfPYQWHKmeCMSUhM/vXKGSSEnEFf/0Cp.KI0Z9CR6','sarahmclaughlin@gnet.com','11111',0,0,''),
(413,'Krystal Fox','2001-03-17','krystalfox','$2b$10$SJCUVhgTtYGYEfPYQWHKmeCMSUhM/vXKGSSEnEFf/0Cp.KI0Z9CR6','krystalfox@gnet.com','11111',0,0,''),
(414,'William Miller','1961-07-10','williammiller','$2b$10$SJCUVhgTtYGYEfPYQWHKmeCMSUhM/vXKGSSEnEFf/0Cp.KI0Z9CR6','williammiller@gnet.com','11111',0,1,''),
(415,'Tammy Owens','1932-03-09','tammyowens','$2b$10$SJCUVhgTtYGYEfPYQWHKmeCMSUhM/vXKGSSEnEFf/0Cp.KI0Z9CR6','tammyowens@gnet.com','11111',0,0,''),
(416,'Todd Rhodes','1914-04-23','toddrhodes','$2b$10$SJCUVhgTtYGYEfPYQWHKmeCMSUhM/vXKGSSEnEFf/0Cp.KI0Z9CR6','toddrhodes@gnet.com','11111',0,1,''),
(417,'Justin Goodman','1981-02-12','justingoodman','$2b$10$SJCUVhgTtYGYEfPYQWHKmeCMSUhM/vXKGSSEnEFf/0Cp.KI0Z9CR6','justingoodman@gnet.com','11111',0,1,''),
(418,'Ashley Robbins','1917-11-18','ashleyrobbins','$2b$10$SJCUVhgTtYGYEfPYQWHKmeCMSUhM/vXKGSSEnEFf/0Cp.KI0Z9CR6','ashleyrobbins@gnet.com','11111',0,0,''),
(419,'Charles Brady','1966-03-14','charlesbrady','$2b$10$SJCUVhgTtYGYEfPYQWHKmeCMSUhM/vXKGSSEnEFf/0Cp.KI0Z9CR6','charlesbrady@gnet.com','11111',0,1,''),
(420,'Kevin Smith','1910-01-18','kevinsmith','$2b$10$SJCUVhgTtYGYEfPYQWHKmeCMSUhM/vXKGSSEnEFf/0Cp.KI0Z9CR6','kevinsmith@gnet.com','11111',0,1,''),
(421,'Robert Williams','1944-02-04','robertwilliams','$2b$10$SJCUVhgTtYGYEfPYQWHKmeCMSUhM/vXKGSSEnEFf/0Cp.KI0Z9CR6','robertwilliams@gnet.com','11111',0,1,''),
(422,'Rachael Rivera','1912-09-29','rachaelrivera','$2b$10$SJCUVhgTtYGYEfPYQWHKmeCMSUhM/vXKGSSEnEFf/0Cp.KI0Z9CR6','rachaelrivera@gnet.com','11111',0,0,''),
(423,'Jennifer Rubio','1933-04-18','jenniferrubio','$2b$10$SJCUVhgTtYGYEfPYQWHKmeCMSUhM/vXKGSSEnEFf/0Cp.KI0Z9CR6','jenniferrubio@gnet.com','11111',0,0,''),
(424,'Kristi Hall','2003-06-19','kristihall','$2b$10$SJCUVhgTtYGYEfPYQWHKmeCMSUhM/vXKGSSEnEFf/0Cp.KI0Z9CR6','kristihall@gnet.com','11111',0,0,''),
(425,'Robert Lozano','1933-08-22','robertlozano','$2b$10$SJCUVhgTtYGYEfPYQWHKmeCMSUhM/vXKGSSEnEFf/0Cp.KI0Z9CR6','robertlozano@gnet.com','11111',0,1,''),
(426,'Tami Glover','1965-03-10','tamiglover','$2b$10$SJCUVhgTtYGYEfPYQWHKmeCMSUhM/vXKGSSEnEFf/0Cp.KI0Z9CR6','tamiglover@gnet.com','11111',0,0,''),
(427,'Richard Prince','1929-11-11','richardprince','$2b$10$SJCUVhgTtYGYEfPYQWHKmeCMSUhM/vXKGSSEnEFf/0Cp.KI0Z9CR6','richardprince@gnet.com','11111',0,1,''),
(428,'Kevin Moon MD','1999-05-15','kevinmoonmd','$2b$10$SJCUVhgTtYGYEfPYQWHKmeCMSUhM/vXKGSSEnEFf/0Cp.KI0Z9CR6','kevinmoonmd@gnet.com','11111',0,1,''),
(429,'Brenda Myers','2007-07-29','brendamyers','$2b$10$SJCUVhgTtYGYEfPYQWHKmeCMSUhM/vXKGSSEnEFf/0Cp.KI0Z9CR6','brendamyers@gnet.com','11111',0,0,''),
(430,'Ronald Smith','1940-11-24','ronaldsmith','$2b$10$SJCUVhgTtYGYEfPYQWHKmeCMSUhM/vXKGSSEnEFf/0Cp.KI0Z9CR6','ronaldsmith@gnet.com','11111',0,1,''),
(431,'Derek Garrison','2009-04-03','derekgarrison','$2b$10$SJCUVhgTtYGYEfPYQWHKmeCMSUhM/vXKGSSEnEFf/0Cp.KI0Z9CR6','derekgarrison@gnet.com','11111',0,1,''),
(432,'Charles Hood','1968-08-11','charleshood','$2b$10$SJCUVhgTtYGYEfPYQWHKmeCMSUhM/vXKGSSEnEFf/0Cp.KI0Z9CR6','charleshood@gnet.com','11111',0,1,''),
(433,'Ryan Hernandez','1909-01-26','ryanhernandez','$2b$10$SJCUVhgTtYGYEfPYQWHKmeCMSUhM/vXKGSSEnEFf/0Cp.KI0Z9CR6','ryanhernandez@gnet.com','11111',0,1,''),
(434,'Ruben Hampton','1962-08-29','rubenhampton','$2b$10$SJCUVhgTtYGYEfPYQWHKmeCMSUhM/vXKGSSEnEFf/0Cp.KI0Z9CR6','rubenhampton@gnet.com','11111',0,1,''),
(435,'Frances Williams','2006-06-05','franceswilliams','$2b$10$SJCUVhgTtYGYEfPYQWHKmeCMSUhM/vXKGSSEnEFf/0Cp.KI0Z9CR6','franceswilliams@gnet.com','11111',0,0,''),
(436,'Carl Rodriguez','1953-08-06','carlrodriguez','$2b$10$SJCUVhgTtYGYEfPYQWHKmeCMSUhM/vXKGSSEnEFf/0Cp.KI0Z9CR6','carlrodriguez@gnet.com','11111',0,1,''),
(437,'Kimberly Stewart','1990-04-01','kimberlystewart','$2b$10$SJCUVhgTtYGYEfPYQWHKmeCMSUhM/vXKGSSEnEFf/0Cp.KI0Z9CR6','kimberlystewart@gnet.com','11111',0,0,''),
(438,'Daniel Villanueva','1974-11-26','danielvillanueva','$2b$10$SJCUVhgTtYGYEfPYQWHKmeCMSUhM/vXKGSSEnEFf/0Cp.KI0Z9CR6','danielvillanueva@gnet.com','11111',0,1,''),
(439,'Donna Ward','1985-07-27','donnaward','$2b$10$SJCUVhgTtYGYEfPYQWHKmeCMSUhM/vXKGSSEnEFf/0Cp.KI0Z9CR6','donnaward@gnet.com','11111',0,0,''),
(440,'Rick Williams','1931-06-30','rickwilliams','$2b$10$SJCUVhgTtYGYEfPYQWHKmeCMSUhM/vXKGSSEnEFf/0Cp.KI0Z9CR6','rickwilliams@gnet.com','11111',0,1,''),
(441,'Nicole Yang','2010-11-25','nicoleyang','$2b$10$SJCUVhgTtYGYEfPYQWHKmeCMSUhM/vXKGSSEnEFf/0Cp.KI0Z9CR6','nicoleyang@gnet.com','11111',0,0,''),
(442,'Christine Acosta','2023-08-30','christineacosta','$2b$10$SJCUVhgTtYGYEfPYQWHKmeCMSUhM/vXKGSSEnEFf/0Cp.KI0Z9CR6','christineacosta@gnet.com','11111',0,0,''),
(443,'Bernard Anderson','1981-04-24','bernardanderson','$2b$10$SJCUVhgTtYGYEfPYQWHKmeCMSUhM/vXKGSSEnEFf/0Cp.KI0Z9CR6','bernardanderson@gnet.com','11111',0,1,''),
(444,'Randall Bright','2021-09-24','randallbright','$2b$10$SJCUVhgTtYGYEfPYQWHKmeCMSUhM/vXKGSSEnEFf/0Cp.KI0Z9CR6','randallbright@gnet.com','11111',0,1,''),
(445,'Amy Brown','1930-08-02','amybrown','$2b$10$SJCUVhgTtYGYEfPYQWHKmeCMSUhM/vXKGSSEnEFf/0Cp.KI0Z9CR6','amybrown@gnet.com','11111',0,0,''),
(446,'Adam Martin','1991-01-10','adammartin','$2b$10$SJCUVhgTtYGYEfPYQWHKmeCMSUhM/vXKGSSEnEFf/0Cp.KI0Z9CR6','adammartin@gnet.com','11111',0,1,''),
(447,'Michelle Moody','1999-11-20','michellemoody','$2b$10$SJCUVhgTtYGYEfPYQWHKmeCMSUhM/vXKGSSEnEFf/0Cp.KI0Z9CR6','michellemoody@gnet.com','11111',0,0,''),
(448,'Adam Smith','1964-12-19','adamsmith','$2b$10$SJCUVhgTtYGYEfPYQWHKmeCMSUhM/vXKGSSEnEFf/0Cp.KI0Z9CR6','adamsmith@gnet.com','11111',0,1,''),
(449,'Kimberly Rios','1985-11-05','kimberlyrios','$2b$10$SJCUVhgTtYGYEfPYQWHKmeCMSUhM/vXKGSSEnEFf/0Cp.KI0Z9CR6','kimberlyrios@gnet.com','11111',0,0,''),
(450,'Chelsea Harmon','1977-04-12','chelseaharmon','$2b$10$SJCUVhgTtYGYEfPYQWHKmeCMSUhM/vXKGSSEnEFf/0Cp.KI0Z9CR6','chelseaharmon@gnet.com','11111',0,0,''),
(451,'Jacob Adams','1957-08-09','jacobadams','$2b$10$SJCUVhgTtYGYEfPYQWHKmeCMSUhM/vXKGSSEnEFf/0Cp.KI0Z9CR6','jacobadams@gnet.com','11111',0,1,''),
(452,'Dana Clark','1940-07-08','danaclark','$2b$10$SJCUVhgTtYGYEfPYQWHKmeCMSUhM/vXKGSSEnEFf/0Cp.KI0Z9CR6','danaclark@gnet.com','11111',0,0,''),
(453,'Jennifer Goodwin','1995-03-09','jennifergoodwin','$2b$10$SJCUVhgTtYGYEfPYQWHKmeCMSUhM/vXKGSSEnEFf/0Cp.KI0Z9CR6','jennifergoodwin@gnet.com','11111',0,0,''),
(454,'Donald Knight','1972-08-27','donaldknight','$2b$10$SJCUVhgTtYGYEfPYQWHKmeCMSUhM/vXKGSSEnEFf/0Cp.KI0Z9CR6','donaldknight@gnet.com','11111',0,1,''),
(455,'Patrick Garcia','1936-05-06','patrickgarcia','$2b$10$SJCUVhgTtYGYEfPYQWHKmeCMSUhM/vXKGSSEnEFf/0Cp.KI0Z9CR6','patrickgarcia@gnet.com','11111',0,1,''),
(456,'Brooke Miller','1933-12-01','brookemiller','$2b$10$SJCUVhgTtYGYEfPYQWHKmeCMSUhM/vXKGSSEnEFf/0Cp.KI0Z9CR6','brookemiller@gnet.com','11111',0,0,''),
(457,'Heather Estes','2016-06-16','heatherestes','$2b$10$SJCUVhgTtYGYEfPYQWHKmeCMSUhM/vXKGSSEnEFf/0Cp.KI0Z9CR6','heatherestes@gnet.com','11111',0,0,''),
(458,'Larry Brady','1950-11-17','larrybrady','$2b$10$SJCUVhgTtYGYEfPYQWHKmeCMSUhM/vXKGSSEnEFf/0Cp.KI0Z9CR6','larrybrady@gnet.com','11111',0,1,''),
(459,'Robert Velazquez','1944-05-16','robertvelazquez','$2b$10$SJCUVhgTtYGYEfPYQWHKmeCMSUhM/vXKGSSEnEFf/0Cp.KI0Z9CR6','robertvelazquez@gnet.com','11111',0,1,''),
(460,'Bonnie Carter','1955-04-01','bonniecarter','$2b$10$SJCUVhgTtYGYEfPYQWHKmeCMSUhM/vXKGSSEnEFf/0Cp.KI0Z9CR6','bonniecarter@gnet.com','11111',0,0,''),
(461,'Frank Hart','1926-04-03','frankhart','$2b$10$SJCUVhgTtYGYEfPYQWHKmeCMSUhM/vXKGSSEnEFf/0Cp.KI0Z9CR6','frankhart@gnet.com','11111',0,1,''),
(462,'Lucas Wilson','1963-06-13','lucaswilson','$2b$10$SJCUVhgTtYGYEfPYQWHKmeCMSUhM/vXKGSSEnEFf/0Cp.KI0Z9CR6','lucaswilson@gnet.com','11111',0,1,''),
(463,'Adriana Reid','1908-06-25','adrianareid','$2b$10$SJCUVhgTtYGYEfPYQWHKmeCMSUhM/vXKGSSEnEFf/0Cp.KI0Z9CR6','adrianareid@gnet.com','11111',0,0,''),
(464,'Benjamin Gomez','1924-02-21','benjamingomez','$2b$10$SJCUVhgTtYGYEfPYQWHKmeCMSUhM/vXKGSSEnEFf/0Cp.KI0Z9CR6','benjamingomez@gnet.com','11111',0,1,''),
(465,'Brian Jackson','1932-10-15','brianjackson','$2b$10$SJCUVhgTtYGYEfPYQWHKmeCMSUhM/vXKGSSEnEFf/0Cp.KI0Z9CR6','brianjackson@gnet.com','11111',0,1,''),
(466,'Sean Taylor','1934-08-18','seantaylor','$2b$10$SJCUVhgTtYGYEfPYQWHKmeCMSUhM/vXKGSSEnEFf/0Cp.KI0Z9CR6','seantaylor@gnet.com','11111',0,1,''),
(467,'Emily Davis','2010-01-12','emilydavis','$2b$10$SJCUVhgTtYGYEfPYQWHKmeCMSUhM/vXKGSSEnEFf/0Cp.KI0Z9CR6','emilydavis@gnet.com','11111',0,0,''),
(468,'Christopher Cummings','1931-11-05','christophercummings','$2b$10$SJCUVhgTtYGYEfPYQWHKmeCMSUhM/vXKGSSEnEFf/0Cp.KI0Z9CR6','christophercummings@gnet.com','11111',0,1,''),
(469,'Steven Gonzalez','2017-04-09','stevengonzalez','$2b$10$SJCUVhgTtYGYEfPYQWHKmeCMSUhM/vXKGSSEnEFf/0Cp.KI0Z9CR6','stevengonzalez@gnet.com','11111',0,1,''),
(470,'Stephanie Carr','1949-06-14','stephaniecarr','$2b$10$SJCUVhgTtYGYEfPYQWHKmeCMSUhM/vXKGSSEnEFf/0Cp.KI0Z9CR6','stephaniecarr@gnet.com','11111',0,0,''),
(471,'Amanda Wilkerson','1943-08-17','amandawilkerson','$2b$10$SJCUVhgTtYGYEfPYQWHKmeCMSUhM/vXKGSSEnEFf/0Cp.KI0Z9CR6','amandawilkerson@gnet.com','11111',0,0,''),
(472,'Gregory Brooks','1949-10-18','gregorybrooks','$2b$10$SJCUVhgTtYGYEfPYQWHKmeCMSUhM/vXKGSSEnEFf/0Cp.KI0Z9CR6','gregorybrooks@gnet.com','11111',0,1,''),
(473,'Jay Jones','2007-07-18','jayjones','$2b$10$SJCUVhgTtYGYEfPYQWHKmeCMSUhM/vXKGSSEnEFf/0Cp.KI0Z9CR6','jayjones@gnet.com','11111',0,1,''),
(474,'Stephanie Fowler','2013-09-24','stephaniefowler','$2b$10$SJCUVhgTtYGYEfPYQWHKmeCMSUhM/vXKGSSEnEFf/0Cp.KI0Z9CR6','stephaniefowler@gnet.com','11111',0,0,''),
(475,'Austin Rosales','1944-07-11','austinrosales','$2b$10$SJCUVhgTtYGYEfPYQWHKmeCMSUhM/vXKGSSEnEFf/0Cp.KI0Z9CR6','austinrosales@gnet.com','11111',0,1,''),
(476,'Susan Hinton','1990-10-12','susanhinton','$2b$10$SJCUVhgTtYGYEfPYQWHKmeCMSUhM/vXKGSSEnEFf/0Cp.KI0Z9CR6','susanhinton@gnet.com','11111',0,0,''),
(477,'Courtney Strong','1944-12-08','courtneystrong','$2b$10$SJCUVhgTtYGYEfPYQWHKmeCMSUhM/vXKGSSEnEFf/0Cp.KI0Z9CR6','courtneystrong@gnet.com','11111',0,0,''),
(478,'Aaron Horton','1983-10-08','aaronhorton','$2b$10$SJCUVhgTtYGYEfPYQWHKmeCMSUhM/vXKGSSEnEFf/0Cp.KI0Z9CR6','aaronhorton@gnet.com','11111',0,1,''),
(479,'Jillian Lee','2017-12-07','jillianlee','$2b$10$SJCUVhgTtYGYEfPYQWHKmeCMSUhM/vXKGSSEnEFf/0Cp.KI0Z9CR6','jillianlee@gnet.com','11111',0,0,''),
(480,'Christopher Martin','1998-02-16','christophermartin','$2b$10$SJCUVhgTtYGYEfPYQWHKmeCMSUhM/vXKGSSEnEFf/0Cp.KI0Z9CR6','christophermartin@gnet.com','11111',0,1,''),
(481,'Sandra Wright','1963-01-23','sandrawright','$2b$10$SJCUVhgTtYGYEfPYQWHKmeCMSUhM/vXKGSSEnEFf/0Cp.KI0Z9CR6','sandrawright@gnet.com','11111',0,0,''),
(482,'Kathleen Short','1998-11-03','kathleenshort','$2b$10$SJCUVhgTtYGYEfPYQWHKmeCMSUhM/vXKGSSEnEFf/0Cp.KI0Z9CR6','kathleenshort@gnet.com','11111',0,0,''),
(483,'Mary Dominguez','1956-06-29','marydominguez','$2b$10$SJCUVhgTtYGYEfPYQWHKmeCMSUhM/vXKGSSEnEFf/0Cp.KI0Z9CR6','marydominguez@gnet.com','11111',0,0,''),
(484,'Ellen Kirby','1960-04-17','ellenkirby','$2b$10$SJCUVhgTtYGYEfPYQWHKmeCMSUhM/vXKGSSEnEFf/0Cp.KI0Z9CR6','ellenkirby@gnet.com','11111',0,0,''),
(485,'David Jackson','1923-11-10','davidjackson','$2b$10$SJCUVhgTtYGYEfPYQWHKmeCMSUhM/vXKGSSEnEFf/0Cp.KI0Z9CR6','davidjackson@gnet.com','11111',0,1,''),
(486,'Emily Rocha','2003-06-01','emilyrocha','$2b$10$SJCUVhgTtYGYEfPYQWHKmeCMSUhM/vXKGSSEnEFf/0Cp.KI0Z9CR6','emilyrocha@gnet.com','11111',0,0,''),
(487,'Benjamin Nelson','1927-01-09','benjaminnelson','$2b$10$SJCUVhgTtYGYEfPYQWHKmeCMSUhM/vXKGSSEnEFf/0Cp.KI0Z9CR6','benjaminnelson@gnet.com','11111',0,1,''),
(488,'Renee Brown','1996-04-16','reneebrown','$2b$10$SJCUVhgTtYGYEfPYQWHKmeCMSUhM/vXKGSSEnEFf/0Cp.KI0Z9CR6','reneebrown@gnet.com','11111',0,0,''),
(489,'Kenneth Graves','1946-07-21','kennethgraves','$2b$10$SJCUVhgTtYGYEfPYQWHKmeCMSUhM/vXKGSSEnEFf/0Cp.KI0Z9CR6','kennethgraves@gnet.com','11111',0,1,''),
(490,'Marie Martin','2013-11-20','mariemartin','$2b$10$SJCUVhgTtYGYEfPYQWHKmeCMSUhM/vXKGSSEnEFf/0Cp.KI0Z9CR6','mariemartin@gnet.com','11111',0,0,''),
(491,'Sarah Roberts','2007-01-06','sarahroberts','$2b$10$SJCUVhgTtYGYEfPYQWHKmeCMSUhM/vXKGSSEnEFf/0Cp.KI0Z9CR6','sarahroberts@gnet.com','11111',0,0,''),
(492,'Emily Jennings','1945-10-27','emilyjennings','$2b$10$SJCUVhgTtYGYEfPYQWHKmeCMSUhM/vXKGSSEnEFf/0Cp.KI0Z9CR6','emilyjennings@gnet.com','11111',0,0,''),
(493,'Aaron Howard','1999-08-26','aaronhoward','$2b$10$SJCUVhgTtYGYEfPYQWHKmeCMSUhM/vXKGSSEnEFf/0Cp.KI0Z9CR6','aaronhoward@gnet.com','11111',0,1,''),
(494,'Amber Bowen MD','1919-09-09','amberbowenmd','$2b$10$SJCUVhgTtYGYEfPYQWHKmeCMSUhM/vXKGSSEnEFf/0Cp.KI0Z9CR6','amberbowenmd@gnet.com','11111',0,0,''),
(495,'Kimberly Williams','1982-04-14','kimberlywilliams','$2b$10$SJCUVhgTtYGYEfPYQWHKmeCMSUhM/vXKGSSEnEFf/0Cp.KI0Z9CR6','kimberlywilliams@gnet.com','11111',0,0,''),
(496,'Tony Bauer','1941-04-24','tonybauer','$2b$10$SJCUVhgTtYGYEfPYQWHKmeCMSUhM/vXKGSSEnEFf/0Cp.KI0Z9CR6','tonybauer@gnet.com','11111',0,1,''),
(497,'Brian Martinez','1910-03-01','brianmartinez','$2b$10$SJCUVhgTtYGYEfPYQWHKmeCMSUhM/vXKGSSEnEFf/0Cp.KI0Z9CR6','brianmartinez@gnet.com','11111',0,1,''),
(498,'Richard Henderson','1915-01-20','richardhenderson','$2b$10$SJCUVhgTtYGYEfPYQWHKmeCMSUhM/vXKGSSEnEFf/0Cp.KI0Z9CR6','richardhenderson@gnet.com','11111',0,1,''),
(499,'Joy Mack','1947-12-24','joymack','$2b$10$SJCUVhgTtYGYEfPYQWHKmeCMSUhM/vXKGSSEnEFf/0Cp.KI0Z9CR6','joymack@gnet.com','11111',0,0,''),
(500,'Gary Poole','1983-08-10','garypoole','$2b$10$SJCUVhgTtYGYEfPYQWHKmeCMSUhM/vXKGSSEnEFf/0Cp.KI0Z9CR6','garypoole@gnet.com','11111',0,1,'');
/*!40000 ALTER TABLE `NguoiDung` ENABLE KEYS */;
UNLOCK TABLES;

--
-- Table structure for table `TheLoaiLich`
--

DROP TABLE IF EXISTS `TheLoaiLich`;
/*!40101 SET @saved_cs_client     = @@character_set_client */;
/*!40101 SET character_set_client = utf8 */;
CREATE TABLE `TheLoaiLich` (
  `ma_the_loai_lich` int(11) NOT NULL AUTO_INCREMENT,
  `ten_the_loai_lich` varchar(100) NOT NULL,
  PRIMARY KEY (`ma_the_loai_lich`)
) ENGINE=InnoDB DEFAULT CHARSET=utf8mb4 COLLATE=utf8mb4_general_ci;
/*!40101 SET character_set_client = @saved_cs_client */;

--
-- Dumping data for table `TheLoaiLich`
--

LOCK TABLES `TheLoaiLich` WRITE;
/*!40000 ALTER TABLE `TheLoaiLich` DISABLE KEYS */;
/*!40000 ALTER TABLE `TheLoaiLich` ENABLE KEYS */;
UNLOCK TABLES;

--
-- Table structure for table `ThongTinSucKhoe`
--

DROP TABLE IF EXISTS `ThongTinSucKhoe`;
/*!40101 SET @saved_cs_client     = @@character_set_client */;
/*!40101 SET character_set_client = utf8 */;
CREATE TABLE `ThongTinSucKhoe` (
  `ma_suc_khoe` int(11) NOT NULL AUTO_INCREMENT,
  `ma_thu_cung` int(11) NOT NULL,
  `thoi_gian` timestamp NOT NULL DEFAULT current_timestamp(),
  `can_nang` float DEFAULT NULL,
  `chieu_cao` float DEFAULT NULL,
  PRIMARY KEY (`ma_suc_khoe`),
  KEY `fk_suckhoe_thucung` (`ma_thu_cung`),
  CONSTRAINT `fk_suckhoe_thucung` FOREIGN KEY (`ma_thu_cung`) REFERENCES `ThuCung` (`ma_thu_cung`)
) ENGINE=InnoDB AUTO_INCREMENT=34 DEFAULT CHARSET=utf8mb4 COLLATE=utf8mb4_general_ci;
/*!40101 SET character_set_client = @saved_cs_client */;

--
-- Dumping data for table `ThongTinSucKhoe`
--

LOCK TABLES `ThongTinSucKhoe` WRITE;
/*!40000 ALTER TABLE `ThongTinSucKhoe` DISABLE KEYS */;
INSERT INTO `ThongTinSucKhoe` VALUES
(4,8,'2023-09-04 04:25:06',10,NULL),
(5,8,'2023-09-04 04:25:06',18,60),
(6,8,'2023-09-04 04:25:06',NULL,90),
(7,3,'2023-09-04 04:26:54',20,NULL),
(8,3,'2023-09-04 04:26:54',15,90),
(9,3,'2023-09-04 04:26:54',NULL,100),
(13,1,'2023-09-04 04:28:40',20,NULL),
(14,1,'2023-09-04 04:29:06',NULL,100),
(16,32,'2023-09-04 06:53:16',NULL,100),
(17,33,'2023-09-04 06:53:40',12,NULL),
(28,42,'2023-11-21 14:10:30',50,100),
(29,43,'2023-11-23 23:58:13',NULL,100),
(30,44,'2023-11-23 23:59:17',4,50),
(31,45,'2023-11-24 00:08:45',30,80),
(32,46,'2023-11-24 00:13:56',2.1,30);
/*!40000 ALTER TABLE `ThongTinSucKhoe` ENABLE KEYS */;
UNLOCK TABLES;

--
-- Table structure for table `ThuCung`
--

DROP TABLE IF EXISTS `ThuCung`;
/*!40101 SET @saved_cs_client     = @@character_set_client */;
/*!40101 SET character_set_client = utf8 */;
CREATE TABLE `ThuCung` (
  `ma_thu_cung` int(11) NOT NULL AUTO_INCREMENT,
  `ten_thu_cung` varchar(100) NOT NULL DEFAULT '',
  `ngay_sinh` date DEFAULT NULL,
  `gioi_tinh` tinyint(1) DEFAULT NULL,
  `ghi_chu` text DEFAULT NULL,
  `ma_giong` int(11) DEFAULT NULL,
  `ma_nguoi_chu` int(11) NOT NULL,
  PRIMARY KEY (`ma_thu_cung`),
  KEY `fk_thucung_giong` (`ma_giong`),
  KEY `fk_thucung_ngdung` (`ma_nguoi_chu`),
  CONSTRAINT `fk_thucung_giong` FOREIGN KEY (`ma_giong`) REFERENCES `Giong` (`ma_giong`),
  CONSTRAINT `fk_thucung_ngdung` FOREIGN KEY (`ma_nguoi_chu`) REFERENCES `NguoiDung` (`ma_nguoi_dung`)
) ENGINE=InnoDB AUTO_INCREMENT=50011 DEFAULT CHARSET=utf8mb4 COLLATE=utf8mb4_general_ci;
/*!40101 SET character_set_client = @saved_cs_client */;

--
-- Dumping data for table `ThuCung`
--

LOCK TABLES `ThuCung` WRITE;
/*!40000 ALTER TABLE `ThuCung` DISABLE KEYS */;
INSERT INTO `ThuCung` VALUES
(1,'tom','2019-10-10',1,'chú mèo béo lười',205,1),
(2,'Charlie','2019-10-11',1,'mèo ú',205,2),
(3,'Max','2019-10-12',1,'mèo mập',205,1),
(4,'Luna','2019-10-13',0,'mèo lười',205,2),
(5,'Bella','2019-10-14',0,'chú mèo béo lười',205,1),
(8,'Josh','2019-10-01',1,'con chó hay ngủ lười',103,1),
(18,'Josh2434','2019-10-01',1,'con chó hay ngủ lười',103,1),
(28,'testpet','2019-10-01',1,'con chó hay ngủ lười',104,1),
(32,'testpet1','2019-10-01',1,'con chó hay ngủ lười',104,1),
(33,'testpet_2','2019-10-01',1,'con chó hay ngủ lười',104,1),
(42,'Jacky','2018-11-17',0,'tham ăn ngủ lười',102,2),
(43,'tony mập','2022-11-17',0,'',101,8),
(44,'mèo lười','2022-11-26',1,'',205,8),
(45,'jack tham ăn','2023-01-18',0,'tham ăn quá',116,8),
(46,'cún yêu','2023-10-18',1,'hay nhõng nhẽo',212,8),
(1001,'William Lewis','2020-09-14',1,'Seem indicate beautiful feel wife two. Response once future. Call court learn kind school newspaper.\nCause cell pay represent keep century. Head board star tonight few. First trip next.',308,1),
(1002,'Jodi Miller','2020-06-17',0,'Moment room continue. Character ever clear huge her nature. Police whom live age establish feel.\nPresident along support third. Present perhaps six summer evening government decide those.',107,1),
(1003,'Edwin Calderon','2020-08-18',1,'Write place sometimes wrong answer PM company. Some way game instead prevent instead son ground.',200,1),
(1004,'Bryan Zimmerman','2021-04-24',1,'Approach act bad response describe. Project store program care service. Child PM me fly.\nDay maintain fly wrong official. Clear short near. Care alone direction health day us daughter.',109,1),
(1005,'Nicole Martinez','2023-02-19',0,'Professional democratic share positive term full. Institution director most. Admit question them cup out foot.',101,1),
(1006,'Phillip Thompson','2021-10-05',1,'Money whole charge hold. Nature value age realize national everything.\nImpact chance role once dark. Consumer through pretty other.',401,1),
(2001,'Kenneth Miller','2023-03-14',1,'Election what minute speak Mrs then. Financial identify heavy tonight matter help available.\nCost I throughout. Family toward medical tend professional. Gas worry science book.',214,2),
(2002,'Jessica Edwards','2020-07-02',0,'Military increase hair none might rock.\nHow they couple world often. Research know year thousand. Focus culture nature if level approach produce surface.',304,2),
(2003,'Jesse Hernandez','2023-10-23',1,'Mean talk through central. Identify bed president he.\nShould us culture I. Mouth according hard listen beautiful south PM.\nIt various him apply.',210,2),
(2004,'Charles Martinez','2023-11-08',1,'Modern set stand lawyer measure. Already oil down system career.\nTonight population help sort. Bed summer most organization tree.',416,2),
(2005,'Jason Gonzales','2021-05-05',1,'Theory phone something task much tend environment. Property contain stay probably bill else call. Order will face tree month area. Them receive front suddenly name.',104,2),
(2006,'Tonya Perry','2023-01-06',0,'Address long bill experience middle couple. Station develop believe sound world image for teach.\nPlan late four. Staff job parent water.',410,2),
(2007,'Andrea Duke','2022-07-29',0,'Seek hot book response agency daughter. Within trial particular person someone describe idea. Current church letter.',116,2),
(2008,'Makayla Hess','2021-06-29',0,'He education various do force sound. Interview guy direction probably. Smile sign either. Require job maybe necessary across spring scene indicate.',101,2),
(2009,'Eric Frederick','2020-01-03',1,'That such together make.\nFormer skin from wait rise. Marriage recent receive thing poor at. Mr wear financial spend best tough.',311,2),
(2010,'Marissa Leblanc','2022-01-24',0,'Issue idea a boy. Worry peace top economic law key. President just who require community. True different rate yeah whom.',212,2),
(3001,'Glen Price','2021-04-05',1,'Free sort environmental ask. Wrong guess should couple fly.\nOnly only yes century international much. Shoulder green box nearly half. Safe why purpose beautiful consumer.',115,3),
(3002,'Robert Clark','2021-12-09',1,'Guy ability guess still authority pick step ever. Explain join lead save. Physical rock art check up.\nCapital sea watch reason history up local. Draw impact scientist executive those window deep.',115,3),
(3003,'Jill Smith','2022-08-01',0,'Shake world wrong time example hold too argue. Event behind rule nature from together American task. Window fill pretty bill develop. Particularly sometimes Mrs believe his improve thing star.',111,3),
(3004,'Aaron Parks','2020-05-25',1,'Street teach least in language however. Avoid machine both. If artist pressure be growth cell.',113,3),
(4001,'Elizabeth Holmes','2023-01-21',0,'Great enough relationship no think. Four wish become evening policy cell quite. Conference way low where brother.\nLate college school. Pull pick number call eat.\nHair fish room call.',300,4),
(4002,'Douglas Banks','2020-01-09',1,'Season big current happen. Assume soldier buy. Worker Mrs cause whose.\nWriter senior throughout notice especially benefit him. Because act compare perform upon often between establish.',107,4),
(4003,'Kevin Martinez','2020-08-16',1,'Beat animal sound east. Beyond adult education table. Improve choice child pay bad ability.\nStar modern present student act party brother. Mother end half Republican contain three long.',404,4),
(4004,'Colleen Jackson DDS','2020-10-13',0,'Act production radio trade. Treat political so let measure senior.\nScientist buy drop cultural little color. Decision put direction give skill goal. Debate five fly enjoy both let probably.',409,4),
(4005,'Christopher Li','2020-08-27',1,'Reveal fund indeed environmental. Under peace control risk process these. Identify move most interesting.',114,4),
(4006,'Daniel Rice','2023-10-08',1,'Development only black actually. Wait check medical claim. Pay south enjoy because past character politics white.',118,4),
(4007,'Jane White','2020-04-14',0,'Yourself father tax itself watch theory. Board material door concern political hundred.',111,4),
(5001,'Tamara Johnson','2021-07-31',0,'Tv rule treatment time minute smile my.\nAvoid growth growth. Put send economic dog mind mind. Cup best use head.',313,5),
(5002,'Danielle Lewis','2022-02-25',0,'Our call important something health picture.\nEdge cut indicate accept discover tell view. Run trouble final.\nCivil decade shake. Training north modern choose movement.',206,5),
(5003,'Patricia Scott','2020-06-29',0,'Minute research size.\nHelp term so side charge. Challenge hit lose short character.\nNote concern natural affect which today Democrat.',115,5),
(5004,'Steven Jimenez','2020-03-27',1,'Ago forget hit after fall fine especially how. Such race best world spend language really. Will left TV other there brother.',406,5),
(5005,'Madeline Olsen','2022-10-19',0,'Himself international right pay boy. No international group gun feel exactly theory. Consider down sort.\nTerm avoid Republican able card international. Interesting determine interest our work begin.',100,5),
(6001,'Brandon Li','2020-12-23',1,'Find ever employee which beat four your.\nAccept federal subject respond.\nOk along forward six. Source dog cell similar.',410,6),
(6002,'Sean Weber','2021-02-09',1,'Model lot old writer.\nWall threat become particular prevent away. Hot specific wife job including the country. Moment thing despite daughter however. Three training media better dream.',102,6),
(6003,'William Williams','2020-05-30',1,'Phone tend for who crime protect cell. Light certainly carry deal.\nStart computer general ask.\nRealize major and large. Approach store according debate detail hotel.',302,6),
(6004,'David Smith','2021-07-20',1,'Model something forget hundred discuss turn fill. Mind big population season within important. Still whatever fact.',102,6),
(6005,'Vincent Wallace','2022-08-27',1,'Image many if trouble office sometimes. Brother study person approach event they first. Yeah president every early know deep.\nFast organization husband drop. Bed bit lead place population.',115,6),
(6006,'Mary Foster','2022-09-16',0,'Rather base poor hotel relationship base success view. Brother much morning travel.\nBook you ball crime never know.',205,6),
(6007,'Stephanie Jones','2020-08-11',0,'Room indeed yourself pressure exist.\nArea strong live upon none building national. Wear poor local purpose. Game daughter necessary nor until.',112,6),
(6008,'Angela Marshall','2023-04-26',0,'Will miss buy stay position party. Situation fact improve card yes suggest speak.\nRange focus value week million name. Capital recognize indicate recognize.',213,6),
(6009,'Vanessa Dixon','2020-02-09',0,'Control phone choose scientist hear. Would everybody different finish support perform. Church student difference design force administration.',203,6),
(7001,'Logan Mitchell','2020-04-07',1,'Manage sea bar cost. College modern hour part there table four go.',212,7),
(7002,'Donna Wilson','2020-04-16',0,'Born others spring why difficult enough. Herself hand common whom. But everybody top Mr person. Military rich to pull work yes religious two.',118,7),
(7003,'Kathleen Keller','2023-04-23',0,'Blue recent character sister nature almost. Clearly remember radio side.\nNational treat expect take away. Memory tonight take. Box industry set.',112,7),
(7004,'Jacqueline Logan','2022-07-03',0,'Mind reality help Democrat send painting. Very lose either avoid claim assume build. Those because lay direction thousand.',312,7),
(8001,'Mr. Christopher Davidson','2022-11-15',1,'Save fine near movement. Where road be white entire picture.\nCreate budget manager. Hope consider factor boy deal wear. Here either rich prepare war fear.',319,8),
(8002,'Shawn English','2021-11-21',1,'Single ago cell. Decide science with debate she them. General know eight already stop market marriage.',308,8),
(8003,'Anne Petty','2022-06-11',0,'Particularly director country such guy our pattern small. Year activity exist show soon gun nor.\nOn computer with have remember drop over like. Hour him long serve respond find minute.',308,8),
(8004,'Steven Dunn','2022-04-15',1,'Suffer learn summer goal third. Turn month treat reason fight place security.',200,8),
(8005,'Rebecca Willis','2020-09-15',0,'Hair each several might. Risk series that. Form hospital thought ok. Lose walk write practice hair despite.',206,8),
(8006,'Beverly Burton','2023-10-20',0,'Way provide top statement still with final. Leader couple idea own popular throw. Data agency chance significant decision discuss mission member.',213,8),
(8007,'Andrew Ferrell','2023-06-18',1,'Recognize beyond force one relate then yourself lot. Goal figure keep action impact important.',213,8),
(8008,'Melissa Taylor','2020-09-11',0,'Moment debate suffer despite offer as follow usually. Exist sport continue. Eye kid offer necessary its here.',105,8),
(8009,'Tara Howell','2021-06-02',0,'Stock show interview head light economy or. Change role business serious. Bed say lose difficult former test focus series.\nDiscover turn list guess director will.',101,8),
(8010,'Vincent Ellison','2023-02-19',1,'Than amount outside chance finish. Stand first finish international space interview.\nTravel performance television ready inside nearly myself. Country local then deep like.',111,8),
(9001,'Colleen Pitts','2021-07-08',0,'Ago current first gas road management. Economic lawyer some party water draw cultural.\nProfessor weight decade. Large person wall. Some professor personal serious.',205,9),
(9002,'Jessica King','2022-08-25',0,'Role protect point reason meeting likely according describe. Threat catch bag necessary child he knowledge. While us cell story.',200,9),
(9003,'Leslie Dorsey','2021-04-23',0,'However environmental political responsibility less. Career east field. Majority case fast population.\nFinal television crime situation cost. Start life worry lead look available.',204,9),
(9004,'Timothy Webster','2020-10-25',1,'Plan scientist put would. Yard summer election high.\nYour party during general. Home offer family stay. Enter clear visit ask west although will walk.',205,9),
(9005,'Richard Jensen','2022-09-03',1,'Media manage herself after exactly. Like discuss director each. Bag mother east eye doctor child magazine authority.',304,9),
(10001,'Heather Lindsey','2021-11-13',0,'Detail size thought whose marriage. Suddenly six nothing room usually.\nFather west class detail network. Even remember water line find professional total.',305,10),
(10002,'Donna Wood','2021-04-12',0,'Kid early step some rich occur among. Leg land either build. Medical recent despite doctor ability middle.',120,10),
(10003,'Susan Reilly','2023-01-18',0,'Health where because part personal interview for. Congress position financial. High writer growth speech. Bed example effect ever.\nDetail area husband pressure. Mind matter be food process alone.',413,10),
(10004,'Justin Jenkins','2023-01-04',1,'Research us science admit. Increase drop impact end. Bag bed team cover assume.\nParty form cause TV finish but offer. Player central system role. Author administration go among another minute.',113,10),
(10005,'Lauren Hamilton','2023-08-16',0,'Town civil special too. Big manager meeting. Country here system.\nFront together country assume real. Fight tree give especially else glass.',120,10),
(10006,'Joshua Daniel','2022-04-22',1,'Despite large court throw service. Center instead big likely though specific so.\nYour perform sit somebody Mr time. Recent traditional three draw reflect go. Sometimes space threat best happen can.',410,10),
(10007,'Daniel Campbell','2020-01-06',1,'Life class find southern over. Manager detail anything trip really. Each win treatment tonight. Direction bar power somebody cell section dark.',408,10),
(10008,'Scott Clayton','2023-01-04',1,'Feel paper represent natural sound list. Land ten newspaper subject part collection.',213,10),
(11001,'Pamela Richardson','2020-10-18',0,'Firm friend tend him. Policy tax employee including whether.\nPhysical happen see chance. Read only reason employee over strong focus exist.\nCall likely bad reflect.',403,11),
(11002,'Hailey Snyder','2021-10-31',0,'Close commercial crime per society commercial. Check meeting board listen buy such. Than effect law sister audience house.',102,11),
(11003,'Kevin Bailey','2020-05-03',1,'Able buy what somebody if. Yeah yourself land.',201,11),
(11004,'Megan Rodriguez','2020-12-20',0,'Lead bag size song chair rule establish. Degree system effort knowledge. Nothing policy especially.',306,11),
(12001,'Victoria Smith','2023-03-28',0,'Authority continue shoulder learn personal reach fight. Strong letter contain model relationship perform fast. Design his magazine perform computer might side.',110,12),
(12002,'Cynthia Doyle','2020-09-03',0,'Day organization smile western chair central pull. Worker yeah side clearly peace everyone material. Employee hit though situation support scientist. Wear citizen tonight whose news grow talk.',100,12),
(12003,'Jason Taylor','2022-04-30',1,'Discussion way girl easy large. Use rest themselves laugh good certainly toward. Become line soon television front even of.',403,12),
(12004,'Vanessa Smith','2020-06-01',0,'Position college its draw. Agree evening during accept represent sense media.\nMore contain such series somebody agent. Turn who phone management listen.',210,12),
(12005,'Jason Rogers','2021-07-02',1,'Claim recent during among necessary report.\nWear quickly air live field. Property western husband start sister issue cold. Give sound change standard home pay author.',209,12),
(13001,'Shannon Wheeler','2023-09-24',0,'Happy worker yourself seem response. Teacher budget writer take into should.\nNecessary film beautiful visit young now. After ten central anyone cultural.',311,13),
(13002,'Lauren Ball','2020-04-20',0,'Food history eye pull nation. Big couple camera. Rise fill condition significant.\nGeneral bed much along old analysis shoulder study. Article onto goal. Some thing although majority.',301,13),
(13003,'William Allen','2021-06-01',1,'Majority oil fact ahead today sure. Their area run state this audience travel system. Any foot myself fire last house focus.',207,13),
(13004,'Melissa Quinn','2020-07-24',0,'It rule that information.\nNothing guess political find treatment admit. Sit bank state free wall our.\nSing inside hour imagine. Unit do Congress. Road push big.',207,13),
(13005,'Elizabeth Summers','2023-06-16',0,'As body director table discuss. Great guy soldier place behavior you.\nBook talk little. Particularly we state your.\nAct if usually establish international contain protect.',402,13),
(14001,'Rebecca Arroyo','2022-03-07',0,'Each travel seek word every whatever card. Student under late people. Hope people meet.\nTeam skill page time speak. Compare likely dinner grow against level soldier commercial.',112,14),
(14002,'Donna Rice','2021-03-29',0,'Arm father usually. Field leg clearly mention water those. Hot argue tend opportunity group.\nPlayer box case while nice view yet.',114,14),
(14003,'Victor Wilson','2021-11-14',1,'Player report dog care. Language election boy involve cut though.\nSomething vote then some traditional capital successful black. Consider cultural end then across accept allow.',212,14),
(14004,'Erin Smith','2022-10-05',0,'Us look road fight a.\nThing probably chance Democrat western itself television. Small Democrat newspaper floor important.',208,14),
(15001,'Edward Hernandez','2022-08-16',1,'Their choice hundred result. Probably compare treatment security.\nTo stand visit across pretty.\nSomebody better gas loss. Glass single form a back. Leg feeling give expect less though give finish.',305,15),
(15002,'Brianna Mills','2022-05-28',0,'Professor candidate indeed interest task. Station return agent go phone follow car.\nSuch admit major sure all good base. Call full machine however very range near.',405,15),
(15003,'Cody Smith','2020-07-06',1,'Court second table general policy. Total prevent themselves score room as.\nFull result church nation future. Fish answer small worker song event however by.',103,15),
(15004,'Michael Alexander','2022-11-21',1,'Boy may be without language where any. Finally check unit simply join notice whom turn.',120,15),
(15005,'Cathy Aguilar','2020-05-19',0,'Cultural half company would race. Whom without today development heavy a. Quite traditional image on husband meeting would. Student hospital charge paper behind.',406,15),
(15006,'Pamela Myers','2021-06-11',0,'Develop member open Mrs exist theory rate. Store live machine cut forget whether recognize. Throughout another early skin continue people.',116,15),
(15007,'Eric Wolfe','2021-04-17',1,'Budget baby page movie political camera. Data who significant challenge model. Place specific writer compare serve red speech history.',412,15),
(15008,'Alan Martin MD','2020-01-21',1,'Benefit on cold ten side these. Guy pretty huge second determine why might reduce. Learn attack president per teach difficult seven use. Head century far group tell.',105,15),
(15009,'Denise Leonard','2022-10-27',0,'Study need week question report light. Three when act fast money.\nAdministration significant day improve.',203,15),
(15010,'Brittany Welch','2023-11-24',0,'Glass girl such. Anyone hour find oil always feel. Country practice forget college really use.',111,15),
(16001,'Steven Wilson','2021-03-23',1,'Bank hope administration air whose event and month. Miss near pattern letter relate ahead small. House lead institution.\nUs across force feel letter. Training long lawyer agreement plan result.',202,16),
(16002,'Megan Johnson','2020-03-25',0,'Suddenly base leg. Son put create.\nGeneration region stay stand billion research. We stuff left there language thought fact.',210,16),
(16003,'George Shaw','2022-01-11',1,'Child light democratic agreement finally PM.\nMilitary eat something become lead. Itself day test particular administration.',107,16),
(16004,'Elizabeth Goodwin','2022-02-07',0,'Health event through agreement live. Great hear pay voice fish civil seek.\nTend court exist drop perhaps. Strong expect six material general whole. Rate pretty response also.',208,16),
(16005,'John Oconnell','2023-02-05',1,'If until water beat. Bar west name since suggest let.\nNice serious authority factor crime class surface between. Pay add college college.',407,16),
(16006,'Amber Hall','2022-11-26',0,'Whose performance herself his.\nBuilding however join seven yeah term realize. Suddenly husband hour material dark. Maintain south stage oil fire foreign. Learn billion discuss.',413,16),
(16007,'Kimberly Obrien','2023-08-04',0,'Both red parent program card still never increase. Community ok night explain blue generation measure. Example hour drive eat off so call.',206,16),
(16008,'Brad Nelson','2023-01-18',1,'Partner now whatever population college choice. How hospital research. Imagine person campaign personal.\nCentury describe ahead budget experience. Modern may process consumer bring carry.',118,16),
(16009,'Veronica Davis','2020-10-03',0,'Enter teach difficult Mrs drive. Opportunity protect too. Edge her hundred remain also conference up.\nAddress decade argue national market avoid start. Up such stock away face test few.',115,16),
(16010,'Ashley Klein','2023-07-10',0,'Data room involve. Detail road TV prepare hold. Reason nor former population scientist.\nLearn figure large story.',405,16),
(17001,'Megan Lyons','2023-09-13',0,'Carry one new Republican also lot item. Purpose away during. Evening four approach cold season range degree.\nPicture fire matter gas attack shoulder.',112,17),
(17002,'Stephen Brown','2020-08-13',1,'Yard lead thought summer. Community another of threat.\nBag show compare challenge friend. Human fish name body sign pattern voice. Stop authority report from behind of.',202,17),
(17003,'Lisa Escobar','2022-11-25',0,'Themselves continue interest election tree stay phone. Put side international often approach that sure.\nResult law shake president. Hot could part.',318,17),
(17004,'Katherine Miller','2021-01-06',0,'Want perhaps night growth buy action always. Create fly let.\nThousand here view. View chance study red record leg. Start drug forget treatment finally safe hotel.',405,17),
(17005,'Carrie Lamb','2020-04-13',0,'Watch discussion teach brother mouth standard. Act list statement rise teach send.\nOccur little road yet item job. Maybe husband enjoy.',109,17),
(17006,'Wesley Pena','2020-01-25',1,'Range enjoy peace safe. Force cause may.\nRealize identify good market. Without your also cost. Walk end management choice stage radio sense guess.',214,17),
(17007,'Cheyenne Smith','2022-08-12',0,'No close person. Guess arrive hear much kind. Director report left cut. Factor allow thank social behavior himself main.',212,17),
(17008,'Theresa Harris','2022-10-17',0,'Available senior popular move develop explain difficult. Last long region environment father near.\nReach a result can. Public themselves loss doctor lay real government financial.',115,17),
(17009,'Sarah Shannon','2021-08-19',0,'Style support office upon. South by exactly affect by.\nWould word certain discuss central executive. Or language woman rock arrive none. Party major figure discuss adult. Spend least realize.',312,17),
(17010,'Christine Burton','2021-08-26',0,'Fall market thank those drug.\nProject four wonder service least meet oil. Wide born skin community.',305,17),
(18001,'Cathy Herrera','2022-01-14',0,'Growth must of well summer detail radio. Reason ready term control.\nPresent smile board own fire sister tax. Miss interesting wear sit.',115,18),
(18002,'Stephanie Perry','2023-11-08',0,'Body smile send day test since because. Window only expect once could.\nGreen his leader control continue talk. A military lot write recent man. Network camera ahead force owner staff.',214,18),
(18003,'David Kennedy','2021-05-27',1,'Peace support hit crime form camera. Water fish specific expect ever under.',111,18),
(18004,'Dr. Alec Torres','2021-10-11',1,'Boy question officer national try yard. Range yourself seek near people smile.',114,18),
(18005,'Jessica Johnson','2022-10-13',0,'Begin none on moment industry someone message. Skill manage allow perhaps.',310,18),
(18006,'Katherine Gonzalez','2023-11-21',0,'Order live move. Company state current yard top. Suggest girl technology happy sometimes. True campaign nation office.\nTraining yet century relationship option which before.',312,18),
(18007,'Courtney Kelly','2022-12-16',0,'Teacher might campaign. Training same receive resource. Improve among discussion spend too attack. Site down within human.',213,18),
(18008,'Gabriela Simon','2023-09-19',0,'Talk entire according answer hundred. Owner way focus different. Student upon at race.\nSeven analysis budget red plant. Sport cultural beyond number positive actually. Upon nice imagine poor those.',114,18),
(19001,'David Franklin','2022-01-30',1,'This challenge sport garden party middle serious. Other discussion myself mother prepare. Plant trip to production rich population.',209,19),
(19002,'Timothy Smith','2020-08-26',1,'Skill agency cover present back moment.\nEvent condition draw. Maybe record through the available sense surface. In officer provide head ball.',113,19),
(19003,'Joshua Brown','2021-10-28',1,'Well car personal nature partner your. Lead city simple worker front. Executive ball with. Kid design would.',114,19),
(19004,'Mr. Jared Allen MD','2023-03-09',1,'Treat on forget message. Friend prevent near center win. Continue community sort health.\nEffort side able yard beat line mind animal. Different Congress four what address.',117,19),
(19005,'Danielle Garcia','2020-12-22',0,'Room later campaign threat both base.\nFinally always wide think phone cut nearly. Cell offer hear all drop tell.',213,19),
(19006,'Thomas George','2021-07-10',1,'Medical within receive day. Lawyer mother room. Exist network weight.\nWhile long officer mission hope else. Issue degree note deal board down. Military control next. Young husband not job window.',109,19),
(19007,'Erin Blankenship','2023-05-18',0,'Stage authority remember door career. To mother major beat condition too authority Congress. Consider all final last cell.',205,19),
(19008,'Connor Lara','2021-09-08',1,'Compare young practice large. Building build crime total politics identify social.\nItself outside community article seek. Street cut writer camera notice guy per.',108,19),
(19009,'Eric Harris PhD','2023-01-26',1,'Behavior drop spend collection want. Detail over school away. Feeling black issue almost job.',211,19),
(19010,'Eric Richards','2020-09-09',1,'Someone interview major their guy military history. Charge meeting audience thank everyone rest hundred.',212,19),
(20001,'Cody Mendoza','2021-08-25',1,'Spend about after seem. Property have real speech.\nMarriage listen also write. Common hit last. Born take task.\nStrategy wide structure suddenly service. Their identify remain social series scene.',200,20),
(20002,'Sheryl Williams','2020-03-05',0,'Southern develop field order involve management. Send bad candidate culture deep fight bag office.\nLevel politics receive mouth debate return. Serious seek purpose require since.',301,20),
(20003,'Jacqueline Martin','2021-07-24',0,'Service group picture allow wife wonder. Break lose happen enter energy. At want pick front. Experience notice population most school meet.',106,20),
(20004,'Susan Stevenson','2022-11-06',0,'Mrs make but strategy box much artist. Green else agree performance really century remember later. Move back approach site across treatment.\nStop where leg heavy her debate. Current behavior any.',309,20),
(20005,'Thomas Harmon','2021-08-10',1,'Claim yeah matter city. Heart anyone put.\nListen spend accept you teacher his traditional. Nice law never American. Wall laugh ago face staff.',210,20),
(20006,'Jacqueline Johnson','2020-07-18',0,'Statement gas grow some quickly agreement environment. Cold travel establish room cold. War official east single.',214,20),
(20007,'Daniel Moore','2020-04-18',1,'Popular mention alone everything. Significant box modern without structure throw economy.\nThroughout family difficult. Relate blue author agency. Economy until learn Democrat either interview point.',103,20),
(20008,'Mark Miller','2020-07-08',1,'Also station edge that its simply personal. Of seven marriage bit.\nHotel old test meeting data. Hot south kitchen base break. Summer economic subject attack think fly.',112,20),
(20009,'John Johnson','2020-04-13',1,'That surface common guess class look outside. Increase ever measure case assume pull wide seven. Computer go friend door away cold.',317,20),
(21001,'Matthew French','2020-12-21',1,'Huge early course agency never soldier mean site. Effort my appear how least national. Single change foreign sport shoulder work accept there. News center mission not her expect more husband.',404,21),
(21002,'William Marshall','2020-03-17',1,'Stage result level account Democrat. Issue join staff member bed sure half.\nColor establish enough there. Choose see agent.',212,21),
(21003,'Chelsea Crawford','2022-07-11',0,'Stop interest street.\nToday man have major safe. News care receive partner major billion science. Student cover happen occur.',114,21),
(21004,'Dr. Bryan Bautista','2022-06-27',1,'Middle board knowledge fear. For image certainly employee especially born stock. Smile wonder idea news in.',101,21),
(21005,'Kathryn Garcia','2021-12-04',0,'Rock manager enter. Series religious either. Everything term memory address main do year.\nStill claim never hospital nature. Culture husband need difficult. With direction human ten.',120,21),
(21006,'Jason Hamilton','2022-08-07',1,'At member take. Traditional marriage process consider. Office his lead save.\nPart word professor society past role suddenly. Bring themselves get ahead food.',108,21),
(21007,'Anthony Lee II','2020-02-13',1,'Degree real measure face eye fine. Service mission I factor.\nShake federal society standard. Situation seem camera oil politics call.\nRich station lawyer pull.',209,21),
(21008,'Wanda Smith','2022-05-19',0,'Particular sport action raise. Treatment name long main family. According happen loss feel yard crime. Responsibility where eat available town fire occur four.',306,21),
(21009,'Sarah Cooper','2020-06-09',0,'Point boy these mean. Pretty guess eye determine get company. Prepare economy minute cold outside.\nReport probably growth population price inside. Eye many recently almost half boy.',209,21),
(22001,'Heather Castro','2020-02-26',0,'History issue generation out serious. Report available success home thousand compare.\nYoung line north wrong article along couple. Stage their heavy response old.',105,22),
(22002,'Kaitlyn Thomas','2022-01-26',0,'Talk able drive hope industry safe address cost. Fall certain compare alone certain. Human according read. Billion result each off probably public fact history.',409,22),
(22003,'David Romero','2020-04-23',1,'Keep resource fight participant necessary long voice.\nForward affect base scene also language. Rate system interesting.\nLetter subject almost inside we box provide.',312,22),
(22004,'Jake Dominguez','2022-04-08',1,'Summer interesting seat single newspaper. Parent within other good small action wish. Better entire wall test.',308,22),
(22005,'Samantha Shaw','2020-05-12',0,'Fast sell actually show. With fly usually into notice. He word arm fly over too.\nLoss discussion energy article enjoy city federal. Southern window radio hear edge member.',114,22),
(22006,'Ashley Moody','2023-07-19',0,'Certainly radio easy floor when. Water president significant specific science animal.',402,22),
(22007,'Alexander Jones','2020-05-06',1,'Week daughter field his.\nFactor push heart again ability. Drug sit international suggest risk.',318,22),
(23001,'Carrie Gallagher','2020-12-14',0,'Always find actually foot save. Forward tough Democrat visit read Congress.',301,23),
(23002,'Lori Costa','2020-10-24',0,'Newspaper he rich its middle raise. Theory third increase able appear nothing. Network sister fund home employee south we.',212,23),
(23003,'Elizabeth Lopez MD','2020-03-27',0,'Drug rich long indeed camera though tree. Thousand section entire local carry. Remember will team former.\nPlay court eat challenge hundred. Particularly role teacher free politics order crime.',302,23),
(23004,'Ian Parker','2023-09-11',1,'Institution score better defense. Product behind fund item to type. Mean something respond these discussion story. Floor no seem.',201,23),
(23005,'Carla Wilson','2023-11-13',0,'Per music treatment school eye ago. Enter executive buy front movement.\nPolice miss out almost plant boy top. Finish it develop owner your. Resource since opportunity those laugh recently.',205,23),
(23006,'Jamie Taylor','2022-07-20',0,'Walk then next force season style perhaps. Itself color loss.\nCamera opportunity sell religious also. Commercial west run home of ready vote.',309,23),
(23007,'Jill Foster MD','2021-04-03',0,'Figure lot Congress rather audience begin six. Program able reveal order before. Head require allow.',116,23),
(23008,'Theresa Weeks','2021-01-31',0,'Employee team cell in recognize. Area born consumer as campaign none strategy.\nEasy bit stop understand. Carry physical drive sometimes. Special mother wide know hard also.',118,23),
(24001,'Jeremy Carter','2020-03-26',1,'Yet continue those song step research anyone line. Force agree table catch find source than.\nGame someone court nearly community. Wear mean cup entire game just could.',113,24),
(24002,'Carl Smith PhD','2021-07-02',1,'Agreement right director meet enter explain art. Budget industry best stage measure include can. Technology price hair name.\nImpact boy south oil. Sure address her project prove though eat.',119,24),
(24003,'John Caldwell','2023-11-14',1,'Speech spend small help from stock red rest. Security see result player school heart.\nNew eye bag pass west. Quickly indeed we natural ready rise tell reach. West skin these show build.',205,24),
(24004,'Matthew Walsh','2023-06-09',1,'Thank memory suddenly purpose including response. Face difficult still learn.',104,24),
(25001,'Sherri Neal','2023-03-31',0,'Thought explain reduce apply production. What debate happy traditional far seem rule. Project our score front then.\nOn truth level buy less. Future sort especially court administration form data.',307,25),
(25002,'Patricia Price','2021-01-30',0,'Truth school like fish two perform image. Girl trip radio exist while oil. At degree as.',303,25),
(25003,'Michael Hull','2021-08-21',1,'Century forget commercial guess only record issue coach. Forward edge wear same.\nEast same quickly brother specific. Call practice team least attention. Attack give wish ready possible final.',112,25),
(25004,'James Jensen','2023-02-06',1,'Within manager movie certain low detail. Accept actually represent everything color series.',107,25),
(25005,'Jennifer Brown','2021-07-11',0,'Win according dog idea admit make feeling. Your walk pressure.\nElse also include long strong miss.\nDream recently including language western.',111,25),
(25006,'Jason Garcia','2023-11-01',1,'Evidence grow almost ask other movement without station.\nContain make if certainly north. Air ever heavy turn series sort.',416,25),
(25007,'Mrs. Virginia Evans','2020-06-04',0,'Risk girl audience organization. Friend major sort receive area. Name call trial experience make which man trouble.',205,25),
(25008,'Brett Reynolds','2021-12-12',1,'Surface growth especially born buy price. Morning over through make read carry data. Stage government strategy heavy school.',100,25),
(25009,'Brian Scott','2023-05-06',1,'Place about create national such. Ago paper leave sometimes moment shoulder.\nPoint parent decide.',212,25),
(25010,'Richard Moreno DDS','2021-07-05',1,'Game maintain much agent reduce. Issue thing place store effect find can pass.\nRelationship commercial third sometimes. Available camera bad democratic identify.',210,25),
(26001,'Scott Clarke','2023-10-05',1,'Admit from employee our risk. Cut can specific could audience. Produce call administration role car rather.\nOften seat any them with. Already realize recently court maintain be commercial.',317,26),
(26002,'Elijah Weeks','2022-01-17',1,'Expect decision table four option relate. Evening never newspaper recognize. Glass natural station try future yard. Wish maybe bag job friend.',101,26),
(26003,'Jason Wilson','2020-08-27',1,'Character bad possible. Need me look none nor not really.\nFood discussion want machine. Evening I fish yard rise serious purpose need. Teach may sister ok.\nThus relate board.',405,26),
(26004,'Christopher Williams','2021-01-19',1,'Run adult market Mr feel score approach. Pm toward over. Particular trouble west range concern cultural glass. History not institution measure affect tree.',409,26),
(26005,'Sylvia Rodriguez','2022-11-21',0,'For another group him. Produce this nice face rock quality.\nChurch pass picture social interest among card. Role site management material kind.',120,26),
(26006,'James Arias','2021-08-11',1,'Expert line town. Check within southern age.\nSound stuff whom activity. Oil production case. Reach office according cover guy.',316,26),
(26007,'Christy Barajas','2020-07-15',0,'Certain go service two already. Rich doctor once subject impact billion heart. Pressure create manage grow what learn leave.',100,26),
(27001,'Melissa Acevedo','2021-08-27',0,'Task seat skin daughter activity enter attorney radio. The watch American effort guy past.\nRecent get newspaper. Measure issue employee manage place third long ask.',111,27),
(27002,'Dennis Schaefer','2020-04-11',1,'Indicate let whatever ever imagine go. Over check lawyer.\nSkin these dog woman level use. Direction or join only. Too team affect security book picture.',101,27),
(27003,'Sarah Cannon','2021-02-20',0,'Age enough wear research kind pass. Ok modern really performance moment.\nDinner quickly record ten wind. Magazine occur task. Why offer sister expect forget big.',210,27),
(27004,'Antonio Foster','2020-12-19',1,'Drug down education water feel. Car marriage point compare Mr. Avoid someone north protect understand within else.',100,27),
(27005,'Nathan Welch','2022-05-23',1,'Information plant seek case direction. Include up manage drive area.',106,27),
(27006,'Larry Smith','2023-11-06',1,'Continue drive thus door. Could safe allow evening build fly. School right notice history material.',416,27),
(27007,'Mark Francis','2021-02-16',1,'Least simple any to assume at their identify. Response gas another religious technology arrive. Each enter including drop guy floor. Use by cost attention will consider we.',206,27),
(27008,'Charles Bishop','2022-08-04',1,'Now Mrs order accept spring degree direction southern. Along order can anyone deep very his. Look big myself far statement.\nOften former hour. Nice kind always.',319,27),
(27009,'Shari Castro','2021-01-08',0,'Civil matter brother read save yard effect. Or according economic course computer.\nHim place new deep ever. Provide hotel scene always. Often evening two democratic mind range.',213,27),
(27010,'Lindsay Young','2023-08-21',0,'Dog able audience positive change either. Yeah half since low according.\nApproach whole born why day bad. Season camera start could indeed shake laugh call. Simple many describe but.',202,27),
(28001,'Kenneth Willis','2022-10-07',1,'Give easy maybe while speech north left. Morning respond kitchen best.\nSuch or experience report. Him newspaper six explain address property.',111,28),
(28002,'Jordan Phillips','2022-05-18',0,'Carry treatment describe director. Close ability save collection. Condition arm cold happy similar worry.\nProduce pay board goal president. Oil recognize available career maintain.',113,28),
(28003,'Michele Price','2020-12-31',0,'Against do learn PM. Ahead bag control career beat.\nCentral reality crime break positive social. Loss him difficult. Half building if risk play gas air hour.',317,28),
(28004,'Christy Thompson','2021-05-08',0,'Floor general husband letter seat four concern. Foot deep bar move.\nSport relationship how few condition. Physical political sort tell. Represent food save thousand.',305,28),
(28005,'Logan Kelly','2022-09-30',1,'Court board head along. Huge watch data color wait protect. Option foot food activity perhaps computer remember. Sea perhaps if those ever save long.',120,28),
(28006,'Dawn King','2020-11-22',0,'Property fast meet be year little camera. Project degree nearly deep everyone generation government. West control throw meeting significant develop paper.',106,28),
(28007,'Mrs. Katelyn Miller','2020-11-18',0,'Move its religious I eye result. Recently former right very wife wish how. Travel say manage pay factor. Floor item space arm activity more nothing.',402,28),
(28008,'Kevin Sampson','2023-11-23',1,'Hour beat resource green mouth. Low like family compare possible into beyond.\nOff people police event so. Tough usually after society.',405,28),
(29001,'Joshua Johnson','2020-09-28',1,'Certain sound western size explain.\nWatch star democratic provide crime eight.\nCan reveal institution believe whom. Word view air. Live long realize forget look sometimes series.',111,29),
(29002,'Anthony Walker','2020-01-14',1,'Across able goal hotel leader race. Even clear all when about daughter field. During not official white stage task trade.\nBase expert eye past lose indeed. Skill food side available water break a.',309,29),
(29003,'Shawn Caldwell','2020-10-26',1,'Experience already hot them worry little dream. Executive decade just teach company change six.',309,29),
(29004,'Thomas Ellison','2022-04-18',1,'Raise animal no door far compare. Whose put time other store. Prevent else through card trip occur party send. Significant entire stay view to.',205,29),
(29005,'Jessica Preston','2022-05-21',0,'Mrs inside lose yes guy moment. Minute market father most occur.\nPhone accept rise sound live poor or. Middle tonight reach audience son conference idea far.',307,29),
(29006,'Latasha Cooper','2023-01-22',0,'Team night ready condition purpose red.\nThis official clearly.\nEast part certainly still world player. Hope probably hair experience. Represent perform early.',117,29),
(29007,'Kaitlyn Foster','2022-07-08',0,'Fly seek toward crime college state. Listen them see week industry.\nModern early our need. Nothing quickly speech year case.',408,29),
(29008,'Alicia Adams','2021-04-28',0,'Market beyond foot. Opportunity note value able myself simply blood.\nPolice guess want sit conference save election. Bit upon home reality control rock.\nGrow so eight nice.',102,29),
(30001,'Dominic Jones','2023-05-01',1,'Civil when kind meet despite message walk enter. Skill and consider organization so six marriage. Send audience thought.',103,30),
(30002,'Kelsey Stevens','2020-03-06',0,'Challenge institution building girl before law some particularly. Which consider vote as beyond nor.\nMay vote just outside teacher activity reach. Teacher nor technology strategy tend team.',207,30),
(30003,'Eric Juarez','2021-01-31',1,'Need on us assume other. Simple sense talk very particular keep so.\nWhom mention strategy black hour. Population pretty population power model table. Notice either fact leg.',116,30),
(30004,'Jade Morgan','2023-02-04',0,'Lay single foot office plan. Painting citizen weight behind fact source. Media myself suffer believe.',201,30),
(30005,'Dawn Harris','2020-12-30',0,'Recognize condition soon full morning water. Future form serve in. Foot represent ahead picture.',200,30),
(31001,'Ian Allen','2023-02-26',1,'Whose she experience candidate turn whatever vote. Capital identify figure include rich middle. Hotel class news.',206,31),
(31002,'Dana Patel','2022-01-25',0,'Manage cultural peace as. Sea building visit reason art worry seem. Cost character short west force suffer attorney issue.\nCheck wear station trade only opportunity wife.',316,31),
(31003,'Rebecca Smith','2020-09-11',0,'Sign win painting movement collection case. Wear thought plan view effort. Today positive wrong worry old.',404,31),
(31004,'Audrey Christensen','2021-07-29',0,'Stuff involve hundred may risk hospital field. Hospital close hot send smile chance. Run interview over fly. Foot challenge somebody either.',211,31),
(31005,'Richard Sanchez','2020-04-28',1,'Fire mission shoulder bill pretty child. This so toward central.\nTest material whose his. Trip market idea name. Institution hold fall hotel.',407,31),
(31006,'Alejandro Johnson','2022-03-02',1,'Happy activity and expert project nothing field compare. Culture nearly artist hold.\nMaybe town build. Minute music economy he final.\nMoment unit expert.',405,31),
(31007,'Tyler Sanders','2020-09-22',1,'Nature use story protect know both. Turn ball hair everyone require accept.\nReport city boy company. May speak city check plan.',405,31),
(32001,'Elizabeth Ramsey','2020-02-03',0,'Statement positive attention describe. Keep its thank economic explain must. Federal should kid finally. Population worker party.',115,32),
(32002,'Julie Whitaker','2021-10-08',0,'Religious tree determine red. Section respond something carry. Adult huge news. Later point finish two who.\nMethod skill support lead alone. Nearly social medical tend later green moment effect.',104,32),
(32003,'Mary Washington','2022-03-05',0,'Build page next school condition. Admit public evidence few.\nTop suffer best. View should national never short. Safe girl discuss program rate music.',405,32),
(32004,'Stacy Woods','2023-11-19',0,'Company certain show. Step show general something perhaps believe. Seven scientist actually.',201,32),
(33001,'Cathy Lee','2022-10-14',0,'Hotel few three suddenly start Mr. Treatment just sense business seek interesting turn those. Home far guy enter yes.',116,33),
(33002,'Richard Lawson','2020-08-12',1,'Order environment real opportunity appear. Million need business watch deal hope we just. Certainly scientist region professional environmental service then.',120,33),
(33003,'Zachary Wagner','2021-08-21',1,'Truth speak myself ever out. Item hit newspaper. Thank enough discuss rate.',302,33),
(33004,'Michelle Gibson','2021-12-27',0,'Expect tough interview improve. Data interest item leave.\nFew something up price floor. Include rest put early shake.',308,33),
(33005,'Gina Rogers','2022-10-20',0,'Space boy from address learn. Key here total become.\nIncluding money board lay receive answer my. President today blue represent. Rule recent drive newspaper check such they gun.',214,33),
(33006,'Amanda Miller','2022-08-03',0,'Card responsibility today general interest message. Bill management alone employee.\nOnce manager my class seven her base place. Voice dinner reduce growth.',104,33),
(33007,'Steven Martinez','2023-09-04',1,'Security anyone role involve appear. Movie show science. Act because from week over grow property.\nConsider chair buy people. Determine court focus. Similar piece kid feeling age.',100,33),
(33008,'Roger Thomas','2022-11-28',1,'Any street spring answer adult they tough. By be my.\nTough rest list. Leg early what even significant. Know why view give. Again social out arrive evening.',309,33),
(33009,'Anthony Jones','2022-04-12',1,'Such finally dark cut send window. Truth outside popular way newspaper care. Indeed consider few person memory.',211,33),
(33010,'John Reynolds','2022-08-04',1,'Story end agreement minute yard whether. I since church war hair. Follow blue necessary manager.',201,33),
(34001,'Bryan French','2022-09-07',1,'Against down image research create ok. Young close company hear see pretty.\nNetwork show just food such. Area read discover pass yeah sort buy.',112,34),
(34002,'Jennifer Warren','2022-11-12',0,'Indicate coach enjoy feel she. Position evidence nice performance wind. Respond beautiful give pass mother most.',210,34),
(34003,'Brian Myers','2020-08-10',1,'Draw method Congress return would decision. Section wife listen. Rock no bit chair. So little add senior land result property.\nTask simple though nothing accept upon focus.',308,34),
(34004,'Ashley Thompson','2022-08-30',0,'Term tough grow improve. Itself prevent morning bring.\nNo course member listen week. Rest myself voice. Shoulder amount remain his decision.',413,34),
(34005,'Jessica Bruce','2023-03-12',0,'Their himself blue thing. Land law yes rest least kid increase.\nRecognize ability without. Side skin far contain reduce party. Environmental family building family throw thought.',212,34),
(34006,'Brett Jones','2020-06-29',1,'Happen ok reduce check partner full. Wind thing difficult treatment large shake. Discuss computer discussion now agreement than poor.',207,34),
(35001,'Ashley Gonzales','2020-05-18',0,'Nation gas surface clearly. Next least great something risk executive rate. West truth service analysis.',109,35),
(35002,'Albert Cruz','2021-12-31',1,'Process wonder money. Cost discuss sell player that hour. Much career key lay.\nFigure bring general. East four enjoy later address.',402,35),
(35003,'Jason Baldwin','2022-04-11',1,'Act still here become have. During nice movement call cell. Significant section should all poor.\nTwo bill car girl north few civil.',109,35),
(35004,'Robert Smith','2023-05-19',1,'North later room town note teacher how rather. Language culture themselves see. Our modern second hotel seek.',201,35),
(35005,'Katrina Miller','2022-09-14',0,'Record reduce campaign month. Food claim case yard send design into.\nLeader environment simply land allow impact.',105,35),
(35006,'John Nichols','2021-01-17',1,'Your ago response view. Agency summer ball political. Term bring back lay just. Point though red.\nAnother political meet well keep case.',406,35),
(35007,'Roberto Sullivan','2023-03-08',1,'Feeling cultural how do lay avoid compare. Exactly still national back heavy range.\nProfessor five event various professor conference. Want early environmental cell.',213,35),
(35008,'Pamela Hale','2023-07-11',0,'Spring billion process dark onto. Environmental foot might sing behind.\nCould writer audience card young matter prove.',118,35),
(35009,'Jennifer Lucas','2021-05-01',0,'Maintain capital brother attack. Federal only people century teacher else. Agreement senior reveal they.',212,35),
(35010,'Andrew Hudson','2023-11-20',1,'Yeah increase travel rich remain.\nArea process clear herself behavior training. Name art around while role. Education employee figure radio child local listen.',119,35),
(36001,'Kevin Castro','2021-01-01',1,'Long evidence evidence personal better. Sister by bed professor audience radio.\nSecond new employee. Knowledge raise use and.',117,36),
(36002,'John Greene','2022-12-12',1,'Run past result brother participant fish town. Collection whether already. Shake thank fine quite company.\nOwner about mouth identify mind appear. Ahead different great sister chance history.',300,36),
(36003,'Corey Lopez','2020-12-21',1,'Nothing main score phone case. Mention step discover.\nFocus our anyone thought. Play left rich just describe participant.',410,36),
(36004,'Joseph Clark','2020-10-31',1,'Ball dark later wife forget help member. Father over dark everyone building. The tough result.\nDetermine kitchen subject thank. Onto alone bit.',406,36),
(36005,'Cynthia Fernandez','2020-01-13',0,'Head hand view change expect sort. Require popular break realize.\nDebate few notice environmental like pressure message realize. Professional man alone agree.',207,36),
(36006,'Diane Boyd','2021-08-09',0,'Identify enjoy out agent. Art with speak arrive.\nMuch floor school individual consumer image. Spend any enjoy high good bed several. Wind participant win model money land.',213,36),
(36007,'Jennifer Gallegos','2023-08-05',0,'Public outside want party meeting. Data realize two friend specific speech home.',414,36),
(36008,'Karen Davis','2020-08-05',0,'Skin stand adult positive.\nWorld region age wall. Small our quality fall provide adult Mrs bank.\nLate include trade food century. Standard similar seem service herself.',207,36),
(37001,'Caitlyn Adams','2021-07-05',0,'Support store southern talk interesting star drive. Maybe star animal half let.\nSpecific you investment security painting. Camera alone feeling put professional role. Anything director ball.',101,37),
(37002,'Michael Mccullough','2023-06-08',1,'Already soldier outside since or rate of. Tv feeling glass college bill.\nArea go week brother cultural. Thousand soon tell understand section yet.',106,37),
(37003,'Caleb Maxwell','2022-03-29',1,'Energy painting law member blue. Natural plant offer information.\nEstablish bar however decision continue when stay series. Ago where century senior whom.',104,37),
(37004,'Kelly Rios','2021-02-06',0,'Son heavy within up. Kitchen local stand political news condition sort news.\nTelevision kitchen kid present sometimes lawyer only summer. Adult when eat list.',406,37),
(37005,'Brenda Bonilla','2022-06-16',0,'News ask above carry record. Policy quality situation main particularly cultural cup voice. Idea town start write be grow star.',301,37),
(37006,'Leslie Reed','2022-01-26',0,'Democratic four spring. Many surface assume various sometimes run short. Small traditional there both level.\nAnyone off weight add last prove.',119,37),
(37007,'Brian Walker','2022-05-31',1,'Around else prove good all partner result. Door sure letter word. Name west individual. Article beat none court dark environment myself.',101,37),
(37008,'Craig Hunt','2023-07-29',1,'Beyond political hair one family. I may computer main spring however. With leg nature stay candidate future.\nCommunity agreement act book how. Field choose tonight matter. True crime class.',208,37),
(38001,'Desiree Snyder','2020-10-30',0,'Seem defense six kid conference artist officer. Beyond front room able learn. Care me realize.\nContain camera first old.\nSee team dog read left floor some. Man result lose southern message its study.',103,38),
(38002,'Christine Fox','2020-02-26',0,'Task focus politics think structure ok next. Amount they before look offer cost coach return. Firm other discussion huge. Another east relate program sport.',200,38),
(38003,'Charles Pollard','2023-09-07',1,'Health require performance teacher. Congress at catch responsibility able body.\nChance follow according enter unit seek along. Clearly add rather college also Democrat foreign thought.',119,38),
(38004,'Toni Baker','2022-03-22',0,'Hard present list production when address. Win laugh for music your.\nFar stage accept serve couple. Seat take start important.',118,38),
(38005,'Michael Foster','2020-11-21',1,'Reality without color treatment. Air simply state indeed plant.\nRight resource article throughout. Order water including send require inside.',212,38),
(38006,'Angelica Wallace','2022-02-18',0,'Maintain what crime debate teach themselves. Available course popular speech investment medical perform light. Site put prove try computer.',120,38),
(38007,'Gregory Nguyen','2022-09-14',1,'Perhaps property on responsibility design probably. Play friend guy law trip understand.',210,38),
(38008,'Gabriela Pearson','2022-10-10',0,'Theory modern head performance so ability nature recognize. Well agent really allow grow war.\nAnything dog bad simply point must. Visit town everyone what low professor store.',402,38),
(38009,'Leslie Davis','2020-05-21',0,'Middle enough nothing voice believe painting. Especially relationship foreign house kid well.\nStory artist idea day. Next although animal.',316,38),
(39001,'Morgan Adams','2023-04-10',0,'Year official subject send guess most compare. Foreign realize soldier rate. Author actually nature successful policy evening entire.',312,39),
(39002,'Ian Hopkins','2022-09-28',1,'Measure avoid defense middle despite reveal. And get idea follow.\nFuture simple culture lead kind allow top.',105,39),
(39003,'William Johnson','2020-02-26',1,'Throw watch general dream water blood himself. Place take our drive difficult.',313,39),
(39004,'Jeremiah King','2023-07-22',1,'Check degree assume area television Democrat middle radio. Town paper let defense strong soldier air. Best reflect month available. Floor situation two.',314,39),
(39005,'Joseph Odom','2020-04-01',1,'Word event whether wrong add nation guess happy. Drop manage blue with off develop firm.\nLarge alone off American. Able low challenge provide.',118,39),
(39006,'Molly Cherry','2021-05-27',0,'Protect hold smile floor determine fall happen. Surface anyone always small too always. Adult church other drug stop.',304,39),
(39007,'Ralph White','2022-10-17',1,'Food particular eye order control later cost teach. Detail police again fill. Every think station any.\nExactly social difference action forget board. Well step institution operation mother Mr.',104,39),
(39008,'Michelle Liu','2021-02-06',0,'Almost station parent month goal.\nItself me ago per. Factor hundred response cover positive would oil.\nStar resource take share type. Street at media issue. Tonight thought item short soldier.',117,39),
(40001,'Luke Bridges','2023-08-17',1,'Part offer kitchen man air number organization. Clear bill another lay where lead. Behind sit turn yard middle once almost.',105,40),
(40002,'Jon Brown','2022-06-27',1,'Onto both number think draw rock might.\nCharacter hear front piece responsibility. Light store film quite above before tonight. Whose bit such arrive remain.',305,40),
(40003,'Dylan Armstrong','2021-06-28',1,'Thousand make international herself. Image charge near look. Understand term agency natural.',213,40),
(40004,'Kendra Curry','2022-08-07',0,'Skin different leg family. Throughout clearly side like them. Senior democratic prepare million month.\nEat art better pretty radio can today east. Drop note commercial value animal kitchen.',310,40),
(40005,'Todd Doyle','2020-09-14',1,'Large safe Congress. Evening language when. Water if part bank. These research sister who director.\nSomeone example analysis fast theory.',211,40),
(41001,'Joseph Bullock','2020-04-15',1,'Its finally measure cause state story pull. Debate pass point newspaper six read nothing. Those behavior effort its watch teacher political.',406,41),
(41002,'Jared Glenn','2020-11-21',1,'Carry option put inside matter determine suffer go. Apply once do task compare.\nReveal TV bank five child bit positive. Stand discussion the member. See nice represent line drug. East life hard ask.',110,41),
(41003,'Dr. Tiffany Robertson MD','2021-07-05',0,'Model industry story blue under size. Theory look me candidate worry. Project she mission experience.\nMusic over pay establish. Car including think save.',401,41),
(41004,'Brenda Anderson','2020-05-27',0,'In magazine such sort let future lay. As early spring.\nCase son traditional civil agent public pretty. Past pattern investment owner eight family size.',210,41),
(41005,'Philip Armstrong','2021-01-08',1,'Face always like family. Whose inside economy about high price bring hand.\nHot hit position great important. Throughout level machine show along base. Must third born explain.',317,41),
(42001,'Kimberly Rubio','2020-08-07',0,'Expert trade investment lawyer future improve. Billion management they character friend. Board large later federal.\nNumber color nearly friend. Guy level decade training.',409,42),
(42002,'Brenda Cruz','2022-01-06',0,'Sea money learn civil senior. Every we heavy even.\nOperation theory address economy forward answer inside alone. Billion radio reduce walk onto sure.',117,42),
(42003,'Kristina Jenkins','2020-03-18',0,'As account commercial nice. Owner pretty cause job air with. Technology property top summer entire must.',210,42),
(42004,'Christina Kaiser','2020-08-26',0,'Film could month fast agree there woman. Buy travel store question provide beautiful policy begin. Mean interest question since green.',120,42),
(42005,'Stacey Skinner MD','2021-05-01',0,'Trouble nothing involve fire voice away. Mr position talk common who discover. Mouth message travel position vote goal.',410,42),
(42006,'Dr. April Lopez','2022-10-26',0,'Keep fast film range already member. Teach red manager leave investment baby help yes. Bank goal last down ahead for.',108,42),
(42007,'Ronald Miller','2022-02-12',1,'Company company generation phone draw. Point different radio instead someone total economy.\nFriend always far make. Across room scene born bed really. Vote size population my commercial.',108,42),
(42008,'Ryan Aguilar','2022-08-02',1,'Hear lose body think bill beautiful technology. Bag network require least.\nSurface remember house reality fall. Third law learn according. Drug worry data final site international.',106,42),
(43001,'Bruce Smith','2021-01-17',1,'Just how line model. Economy magazine former various life sort free for. Bank type president manage.\nTruth war fall Mr. Prove doctor there opportunity fill open tend.',119,43),
(43002,'Emily Taylor','2020-05-06',0,'Tv third structure this human home decision news. Paper series Mr role source professional animal.\nYour season else feel bit role enjoy. Side daughter series participant. Month job approach least.',105,43),
(43003,'Brittany Jacobson','2023-04-04',0,'Of central this student. Positive image full bag use certainly. Level become break table outside morning suggest.',104,43),
(43004,'James Smith','2020-06-21',1,'Scene film himself begin big thus. Up fish summer.\nSupport nation lose together. Chair what heart base them draw born. Across history season himself brother tonight story the.',107,43),
(43005,'Robert Wiggins','2022-09-12',1,'Administration fine stuff move certain yes. Current ten now. Fish form form including plant soon likely.\nAround space cost rise hope. Hotel like reason.',112,43),
(43006,'Lee Sellers','2021-01-12',1,'Happen however spring how into behavior anyone throughout. Hotel remain more lawyer authority.',202,43),
(43007,'Shelby Richards','2023-06-14',0,'Wait speak movie or mission stock. Budget trade home region bed thought.\nAway real share dinner white perhaps TV. Thus great call grow. Phone practice hold church into.',102,43),
(43008,'Shannon Ayala','2023-08-07',0,'Machine white keep answer say try movement. Happen major politics couple education bank. Thus window TV war right mouth response.\nOnto brother fast bank road.',102,43),
(44001,'Melissa Williams','2022-05-10',0,'Ten protect southern open agreement effort memory. Role west red anyone such. Worry bar recently some whatever. Major Congress than political law.\nAlthough as course require. Get final hotel.',203,44),
(44002,'Jessica Johnson','2020-12-07',0,'Lay American cover difficult.\nDoctor art front tree consider resource charge. Group each later necessary single former. Mr conference debate success bag friend approach. Sea century these.',118,44),
(44003,'Steven Mccormick','2022-09-21',1,'Himself would over prepare. All amount four professional leader believe take program.\nReality then billion center move. List citizen democratic wonder main entire painting practice.',201,44),
(44004,'Michael Cooley','2020-07-23',1,'Quality happen out claim team professor. Account ability lose field provide happen research nature.\nBenefit while vote discuss.\nShe national his sure.',211,44),
(44005,'Alexandra Acevedo','2022-05-05',0,'Staff style form south detail final. Dream property its than part age real.\nSince east hot opportunity third dream study sister.',102,44),
(44006,'Kyle Mclaughlin','2021-08-13',1,'Vote street doctor trial walk city. He dinner fear part return.\nList during face thought organization call billion. Current Republican manage debate want during skin.',415,44),
(44007,'Jordan Tapia','2022-10-18',0,'Site quite reach however draw part else. Up success offer including there head. Discuss paper inside admit into statement do. Someone late present red husband let each.',114,44),
(44008,'Tracy Houston','2020-06-03',1,'Hope according central analysis doctor. Phone floor choice build two.\nStyle likely wind prevent decade. Value strong arm mention. Every sing heavy huge.',115,44),
(45001,'Steven Moss','2022-02-18',1,'New nice tax site. Money piece again number during understand.\nMouth investment take mouth all defense. Story condition various teacher positive. Officer hour sometimes plant medical positive.',302,45),
(45002,'Ryan Anderson','2022-05-05',1,'True sing market happen rock central Mr light. Piece affect forward be area.\nOnto leave blue tell always. Attack all send politics go get. As any save with picture change whole.',107,45),
(45003,'Dean White','2023-01-31',1,'Begin major week hospital yard economic than school.\nCity particular particularly society city. Why choice on different newspaper action. Others gun provide risk rich finally end.',412,45),
(45004,'Cindy Johnson','2021-07-28',0,'Process director source world with. Moment remain box service painting adult discussion.\nAct action effect statement poor dark note hotel.',213,45),
(45005,'Jessica Coleman','2021-06-11',0,'Lead rule key show believe political responsibility degree. Quality growth grow rule.\nFar nation parent enough half teach scientist.',109,45),
(45006,'Deborah Martinez','2022-12-22',0,'Throughout option six sound want process care. Brother week responsibility service to.',117,45),
(45007,'Katie Hunt','2022-07-16',0,'Think begin whatever have write.\nDiscussion military student series away. West life final.\nLarge difficult mind power about cell another.\nEveryone give third. Six event page space.',104,45),
(45008,'William Conley','2022-10-03',1,'Safe short its dark maintain. Expect message meeting family mother opportunity.\nStatement home test action. Kind direction everything how key second.\nThey design reflect beat chance successful.',204,45),
(45009,'Laurie Cameron','2023-03-30',0,'Cause try else cold old fear imagine individual. Drive reduce movie bed stand fact. Republican director different spend carry western.',102,45),
(45010,'Alexis Harrington','2023-09-05',0,'Pm government anyone break receive. From either whether current goal offer. Hand the hundred.\nCause kitchen key. Art most recently commercial heavy.',110,45),
(46001,'Melissa Harrington','2021-06-09',0,'North establish deep according spend they future. Partner heavy cut idea ok tax. Part himself but whose do ten.\nCause their religious audience fall painting security. Lead reach hear.',209,46),
(46002,'Sharon Davenport','2021-11-10',0,'Spring clear whole benefit cut. Let owner environmental among buy reduce name.\nCulture site president skill. Piece do future deep.',120,46),
(46003,'Latoya Stewart','2022-05-01',0,'Us color respond scene interesting. Sign at where be character cut.\nFight watch feel degree. Appear participant ok last sing page actually provide.',100,46),
(46004,'Brandon Le','2021-08-12',1,'Relationship five find security. Dog finish on strategy television. Anything civil front want feel success.',118,46),
(46005,'Sean Long','2023-11-23',1,'Central policy but significant product number.\nWeight upon they traditional. Building meet north image require edge throw speak. Ask lead feel real computer.',101,46),
(46006,'Paul Hunt','2022-07-21',1,'Quickly bring enough back against. Series Republican fill figure large. Which strategy executive those mouth.\nUnder bit paper prepare court create. Reflect officer police kind how special nearly guy.',305,46),
(46007,'Kristina Morgan','2022-12-04',0,'Brother first responsibility though security water light. Personal yourself success affect ball environmental low. Candidate sister some interest fast process deep.',115,46),
(46008,'Shane Fisher','2022-04-30',1,'Population likely animal three happen author. We end leader this no among. Action treatment discover hear within quickly trade.',201,46),
(46009,'Susan Cooley','2023-01-28',0,'Force such nor ready series leader. Inside whom born north education though. Billion deep political else much.\nTv discuss herself series.',304,46),
(46010,'Jaime Hughes','2023-10-09',0,'Building whom visit color investment. After very action effect same. East all relate audience.',214,46),
(47001,'Jeffrey Atkins','2020-05-31',1,'Position return rise meet suggest commercial second. Partner address data suffer indeed just interesting. Standard area week sure. Add sign evidence.',102,47),
(47002,'Robert Clark','2022-09-11',1,'Bar own reduce agree. Thus agent who onto. Team her recognize support suggest do poor maintain.\nWindow peace work set open. Effort answer he financial civil investment. When energy top image.',407,47),
(47003,'Cristian Thompson','2023-06-03',1,'Break stay friend skill. Conference let early party ok garden camera. Hot protect force system person future.\nFederal beat bring tend. Believe professor production about society clearly artist.',113,47),
(47004,'Joshua Mercado','2021-05-05',1,'Society send source music red. Gun couple increase read.\nAway class something might report leg off affect. As performance be might food. Author cell industry along.',206,47),
(47005,'Jennifer Leonard','2022-04-01',0,'Describe which help according magazine pattern there. Reveal across my. Anyone information fear quite travel. Situation society establish glass single strong.',400,47),
(47006,'Kaitlyn Andrews','2022-03-01',0,'Control show character foreign commercial. Chair direction forward check huge turn industry go. Million worry check beautiful hope.',109,47),
(47007,'Jared Jackson','2023-04-30',1,'Little positive general must figure point team. Scientist wall begin high part consider form generation.\nReveal range reason some recently record him. Even decade whose mouth number best.',204,47),
(47008,'Brendan Kelly','2023-08-30',1,'Option over likely run. Only manage line.\nSpeech single per notice. Realize out account statement. Despite rest stuff debate girl away government brother.',318,47),
(47009,'Jennifer Haynes','2020-10-30',0,'Consumer above themselves official sometimes necessary.\nPrepare rise piece case north help series country. Long war mean there call training spring coach.',206,47),
(48001,'Elizabeth Adams','2022-04-23',0,'Down human remember even yard. Single employee break. Itself husband truth create order. Sense hope student day.',110,48),
(48002,'Jane Martinez','2021-01-09',0,'Set production view. Particular card choose school foot practice. Identify west bank power bed enjoy end.\nHusband wall thought sure. Participant other possible. Open teacher carry control ask third.',319,48),
(48003,'Julie Hill','2020-05-10',0,'Fish tax remember reflect. Ready ask that after often consumer difficult.\nDescribe hard crime official any reflect left. Account sign reach specific.',211,48),
(48004,'Maria Hoffman','2022-05-26',0,'Dream technology break former involve difficult. Help clearly movie interview foreign.',213,48),
(48005,'Matthew Watson','2021-12-24',1,'Often mind day hold against. Mind hold I. Something hotel than chance. Message which want development.\nShare material reason should stop school. Left first store little measure ten.',408,48),
(48006,'John Fisher','2022-01-21',1,'Since first eye significant of pay save. Drive choose activity on cultural rate door car.',415,48),
(48007,'Eric Sandoval','2022-02-16',1,'Focus film against system employee. Break its first bill window few.\nDrug weight yet clear heavy. Middle through fine person so arrive executive. Term new whatever goal key worry.',404,48),
(48008,'Brittany Gonzalez','2021-03-03',0,'Follow owner service. Whole leader employee interesting try. Purpose moment hotel case important attorney structure.',308,48),
(49001,'Kelly Zuniga','2022-03-29',0,'Paper performance state father price. Name might bar president physical should their participant. Crime garden receive already leg.',120,49),
(49002,'Stephanie Gillespie','2021-11-18',0,'My hotel continue Republican memory right generation. Street bit cup movie.\nMain gun myself be environment author. Traditional anything region stuff argue others. Own admit watch apply might heavy.',213,49),
(49003,'Alexandria Miller','2022-02-24',0,'Real suddenly point. Side best article look test medical fund. Age identify minute kitchen Democrat value.\nJust per fly field current. Final tend return out.',212,49),
(49004,'Hunter Stone','2023-04-15',1,'Claim support kid check magazine traditional. Environmental check raise book worker behavior sing item. Stuff memory plan consumer way.',204,49),
(49005,'Samantha Harris','2022-12-18',0,'Song political pattern speak. Pm side whole behind close set less.\nSouth though song step role. And environmental night factor. Everyone order reflect us system.',303,49),
(50001,'Jeremy Liu','2020-07-27',1,'Ready probably one number much. Leave art stop college as model. Light measure white southern team.',409,50),
(50002,'Jeremy Ryan','2023-07-25',1,'It vote mention it course. Place another smile stay money thought. Key finally while boy case television west color.\nCar knowledge feeling. Near data cost candidate leader could.',409,50),
(50003,'Carla Miller','2023-09-11',0,'Per trip throw drive memory. Drop court scientist often treatment.\nAmong before direction beat run also happen. Until interest gun kitchen.\nValue box policy arm pretty table appear.',103,50),
(50004,'Darrell Munoz','2021-09-07',1,'Exactly practice event involve collection produce course. Hard police no challenge drive particularly.\nRed fall leave ground public detail. Create future option small meeting usually beyond.',211,50),
(50005,'Brandon Myers','2023-06-09',1,'Drive whatever effort civil. Conference weight responsibility could. Manage measure coach analysis but age relationship.\nSeries raise since thought. Attorney organization pattern market.',209,50);
/*!40000 ALTER TABLE `ThuCung` ENABLE KEYS */;
UNLOCK TABLES;
/*!40103 SET TIME_ZONE=@OLD_TIME_ZONE */;

/*!40101 SET SQL_MODE=@OLD_SQL_MODE */;
/*!40014 SET FOREIGN_KEY_CHECKS=@OLD_FOREIGN_KEY_CHECKS */;
/*!40014 SET UNIQUE_CHECKS=@OLD_UNIQUE_CHECKS */;
/*!40101 SET CHARACTER_SET_CLIENT=@OLD_CHARACTER_SET_CLIENT */;
/*!40101 SET CHARACTER_SET_RESULTS=@OLD_CHARACTER_SET_RESULTS */;
/*!40101 SET COLLATION_CONNECTION=@OLD_COLLATION_CONNECTION */;
/*!40111 SET SQL_NOTES=@OLD_SQL_NOTES */;

-- Dump completed on 2023-11-30  8:07:25
