post_name,Url
5 Things Not to Do During Your Pet’s Cancer Treatment,https://www.petmd.com/dog/conditions/cancer/five-things-not-do-during-your-pets-cancer-treatment
7 Signs of Dog Dementia,https://www.petmd.com/dog/conditions/neurological/5-signs-dog-dementia
8 Common Urinary Problems in Dogs,https://www.petmd.com/dog/conditions/reproductive/8-common-urinary-problems-dogs
"9 Ways to Stop Fleas From Biting Your Dog, From Flea Shampoo to Vacuums",https://www.petmd.com/dog/conditions/infectious-parasitic/9-ways-stop-fleas-biting-your-dog-flea-shampoo-vacuums
Abnormal Growths in the Lower Intestines of Dogs,https://www.petmd.com/dog/conditions/digestive/c_multi_rectoanal_polyps
Abnormal Heart Rhythm in Dogs,https://www.petmd.com/dog/conditions/cardiovascular/c_dg_abnormal_heart_rhythm
Abnormal Molar Development in Dogs,https://www.petmd.com/dog/conditions/mouth/c_dg_mandibular_molar_dilacerated
Abnormal Passage Between Artery and Vein in Dogs,https://www.petmd.com/dog/conditions/cardiovascular/c_dg_arteriovenous_fistula
Abnormal Passageway Between the Mouth and Nasal Cavity in Dogs,https://www.petmd.com/dog/conditions/mouth/c_multi_oronasal_fistula
Abnormal Urine Outflow Due to Urinary Bladder Dysfunction in Dogs,https://www.petmd.com/dog/conditions/urinary/c_dg_vesicourachal_diverticula
Abortion in Dogs,https://www.petmd.com/dog/conditions/reproductive/c_dg_abortion_termination_of_pregnancy
Abscesses in Dogs,https://www.petmd.com/dog/conditions/skin/c_dg_abscessation
Accumulation of Air Between Chest and Lungs in Dogs,https://www.petmd.com/dog/conditions/respiratory/c_multi_pneumothorax
Acid Reflux in Dogs,https://www.petmd.com/dog/conditions/digestive/c_multi_gastroesophageal_reflux
Acral Lick Granulomas in Dogs,https://www.petmd.com/dog/conditions/skin/acral-lick-granulomas-dogs
Acute Respiratory Distress Syndrome (ARDS) in Dogs,https://www.petmd.com/dog/conditions/respiratory/c_dg_acute_respiratory_distress_syndrome
Acute Vomiting in Dogs,https://www.petmd.com/dog/conditions/digestive/c_multi_Vomiting_Acute
Addison’s Disease in Dogs,https://www.petmd.com/dog/conditions/endocrine/c_dg_hypoadrenocorticism
Adenocarcinoma of the Sebaceous and Sweat Glands in Dogs,https://www.petmd.com/dog/conditions/cancer/c_multi_adenocarcinoma_skin
Adenovirus 1 in Dogs,https://www.petmd.com/dog/conditions/infectious-parasitic/c_dg_canine_hepatitis
Adrenal Gland Tumors in Dogs,https://www.petmd.com/dog/conditions/cancer/adrenal-gland-tumors-dogs
Adverse Reaction in Dogs to Glow Stick Jewelry,https://www.petmd.com/dog/conditions/poisoning-toxicity/c_dg_glow_jewelry_poisoning_in_dogs
Aggression in Dogs Toward Familiar People,https://www.petmd.com/dog/conditions/behavioral/c_dg_aggression_toward_familiar
Ameba Infection in Dogs,https://www.petmd.com/dog/conditions/infectious-parasitic/c_dg_canine_amebiasis
Amphetamine Poisoning in Dogs,https://www.petmd.com/dog/conditions/poisoning-toxicity/c_dg_amphetamine_poisoning_in_dogs
Anaerobic Bacterial Infections in Dogs,https://www.petmd.com/dog/conditions/infectious-parasitic/c_dg_anaerobic_infections
Anal Gland Cancer in Dogs (Anal Sac Adenocarcinoma),https://www.petmd.com/dog/conditions/cancer/c_multi_adenocarcinoma_anal
Anaphylaxis in Dogs,https://www.petmd.com/dog/conditions/respiratory/c_multi_anaphylaxis
Anemia Due to Bone Marrow Failure (or Toxicity) in Dogs,https://www.petmd.com/dog/conditions/cardiovascular/c_dg_anemia_aplastic
Anemia in Dogs,https://www.petmd.com/dog/conditions/systemic/anemia-dogs
Anisocoria in Dogs,https://www.petmd.com/dog/conditions/eyes/anisocoria-dogs
Antibiotic-resistant Bacterial Infections in Dogs,https://www.petmd.com/dog/conditions/endocrine/c_dg_l-form_bacterial_infections
Antibiotic-Resistant Infections in Dogs,https://www.petmd.com/dog/conditions/skin/c_dg_mrsa-antibiotic-resistant-infections
Antibodies that Attack Blood Cells at Lower Temperatures in Dogs,https://www.petmd.com/dog/conditions/cardiovascular/c_dg_cold_agglutinin_disease
Anxiety and Compulsive Disorders in Dogs,https://www.petmd.com/dog/conditions/behavioral/c_dg_compulsive_disorders
Are Lilies Poisonous to Dogs?,https://www.petmd.com/dog/conditions/toxicity/are-lilies-poisonous-dogs
Arrhythmias after Blunt Heart Trauma in Dogs,https://www.petmd.com/dog/conditions/cardiovascular/c_dg_heart_trauma_arrhythmia
Arsenic Poisoning in Dogs,https://www.petmd.com/dog/conditions/digestive/c_dg_arsenic_poisoning
Artery Inflammation in Dogs,https://www.petmd.com/dog/conditions/cardiovascular/c_dg_juvenile_polyarteritis
Ascites in Dogs,https://www.petmd.com/dog/conditions/cardiovascular/ascites-dogs
Aspiration Pneumonia in Dogs,https://www.petmd.com/dog/conditions/respiratory/aspiration-pneumonia-dogs
Aspirin Poisoning in Dogs,https://www.petmd.com/dog/conditions/digestive/c_multi_aspirin_tox
Ataxia in Dogs,https://www.petmd.com/dog/conditions/neurological/ataxia-dogs
Atlantoaxial Instability in Dogs,https://www.petmd.com/dog/conditions/musculoskeletal/atlantoaxial-instability-dogs
"Atopic Dermatitis in Dogs: Causes, Symptoms, and Treatments",https://www.petmd.com/dog/conditions/skin/c_dg_atopic_dermatitis
Autoimmune Disease in Dogs,https://www.petmd.com/dog/conditions/immune/autoimmune-disease-dogs
Babesiosis in Dogs,https://www.petmd.com/dog/conditions/infectious-parasitic/c_dg_babesiosis
Bacterial Infection (Actinomycosis) in Dogs,https://www.petmd.com/dog/conditions/skin/c_dg_actinomycosis
Bacterial Infection (Campylobacteriosis) in Dogs,https://www.petmd.com/dog/conditions/digestive/c_multi_campylobacteriosis
"Bacterial Infection (Mycoplasma, Ureaplasma, Acoleplasma) in Dogs",https://www.petmd.com/dog/conditions/infectious-parasitic/c_dg_mycoplasmosis
Bacterial Infection (Nocardiosis) in Dogs,https://www.petmd.com/dog/conditions/respiratory/c_dg_nocardiosis
Bacterial Infection (Streptococcus) in Dogs,https://www.petmd.com/dog/conditions/respiratory/c_multi_streptococcal_infections
Bacterial Infection (Tularemia) in Dogs,https://www.petmd.com/dog/conditions/infectious-parasitic/c_dg_tularemia
Bacterial Infection (Tyzzer Disease) in Dogs,https://www.petmd.com/dog/conditions/infectious-parasitic/c_dg_tyzzer_disease
Bartonella Infection in Dogs,https://www.petmd.com/dog/conditions/infectious-parasitic/c_dg_bartonellosis
Bile Duct Obstruction in Dogs,https://www.petmd.com/dog/conditions/digestive/c_dg_bile_duct_obstruction
Birth Difficulties in Dogs,https://www.petmd.com/dog/conditions/reproductive/c_dg_dystocia
Bladder Inflammation with Polyps in Dogs,https://www.petmd.com/dog/conditions/urinary/c_dg_polypoid_cystitis
Blastomycosis in Dogs,https://www.petmd.com/dog/conditions/respiratory/c_multi_blastomycosis
Bleeding of the Retina in the Eye in Dogs,https://www.petmd.com/dog/conditions/eyes/c_dg_retinal_hemorrhage
Blepharitis in Dogs,https://www.petmd.com/dog/conditions/eyes/c_dg_blepharitis
Blind Quiet Eye in Dogs,https://www.petmd.com/dog/conditions/eyes/c_dg_blind_quiet_eye
Bloat in Dogs,https://www.petmd.com/dog/conditions/digestive/signs-and-symptoms-bloat-dogs
Blood Clot in the Lungs in Dogs,https://www.petmd.com/dog/conditions/respiratory/c_multi_pulmonary_thromboembolism
Blood in the Chest in Dogs,https://www.petmd.com/dog/conditions/cardiovascular/c_dg_hemothorax
Blood in the Front of the Eye in Dogs,https://www.petmd.com/dog/conditions/eyes/c_multi_hyphema
Blood in the Urine in Dogs,https://www.petmd.com/dog/conditions/urinary/c_dg_hematuria
Blood Related Deficiencies in Dogs,https://www.petmd.com/dog/conditions/cardiovascular/c_multi_pancytopenia
Blood Thickening in Dogs,https://www.petmd.com/dog/conditions/cardiovascular/c_dg_polycythemia_vera
Blood Transfusion Reactions in Dogs,https://www.petmd.com/dog/conditions/cardiovascular/c_multi_blood_transfusion_reactions
Blue Skin and Mucus Membranes in Dogs,https://www.petmd.com/dog/conditions/cardiovascular/c_dg_cyanosis
Bone Cancer (Chondrosarcoma) in Dogs,https://www.petmd.com/dog/conditions/cancer/c_dg_chondrosarcoma_bone
Bone Deformity and Dwarfism in Dogs,https://www.petmd.com/dog/conditions/Musculoskeletal/c_dg_osteochondrodysplasia
Bone Overgrowth in Dogs,https://www.petmd.com/dog/conditions/musculoskeletal/c_dg_hypertrophic_osteopathy
Botflies in Dogs (Cuterebra in Dogs),https://www.petmd.com/dog/conditions/infectious-parasitic/c_multi_cuterebrosis
Botulism in Dogs,https://www.petmd.com/dog/conditions/neurological/c_dg_botulism
Bowel Incontinence in Dogs,https://www.petmd.com/dog/conditions/digestive/bowel-incontinence-dogs
Brachycephalic Airway Syndrome in Dogs,https://www.petmd.com/dog/conditions/respiratory/brachycephalic-airway-syndrome-dogs
"Brain and Spinal Cord Inflammation (Meningoencephalomyelitis, Eosinophilic) in Dogs",https://www.petmd.com/dog/conditions/neurological/c_dg_meningoencephalomyelitis
Brain Disorder Due to Liver Disease in Dogs,https://www.petmd.com/dog/conditions/endocrine/c_dg_hepatic_encephalopathy
Brain Inflammation Due to Parasitic Infection in Dogs,https://www.petmd.com/dog/conditions/neurological/c_dg_encephalitis_secondary_to_parasitic_migration
Brain Inflammation in Dogs,https://www.petmd.com/dog/conditions/neurological/c_dg_encephalitis
Brain Injury in Dogs,https://www.petmd.com/dog/conditions/neurological/c_dg_brain_injury
Brain Tissue Inflammation and Death (Breed Specific) in Dogs,https://www.petmd.com/dog/conditions/neurological/c_dg_necrotizing_encephalitis_breed_specific
Brain Tissue Undervelopment in Dogs,https://www.petmd.com/dog/conditions/neurological/c_dg_cerebellar_hypoplasia
Brain Tumors in Dogs,https://www.petmd.com/dog/conditions/cancer/brain-tumors-dogs
Breeding Timing in Dogs,https://www.petmd.com/dog/conditions/reproductive/c_multi_breeding_timing
Bulging Eyes in Dogs,https://www.petmd.com/dog/conditions/eyes/bulging-eyes-dogs
Calcium Buildup in Lungs of Dogs,https://www.petmd.com/dog/conditions/respiratory/c_multi_pulmonary_mineralizations
Calcium Deposits in the Urinary Tract in Dogs,https://www.petmd.com/dog/conditions/urinary/c_multi_urolithiasis_calcium_oxalate
"Cancer in Dogs: Symptoms, Types, and Treatment",https://www.petmd.com/dog/conditions/cancer/cancer-dogs-symptoms-types-and-treatment
Cancer of the Blood Vessel Cells in Dogs,https://www.petmd.com/dog/conditions/cancer/c_dg_hemangiopericytoma
Cancerous Lymphoid Cells in the Lungs of Dogs,https://www.petmd.com/dog/conditions/cancer/c_dg_lymphomatoid_granulomatosis
Can Dogs Have Down Syndrome?,https://www.petmd.com/dog/conditions/can-dogs-have-down-syndrome
Can Dogs Have Panic Attacks?,https://www.petmd.com/dog/conditions/behavioral/can-dogs-have-panic-attacks
Canine Coronavirus,https://www.petmd.com/dog/conditions/digestive/c_dg_canine_coronavirus_infection
Canine Herpesvirus,https://www.petmd.com/dog/conditions/infectious-parasitic/canine-herpesvirus-causes-diagnosis-and-treatment
Capillariasis in Dogs,https://www.petmd.com/dog/conditions/infectious-parasitic/c_dg_capillariasis
Carbon Monoxide Poisoning in Dogs,https://www.petmd.com/dog/conditions/respiratory/c_dg_carbon_monoxide_toxicosis
Cardiac Arrest in Dogs,https://www.petmd.com/dog/conditions/cardiovascular/c_dg_cardiac_arrest
Cardiac Electrical Failure in Dogs,https://www.petmd.com/dog/conditions/cardiovascular/c_dg_sinus_arrest_sinoatrial_block
Cardiomyopathy in Boxer Dogs,https://www.petmd.com/dog/conditions/cardiovascular/c_dg_cardiomyopathy_boxer
Carnitine Deficiency in Dogs,https://www.petmd.com/dog/conditions/cardiovascular/c_dg_carnitine
Cataracts in Dogs,https://www.petmd.com/dog/conditions/eye/c_dg_cataract
Cavities in Dogs,https://www.petmd.com/dog/conditions/mouth/c_multi_dental_caries
Ceruminous Gland Adenocarcinoma in Dogs,https://www.petmd.com/dog/conditions/ears/c_dg_ceruminous_gland_adenocarcinoma
Chagas Disease in Dogs (Kissing Bug Disease),https://www.petmd.com/dog/conditions/infectious-parasitic/c_dg_chagas_disease
Chemical Imbalance of Urine in Dogs,https://www.petmd.com/dog/conditions/urinary/c_dg_hyposthenuria
Chest Bone Deformity in Dogs,https://www.petmd.com/dog/conditions/musculoskeletal/c_dg_chest_bone_deformity
Cholangiohepatitis in Dogs,https://www.petmd.com/dog/conditions/endocrine/c_dg_cholangitis_cholangiohepatitis_syndrome
Chronic Diarrhea in Dogs,https://www.petmd.com/dog/conditions/digestive/chronic-diarrhea-dogs
Chronic Gastritis in Dogs,https://www.petmd.com/dog/conditions/digestive/c_dg_chronic_gastritis
Chronic Inflammation of the Bronchi in Dogs,https://www.petmd.com/dog/conditions/respiratory/c_dg_chronic_bronchitis
Chronic Kidney Disease (CKD) in Dogs,https://www.petmd.com/dog/conditions/urinary/chronic-kidney-disease-ckd-dogs
Chronic Renal Failure (CRF) in Dogs,https://www.petmd.com/dog/conditions/urinary/c_multi_renal_failure_chronic
Chronic Vomiting in Dogs,https://www.petmd.com/dog/conditions/digestive/c_multi_vomiting_chronic
Chylothorax in Dogs,https://www.petmd.com/dog/conditions/respiratory/c_dg_chylothorax
Cirrhosis and Fibrosis of the Liver in Dogs,https://www.petmd.com/dog/conditions/endocrine/c_dg_cirrhosis_fibrosis_of_liver
Claw and Nail Disorders in Dogs,https://www.petmd.com/dog/conditions/skin/c_multi_nail_nailbed_disorder
Cleft Palate in Dogs,https://www.petmd.com/dog/conditions/mouth/c_dg_cleft_palate
Clotting Deficiency (Inherited) in Dogs,https://www.petmd.com/dog/conditions/cardiovascular/c_dg_coagulation_factor_deficiency
Clotting Deficiency (Liver Related) in Dogs,https://www.petmd.com/dog/conditions/cardiovascular/c_dg_coagulopathy_of_liver_disease
Clotting Disorders of the Platelets in Dogs,https://www.petmd.com/dog/conditions/cardiovascular/clotting-disorders-platelets-dogs
Coccidia in Dogs,https://www.petmd.com/dog/conditions/infectious-parasitic/c_multi_coccidiosis
Colitis in Dogs,https://www.petmd.com/dog/conditions/digestive/colitis-dogs
Collapse During Exercise in Labrador Retrievers,https://www.petmd.com/dog/conditions/cardiovascular/c_dg_exercise_induced_collapse_labrador_retriever
Collapse of the Wind Pipe in Dogs,https://www.petmd.com/dog/conditions/respiratory/c_dg_tracheal_collapse
Collection of Fluid in the Lungs (Not Due to Heart Disease) in Dogs,https://www.petmd.com/dog/conditions/respiratory/c_multi_pulmonary_edema_noncardiogenic
Collie Eye Anomaly,https://www.petmd.com/dog/conditions/eyes/collie-eye-anomaly
Conditions Due to Abnormal Secretions from a Tumor in Dogs,https://www.petmd.com/dog/conditions/cancer/c_dg_paraneoplastic_syndromes
Congenital Heart Defect (Atrial Septal Defect) in Dogs,https://www.petmd.com/dog/conditions/cardiovascular/c_dg_atrial_septal_defect
Congenital Heart Defect (Ebstein’s Anomaly) in Dogs,https://www.petmd.com/dog/conditions/cardiovascular/c_multi_ebstein_anomaly
Congestive Heart Failure in Dogs,https://www.petmd.com/dog/conditions/cardiovascular/c_multi_congestive_heart_failure_rt
Conjunctivitis in Dogs (Pink Eye),https://www.petmd.com/dog/conditions/eyes/c_dg_conjunctivitis
Constipation (Severe) in Dogs,https://www.petmd.com/dog/conditions/digestive/c_multi_megacolon
Coonhound Paralysis In Dogs,https://www.petmd.com/dog/conditions/neurological/c_dg_coonhound_paralysis
Corneal Disease (Inherited) in Dogs,https://www.petmd.com/dog/conditions/eyes/c_dg_corneal_dystrophies
Cryptorchidism in Dogs,https://www.petmd.com/dog/conditions/reproductive/c_multi_cryptorchidism
Cushing's Disease in Dogs,https://www.petmd.com/dog/conditions/endocrine/cushings-disease-dogs
Cyst on the Gums in Dogs,https://www.petmd.com/dog/conditions/mouth/c_dg_dentigerous_cyst
Dead Tail in Dogs,https://www.petmd.com/dog/conditions/dead-tail-dogs
Defect of the Ventricular Septum in Dogs,https://www.petmd.com/dog/conditions/cardiovascular/c_dg_septal_defect
Degeneration of the Cerebellum of the Brain in Dogs,https://www.petmd.com/dog/conditions/neurological/c_dg_cerebellar_degeneration_brain_disease_in_dogs
Degeneration of the Cornea in Dogs,https://www.petmd.com/dog/conditions/eyes/c_multi_corneal_degenerations_infiltrations
Degeneration of the Iris in the Eye in Dogs / Iris Atrophy,https://www.petmd.com/dog/conditions/eyes/c_dg_iris_atrophy
Degenerative Myelopathy in Dogs,https://www.petmd.com/dog/conditions/musculoskeletal/degenerative-myelopathy-dogs
Degenerative Skin Disorder (Necrolytic Dermatitis) in Dogs,https://www.petmd.com/dog/conditions/skin/c_multi_superficial_necrolytic_dermatitis
Demodectic Mange in Dogs,https://www.petmd.com/dog/conditions/skin/c_multi_Demodicosis
Dental Issues in Dogs,https://www.petmd.com/dog/conditions/mouth/dental-issues-dogs
Destruction of the Pituitary Gland in Dogs,https://www.petmd.com/dog/conditions/endocrine/c_dg_hypopituitarism
Diabetes in Dogs,https://www.petmd.com/dog/conditions/endocrine/diabetes-dogs
Diabetes Insipidus in Dogs,https://www.petmd.com/dog/conditions/endocrine/c_dg_diabetes_insipidus
Diabetes with Coma in Dogs,https://www.petmd.com/dog/conditions/endocrine/c_dg_diabetes_mellitus_hyperosmolar_coma
Diabetic Ketoacidosis in Dogs,https://www.petmd.com/dog/conditions/endocrine/c_dg_diabetes_with_ketoacidosis
Diaphragmatic Hernia in Dogs,https://www.petmd.com/dog/conditions/cardiovascular/diaphragmatic-hernia-dogs
Diarrhea Due to Clostridium perfringens in Dogs,https://www.petmd.com/dog/conditions/digestive/c_dg_clostridial_enterotoxicosis
DIC (Disseminated Intravascular Coagulation) In Dogs,https://www.petmd.com/dog/conditions/cardiovascular/dic-disseminated-intravascular-coagulation-dogs
Dietary Reactions in Dogs,https://www.petmd.com/dog/conditions/digestive/c_dg_food_reactions_gastrointestinal
Difficult Defecation and Blood in Stool in Dogs,https://www.petmd.com/dog/conditions/digestive/c_dg_dyschezia_hematochezia
Diseases of the Orbit of the Eye in Dogs,https://www.petmd.com/dog/conditions/eyes/c_multi_orbital_diseases
Dislocated Eye Lens in Dogs,https://www.petmd.com/dog/conditions/eyes/c_dg_lens_luxation
Dislocated Hip in Dogs,https://www.petmd.com/dog/conditions/musculoskeletal/dislocated-hip-dogs
Dislocated Shoulder in Dogs,https://www.petmd.com/dog/conditions/musculoskeletal/dislocated-shoulder-dogs
Distemper in Dogs,https://www.petmd.com/dog/conditions/respiratory/c_dg_canine_distemper
Does Your Dog Have a Flea Allergy?,https://www.petmd.com/dog/conditions/skin/c_multi_flea_bite_hypersensitivity
Dog Acne,https://www.petmd.com/dog/conditions/skin/c_dg_acne
Dog Car Sickness and Motion Sickness,https://www.petmd.com/dog/conditions/digestive/c_dg_motion_sickness
"Dog Dementia: Symptoms, Causes, Treatment and Life Expectancy",https://www.petmd.com/dog/conditions/neurological/dog-dementia
Dog Ectropion (Droopy Eye in Dogs),https://www.petmd.com/dog/conditions/eyes/c_dg_ectropion
Dog Eye Allergies: Symptoms and Treatment,https://www.petmd.com/dog/conditions/eyes/dog-eye-allergies-symptoms-and-treatment
Dog Flu (Canine Influenza) in Dogs,https://www.petmd.com/dog/conditions/respiratory/dog-flu-canine-influenza-dogs
Dog Hives,https://www.petmd.com/dog/conditions/skin/hives-dogs-causes-symptoms-and-treatment-options
Dog Hypothermia,https://www.petmd.com/dog/conditions/cardiovascular/dog-hypothermia
Dog Intestinal Blockage,https://www.petmd.com/dog/conditions/digestive/c_multi_gastrointestinal_obstruction
"Dog Mouth Cancer: Symptoms, Treatment and Life Expectancy",https://www.petmd.com/dog/conditions/cancer/c_dg_oral_cavity_tumors
Dog Peritonitis,https://www.petmd.com/dog/conditions/digestive/c_multi_peritonitis
Dog Pneumonia,https://www.petmd.com/dog/conditions/respiratory/dog-pneumonia
"Dog Pregnancy, Birth, and Postpartum Care: The Complete Guide",https://www.petmd.com/dog/conditions/reproductive/dog-pregnancy-birth-and-puppy-care-complete-guide
Dog Tick Paralysis,https://www.petmd.com/dog/conditions/infectious-parasitic/c_dg_tick_paralysis
Dog Tumors,https://www.petmd.com/dog/conditions/cancer/dog-tumors
Drowning and Near-Drowning in Dogs,https://www.petmd.com/dog/conditions/respiratory/c_dg_drowning
Dry Eye Syndrome in Dogs,https://www.petmd.com/dog/conditions/eyes/c_dg_keratoconjunctivitis_sicca
Ear Cancer in Dogs,https://www.petmd.com/dog/conditions/ears/ear-cancer-dogs
Ear Cysts (Cholesteatoma) in Dogs,https://www.petmd.com/dog/conditions/ears/c_dg_cholesteatoma
Ear Hematomas in Dogs,https://www.petmd.com/dog/conditions/ears/c_dg_dog_ear_hematoma
Early Contractions and Labor in Dogs,https://www.petmd.com/dog/conditions/reproductive/c_dg_premature_labor
Early Death in Puppies,https://www.petmd.com/dog/conditions/reproductive/c_dg_neonatal_mortality
Ear Mites in Dogs,https://www.petmd.com/dog/conditions/infectious-parasitic/ear-mites-dogs
Eclampsia in Dogs,https://www.petmd.com/dog/conditions/reproductive/eclampsia-dogs
E. Coli in Dogs,https://www.petmd.com/dog/conditions/infectious-parasitic/e-coli-dogs
Ehrlichiosis in Dogs,https://www.petmd.com/dog/conditions/infectious-parasitic/c_dg_ehrlichiosis
Elbow Dysplasia in Dogs,https://www.petmd.com/dog/conditions/musculoskeletal/c_dg_elbow_dysplasia
Electrocution in Dogs,https://www.petmd.com/dog/conditions/cardiovascular/electrocution-dogs
Electrolyte Disturbance in Dogs,https://www.petmd.com/dog/conditions/endocrine/c_dg_hypophosphatemia
Elevated Sex Hormones in Dogs,https://www.petmd.com/dog/conditions/reproductive/c_dg_hyperandrogenism
Enlarged Gums in Dogs,https://www.petmd.com/dog/conditions/digestive/c_multi_gingival_hyperplasia
Enlarged Heart (Dilated Cardiomyopathy) in Dogs,https://www.petmd.com/dog/conditions/cardiovascular/enlarged-heart-dilated-cardiomyopathy-dogs
Enlarged Liver in Dogs,https://www.petmd.com/dog/conditions/endocrine/c_dg_hepatomegaly
Enlarged Spleen in Dogs,https://www.petmd.com/dog/conditions/cardiovascular/c_multi_splenomegaly
Entropion in Dogs (Eyelid Growing Inward),https://www.petmd.com/dog/conditions/eyes/c_multi_entropion
EPI in Dogs (Exocrine Pancreatic Insufficiency in Dogs),https://www.petmd.com/dog/conditions/digestive/c_multi_exocrine_pancreatic_insufficiency
Epilepsy In Dogs,https://www.petmd.com/dog/conditions/neurological/epilepsy-dogs
Epulis in Dogs (Benign Gum Growth),https://www.petmd.com/dog/conditions/mouth/c_dg_epulis
Estrus Symptoms after Spaying in Dogs,https://www.petmd.com/dog/conditions/reproductive/c_dg_ovarian_remnant_syndrome
Excess Acidity in the Blood in Dogs,https://www.petmd.com/dog/conditions/urinary/c_multi_renal_tubular_acidosis
Excess Alkali in the Blood in Dogs,https://www.petmd.com/dog/conditions/systemic/c_dg_alkalosis_metabolic
Excess Blood Cells in the Eye In Dogs,https://www.petmd.com/dog/conditions/eyes/c_dg_hypopyon_lipid_flare
Excess Calcium in the Blood in Dogs,https://www.petmd.com/dog/conditions/endocrine/c_multi_hypercalcemia
Excess Carbon Dioxide in the Blood in Dogs,https://www.petmd.com/dog/conditions/cardiovascular/c_dg_hypercapnia
Excess Chloride in the Blood in Dogs,https://www.petmd.com/dog/conditions/cardiovascular/c_dg_hyperchloremia
Excess Iron in the Blood in Dogs,https://www.petmd.com/dog/conditions/endocrine/c_dg_iron_toxicity
Excessive Bacteria in the Small Intestine in Dogs,https://www.petmd.com/dog/conditions/digestive/c_multi_small_intestinal_bacterial_growth
Excessive Potassium in the Blood in Dogs,https://www.petmd.com/dog/conditions/cardiovascular/c_dg_hyperkalemia
Excess Magnesium in the Blood in Dogs,https://www.petmd.com/dog/conditions/cardiovascular/c_dg_hypermagnesemia
Excess Sodium in the Blood in Dogs,https://www.petmd.com/dog/conditions/cardiovascular/c_dg_hypernatremia
Extreme Fear and Anxiety in Dogs,https://www.petmd.com/dog/conditions/behavioral/c_dg_fears_phobia_anxiety
Eye Defects (Congenital) in Dogs,https://www.petmd.com/dog/conditions/eyes/c_dg_congenital_eye_defects
Eye Infection in Newborn Dogs,https://www.petmd.com/dog/conditions/eyes/c_multi_ophthalmia_neonatorium
Eye Inflammation (Anterior Uveitis) in Dogs,https://www.petmd.com/dog/conditions/eyes/c_dg_anterior_uveitis
Eye Inflammation (Choroid and Retina) in Dogs,https://www.petmd.com/dog/conditions/eyes/c_dg_chorioretinitis
Eye Injuries in Dogs,https://www.petmd.com/dog/conditions/eyes/c_dg_corneal_scleral_lacerations
Eyelash Disorders in Dogs,https://www.petmd.com/dog/conditions/eyes/c_dg_trichiasis_distichiasis_ectopic_cilia
Eyelid Protrusion (Cherry Eye) in Dogs,https://www.petmd.com/dog/conditions/eyes/c_multi_prolapsed_gland
Eye Ulcer in Dogs,https://www.petmd.com/dog/conditions/eyes/c_dg_Keratitis_Ulcerative
Eyeworm Infection in Dogs,https://www.petmd.com/dog/conditions/eyes/eyeworm-infection-dogs
Failure to Absorb Vitamin B12 in Dogs,https://www.petmd.com/dog/conditions/digestive/c_dg_cobalamin_malabsorption
Failure to Thrive in Collie Dogs,https://www.petmd.com/dog/conditions/cardiovascular/c_dg_cyclic_hematopoiesis
False Pregnancy in Dogs,https://www.petmd.com/dog/conditions/reproductive/c_dg_false_pregnancy
Familial Shar-Pei Fever,https://www.petmd.com/dog/conditions/urinary/c_dg_familial_shar_pei_fever
Fanconi Syndrome in Dogs,https://www.petmd.com/dog/conditions/urinary/fanconi-syndrome-dogs
Fatty Layer or Nodule Under the Skin in Dogs,https://www.petmd.com/dog/conditions/skin/c_dg_panniculitis
Fatty Tissue Inflammation in Dogs,https://www.petmd.com/dog/conditions/endocrine/c_dg_steatitis
FCE (Fibrocartilaginous Embolism) In Dogs,https://www.petmd.com/dog/conditions/neurological/fce-fibrocartilaginous-embolism-dogs
Fibrosarcomas in Dogs,https://www.petmd.com/dog/conditions/cancer/fibrosarcomas-dogs
Fibrotic Hardening of the Lungs (Pneumonia) in Dogs,https://www.petmd.com/dog/conditions/respiratory/c_multi_pulmonary_fibrosis
Flatworm Parasite (Heterobilharzia) in Dogs,https://www.petmd.com/dog/conditions/infectious-parasitic/c_dg_heterobilharzia
Flea and Tick Medicine Poisoning in Dogs,https://www.petmd.com/dog/conditions/poisoning/flea-and-tick-medicine-poisoning-dogs
Fluid Buildup in the Kidney Due to Kidney or Ureter Obstruction in Dogs,https://www.petmd.com/dog/conditions/urinary/c_dg_hydronephrosis
Fluid in the Lungs in Dogs,https://www.petmd.com/dog/conditions/respiratory/c_multi_pulmonary_edema
Fluid Retention and Tissue Swelling Due to Collection of Lymph in Dogs,https://www.petmd.com/dog/conditions/endocrine/c_dg_lymphedema
Folding of the Intestines in Dogs,https://www.petmd.com/dog/conditions/digestive/c_dg_intussusception
Food Allergies in Dogs,https://www.petmd.com/dog/conditions/digestive/food-allergies-dogs
Foot/Toe Cancer in Dogs,https://www.petmd.com/dog/conditions/cancer/c_dg_squamous_cell_carcinoma_digit
Foreign Objects Stuck in the Throat in Dogs,https://www.petmd.com/dog/conditions/digestive/c_dg_esophageal_obstruction
Fox Tapeworm Infection (Cysticercosis) in Dogs,https://www.petmd.com/dog/conditions/infectious-parasitic/c_dg_cysticercosis
Fractures of Upper Jaw and Lower Jaw in Dogs,https://www.petmd.com/dog/conditions/mouth/c_dg_upper_lower_jaw_fracture
Front Leg Deformity in Dogs,https://www.petmd.com/dog/conditions/musculoskeletal/c_dg_Antebrachial_Growth_Deformities
Front Leg Injury in Dogs,https://www.petmd.com/dog/conditions/neurological/c_multi_brachial_plexus_avulsion
Fungal Disease (Sporotrichosis) of the Skin in Dogs,https://www.petmd.com/dog/conditions/skin/c_dg_fungal_disease_skin
Fungal Infection (Aspergillosis) in Dogs,https://www.petmd.com/dog/conditions/infectious-parasitic/c_multi_aspergillosis
Fungal Infection in Dogs (Cryptococcosis),https://www.petmd.com/dog/conditions/infectious-parasitic/c_multi_Cryptococcosis
Fungal Infection (Malassezia pachydermatis) of the Skin in Dogs,https://www.petmd.com/dog/conditions/skin/c_dg_malassezia_dermatitis
Fungal Infection of the Lower Urinary Tract in Dogs,https://www.petmd.com/dog/conditions/urinary/c_dg_lower_urinary_tract_infection_fungal
Fungal Infection (Pneumocystosis) of the Lung in Dogs,https://www.petmd.com/dog/conditions/respiratory/c_dg_pneumocystosis
Fungal Infection (Rhinosporidiosis) in Dogs,https://www.petmd.com/dog/conditions/respiratory/c_dg_rhinosporidiosis
"Fungal Toxicosis Related To Aspergillus flavus, A. parasiticus, and Penicillium puberulum Fungi In Dogs",https://www.petmd.com/dog/conditions/infectious-parasitic/c_dg_mycotoxicosis
Fungal Toxicosis Related to Fusarium Fungus in Dogs,https://www.petmd.com/dog/conditions/digestive/c_dg_mycotoxicosis_deoxynivalenol
Gallbladder Obstruction in Dogs,https://www.petmd.com/dog/conditions/digestive/c_dg_gallbladder_mucocele
Gallstones in Dogs,https://www.petmd.com/dog/conditions/digestive/c_multi_cholelithiasis
Gastric Dilatation-Volvulus (GDV) Syndrome,https://www.petmd.com/dog/conditions/digestive/gastric-dilatation-volvulus-gdv-syndrome
Gastroenteritis in Dogs,https://www.petmd.com/dog/conditions/digestive/c_dg_gastroenteritis
Generalized Inflammatory Muscle Diseases in Dogs,https://www.petmd.com/dog/conditions/musculoskeletal/c_dg_polymyositis_dermatomyositis
Genetic Liver Abnormality in Dogs,https://www.petmd.com/dog/conditions/genetic/c_dg_hepatoportal_microvascular_dysplasia
Giardia in Dogs,https://www.petmd.com/dog/conditions/infectious-parasitic/c_multi_giardiasis
Glaucoma in Dogs,https://www.petmd.com/dog/conditions/eyes/c_dg_glaucoma
Glomerulonephritis in Dogs,https://www.petmd.com/dog/conditions/endocrine/c_dg_glomerulonephritis
Glucose in the Urine in Dogs,https://www.petmd.com/dog/conditions/endocrine/c_dg_glucosuria
Gluten-Sensitive Enteropathy in Irish Setters,https://www.petmd.com/dog/conditions/digestive/c_dg_gluten_sensitive_enteropathy_in_irish_setters
Glycogen Storage Disease in Dogs,https://www.petmd.com/dog/conditions/endocrine/c_multi_glycogen_storage_disease
Granulomatous Meningoencephalitis (GME) in Dogs,https://www.petmd.com/dog/conditions/neurological/granulomatous-meningoencephalitis-gme-dogs
Grass Allergies in Dogs,https://www.petmd.com/dog/conditions/skin/can-dogs-be-allergic-grass
Hair Follicle Tumors in Dogs,https://www.petmd.com/dog/conditions/skin/c_dg_hair_follicle_tumors
Hair Loss in Dogs (Alopecia in Dogs),https://www.petmd.com/dog/conditions/skin/c_dg_alopecia
Happy Tail Syndrome in Dogs,https://www.petmd.com/dog/conditions/behavioral/happy-tail-syndrome-dogs
Hardening and Blockage of the Arteries in Dogs,https://www.petmd.com/dog/conditions/cardiovascular/c_dg_atherosclerosis
Head Pressing in Dogs,https://www.petmd.com/dog/conditions/neurological/c_multi_headpressing
Head Shaking in Dogs: When to Worry,https://www.petmd.com/dog/conditions/ears/head-shaking-dogs-when-worry
Hearing Loss in Dogs,https://www.petmd.com/dog/conditions/ears/c_multi_Deafness
Heart and Carotid Artery Tumors in Dogs,https://www.petmd.com/dog/conditions/cardiovascular/c_dg_chemodectoma
Heart (Aortic) Blood Clot in Dogs,https://www.petmd.com/dog/conditions/cardiovascular/c_dg_aortic_thromboembolism
Heart (Aortic) Valve Narrowing in Dogs,https://www.petmd.com/dog/conditions/cardiovascular/c_dg_aortic_stenosis
Heart Attack in Dogs,https://www.petmd.com/dog/conditions/cardiovascular/c_dg_heart_attack
Heart Beat Problems (Fibrillation and Flutter) in Dogs,https://www.petmd.com/dog/conditions/cardiovascular/c_dg_atrial_fibrillation_atrial_flutter
Heart Beat Problems (Premature Complexes) in Dogs,https://www.petmd.com/dog/conditions/cardiovascular/c_dg_atrial_premature_complexes
Heart Beat Problems (Standstill) in Dogs,https://www.petmd.com/dog/conditions/cardiovascular/c_dg_atrial_standstill
Heart Block (Complete) in Dogs,https://www.petmd.com/dog/conditions/cardiovascular/c_dg_atrioventricular_block_complete
Heart Block (First-Degree) in Dogs,https://www.petmd.com/dog/conditions/cardiovascular/c_dg_atrioventricular_block_first_degree
Heart Block (Mobitz Type II) in Dogs,https://www.petmd.com/dog/conditions/cardiovascular/c_dg_atrioventricular_block_second_degree_mobitz_type_II
Heart Block (Mobitz Type I) in Dogs,https://www.petmd.com/dog/conditions/cardiovascular/c_dg_atrioventricular_block_mobitz_type_1
Heart Block or Conduction Delay (Left Anterior) in Dogs,https://www.petmd.com/dog/conditions/cardiovascular/c_dg_left_anterior_fascicular_block
Heart Block or Conduction Delay (Left Bundle) in Dogs,https://www.petmd.com/dog/conditions/cardiovascular/c_dg_left_bundle_branch_block
Heart Block or Conduction Delay (Right Bundle) in Dogs,https://www.petmd.com/dog/conditions/cardiovascular/c_dg_right_bundle_branch_block
Heart Cancer (Hemagiosarcoma) in Dogs,https://www.petmd.com/dog/conditions/cancer/c_dg_hemangiosarcoma_heart
Heart Disease (Hypertrophic Cardiomyopathy) in Dogs,https://www.petmd.com/dog/conditions/cardiovascular/c_dg_cardiomyopathy_hypertrophic
Heart Disease in Dogs,https://www.petmd.com/dog/conditions/cardiovascular/heart-disease-dogs
Heart Disease of the Sinus Node in Dogs,https://www.petmd.com/dog/conditions/cardiovascular/c_multi_sick_sinus_syndrome
Heart Failure Due to Valve Defect in Dogs,https://www.petmd.com/dog/conditions/cardiovascular/c_dg_atrioventricular_valve_endocardiosis
Heart Impulse Block in Dogs,https://www.petmd.com/dog/conditions/cardiovascular/c_multi_sinus_arrest_sinoatrial_block
Heart Inflammation (Myocarditis) in Dogs,https://www.petmd.com/dog/conditions/cardiovascular/c_dg_myocarditis
Heart Medicine Poisoning in Dogs,https://www.petmd.com/dog/conditions/cardiovascular/c_multi_digoxin_toxicity
Heart Murmurs in Dogs,https://www.petmd.com/dog/conditions/cardiovascular/c_dg_heart_murmur
Heart Sac Inflammation (Pericarditis) in Dogs,https://www.petmd.com/dog/conditions/cardiovascular/c_multi_pericarditis
Heart Tumor (Rhabdomyoma) in Dogs,https://www.petmd.com/dog/conditions/cardiovascular/c_multi_rhabdomyoma
Heart Tumors (Myocardial) in Dogs,https://www.petmd.com/dog/conditions/cardiovascular/c_multi_myocardial_tumors
Heart Valve Infection (Infective Endocarditis) in Dogs,https://www.petmd.com/dog/conditions/cardiovascular/c_dg_endocarditis_infective
Heart Valve Malformation in Dogs,https://www.petmd.com/dog/conditions/cardiovascular/c_dg_atrioventricular_valve_dysplasia
Heartworm Disease in Dogs,https://www.petmd.com/dog/conditions/infectious-parasitic/c_dg_heartworm_disease
Heatstroke in Dogs,https://www.petmd.com/dog/conditions/systemic/heatstroke-dogs
Hemangiosarcoma in Dogs,https://www.petmd.com/dog/conditions/cancer/hemangiosarcoma-dogs
Hematoma on Dogs,https://www.petmd.com/dog/conditions/traumatic/c_dg_dog_hematoma_seroma
Hemoabdomen in Dogs (Internal Abdominal Bleeding),https://www.petmd.com/dog/conditions/traumatic/hemoabdomen-dogs-internal-abdominal-bleeding
Hepatozoonosis in Dogs,https://www.petmd.com/dog/conditions/infectious-parasitic/hepatozoonosis
Hereditary Muscle Disease (Non-inflammatory Myopathy) in Labrador Retrievers,https://www.petmd.com/dog/conditions/musculoskeletal/c_dg_hereditary_noninflammatory_myopathy_in_labrador_retriever
"Hereditary, Non-Inflammatory Muscular Disease in Dogs",https://www.petmd.com/dog/conditions/musculoskeletal/c_dg_hereditary_noninflammatory_myopathy
Hernia Between the Pericardium and Peritoneum in Dogs,https://www.petmd.com/dog/conditions/cardiovascular/c_dg_peritoneopericardial_diaphragmatic_hernia
Hernia (Hiatal) in Dogs,https://www.petmd.com/dog/conditions/musculoskeletal/c_multi_hiatal_hernia
Hernia (Inguinal) in Dogs,https://www.petmd.com/dog/conditions/muscokeletal/c_dg_dog_hernia_inguinal
High Blood Pressure in Dogs,https://www.petmd.com/dog/conditions/cardiovascular/high-blood-pressure-dogs
High Blood Sugar in Dogs,https://www.petmd.com/dog/conditions/endocrine/c_dg_high_blood_sugar
High Cholesterol in Dogs,https://www.petmd.com/dog/conditions/endocrine/c_multi_hyperlipidemia
High Level of Plasma Proteins in the Blood of Dogs,https://www.petmd.com/dog/conditions/cardiovascular/c_dg_hyperviscosity_syndrome
High Levels of Blood Nitrogen in Dogs,https://www.petmd.com/dog/conditions/urinary/c_dg_azotemia_uremia
High Levels of Protein in Dog Urine (Proteinuria in Dogs),https://www.petmd.com/dog/conditions/urinary/c_multi_proteinuria
Hip Dysplasia in Dogs: All-in-One Guide,https://www.petmd.com/dog/conditions/musculoskeletal/c_dg_hip_dysplasia
Histiocytoma in Dogs,https://www.petmd.com/dog/conditions/skin/c_dg_histiocytoma
Histoplasmosis in Dogs,https://www.petmd.com/dog/conditions/digestive/c_multi_Histoplasmosis
Hole in the Trachea in Dogs,https://www.petmd.com/dog/conditions/respiratory/c_dg_tracheal_hole
Hookworms in Dogs,https://www.petmd.com/dog/conditions/infectious-parasitic/c_multi_ancylostomiasis
Hormone Replacement Poisoning in Dogs,https://www.petmd.com/dog/conditions/poisoning-toxicity/c_dg_hormone_replacement_poisoning_in_dogs
Horner's Syndrome in Dogs,https://www.petmd.com/dog/conditions/neurological/horners-syndrome-dogs
How to Get Rid of Tapeworms in Dogs,https://www.petmd.com/dog/conditions/infectious-parasitic/c_multi_cestodiasis
How to Handle Aggression Between Dogs (Inter-Dog Aggressive Behavior),https://www.petmd.com/dog/conditions/behavioral/c_dg_AggressionInterdog
"How to Identify, Treat, and Prevent Dog Ear Infections",https://www.petmd.com/dog/conditions/how-treat-and-prevent-dog-ear-infections
How to Treat H3N2 Flu in Dogs,https://www.petmd.com/dog/conditions/how-treat-h3n2-flu-dogs
How to Treat Hematuria in Dogs,https://www.petmd.com/dog/conditions/urinary/how-treat-hematuria-dogs
Hydrocephalus in Dogs,https://www.petmd.com/dog/conditions/neurological/c_dg_hydrocephalus
Hyperkeratosis in Dogs,https://www.petmd.com/dog/conditions/skin/hyperkeratosis-dogs
Hyperparathyroidism Due to Kidney Failure in Dogs,https://www.petmd.com/dog/conditions/endocrine/c_dg_chronic_kidney_failure
Hyperparathyroidism in Dogs,https://www.petmd.com/dog/conditions/endocrine/c_dg_excess_parathyroid_hormone
Hyperphosphatemia in Dogs (High Phosphorus Levels),https://www.petmd.com/dog/conditions/cardiovascular/c_dg_hyperphosphatemia
Hyperthermia in Dogs,https://www.petmd.com/dog/conditions/systemic/hyperthermia-dogs
Hyperthyroidism in Dogs,https://www.petmd.com/dog/conditions/endocrine/c_dg_hyperthyroidism
Hypertrophic Osteodystrophy in Dogs (HOD in Dogs),https://www.petmd.com/dog/conditions/musculoskeletal/c_dg_osteodystrophy
Hypoglycemia in Dogs,https://www.petmd.com/dog/conditions/systemic/hypoglycemia-dogs
Hypothyroidism in Dogs,https://www.petmd.com/dog/conditions/endocrine/c_dg_hypothyroidism
IBD in Dogs,https://www.petmd.com/dog/conditions/digestive/c_dg_inflammatory_bowel_disease
Ibuprofen Toxicity in Dogs,https://www.petmd.com/dog/conditions/poisoning-toxicity/ibuprofen-toxicity-in-dogs
IMHA (Immune-Mediated Hemolytic Anemia) in Dogs,https://www.petmd.com/dog/conditions/cardiovascular/imha-immune-mediated-hemolytic-anemia-dogs
Inability to Protrude or Retract Penis in Dogs,https://www.petmd.com/dog/conditions/reproductive/c_multi_paraphimosis_phimosis
Inability to Urinate in Dogs,https://www.petmd.com/dog/conditions/urinary/c_dg_urinary_retention
Incoordination of the Legs in Dogs,https://www.petmd.com/dog/conditions/neurological/c_dg_hypermetria_dysmetria
Increased Heart Rate Due to Premature Contractions in Dogs,https://www.petmd.com/dog/conditions/cardiovascular/c_dg_ventricular_tachycardia
Inflammation of Body Blood Vessels in Dogs,https://www.petmd.com/dog/conditions/immune/c_dg_vasculitis_systemic
Inflammation of the Abdomen Due to Bile Leakage in Dogs,https://www.petmd.com/dog/conditions/digestive/c_dg_bile_peritonitis
Inflammation of the Esophagus in Dogs,https://www.petmd.com/dog/conditions/digestive/c_dg_esophagitis
Inflammation of the Skin Blood Vessels in Dogs,https://www.petmd.com/dog/conditions/skin/c_dg_vasculitis_cutaneous
"Inflammation of the Skin, Muscle, and Blood Vessels in Dogs",https://www.petmd.com/dog/conditions/skin/c_dg_dermatomyositis
Inflammation of the Superficial Veins in Dogs,https://www.petmd.com/dog/conditions/cardiovascular/c_multi_phlebitis
Inflammatory Bowel Disease Due to Lymphocytes and Plasma in Dogs,https://www.petmd.com/dog/conditions/digestive/c_dg_gastroenteritis_lymphocytic_plasmacytic
"Inflammatory Bowel Disease in Dogs: Causes, Symptoms, and Treatment",https://www.petmd.com/dog/conditions/digestive/c_dg_immunoproliferative_enteropathy_basenji
Inflammatory Skin Disease in Dogs,https://www.petmd.com/dog/conditions/skin/c_dg_sebaceous_adenitis
Insulinoma in Dogs,https://www.petmd.com/dog/conditions/cancer/insulinoma-dogs
Interdigital Cysts on Dogs,https://www.petmd.com/dog/conditions/skin/interdigital-cysts-dogs
Intestinal Cancer (Adenocarcinoma) in Dogs,https://www.petmd.com/dog/conditions/cancer/c_dg_adenocarcinoma_stomach_intestine_rectal
Intestinal Disorder (Loss of Motility) in Dogs,https://www.petmd.com/dog/conditions/digestive/c_dg_ileus
Intestinal Parasite (Cryptosporidium) in Dogs,https://www.petmd.com/dog/conditions/infectious-parasitic/c_multi_cryptosporidiosis
Intestinal Parasitic Infection (Strongyloidiasis) in Dogs,https://www.petmd.com/dog/conditions/digestive/c_dg_strongloidiasis
Intestinal Protein Loss in Dogs,https://www.petmd.com/dog/conditions/digestive/c_dg_protein_losing_enteropathy
Intestinal Tumor (Leiomyoma) in Dogs,https://www.petmd.com/dog/conditions/digestive/c_dg_leiomyoma
Intestinal Tumors (Apudomas) in Dogs,https://www.petmd.com/dog/conditions/digestive/c_multi_adenoma
Intestinal Viral Infection (Rotavirus) in Dogs,https://www.petmd.com/dog/conditions/digestive/c_dg_rotavirus_infections
Intestinal Virus (Reovirus) Infection in Dogs,https://www.petmd.com/dog/conditions/respiratory/c_multi_reovirus_infections
Involuntary Muscle Trembling in Dogs,https://www.petmd.com/dog/conditions/neurological/c_dg_tremors
Iris Bombe in Dogs,https://www.petmd.com/dog/conditions/eyes/c_dg_iris_bombe_eye_problem_in_dogs
Iris Cysts,https://www.petmd.com/dog/conditions/eyes/c_dg_iridociliary_cysts_dog_eye_problem
Irregular Heartbeat in Dogs,https://www.petmd.com/dog/conditions/cardiovascular/c_dg_arrhythmia
Irregular Heart Beat in Dogs,https://www.petmd.com/dog/conditions/cardiovascular/c_dg_premature_ventricular
Irregular Heart Rhythms in Dogs,https://www.petmd.com/dog/conditions/cardiovascular/c_dg_idioventricular_rhythm
Irritable Bowel Syndrome in Dogs (IBS),https://www.petmd.com/dog/conditions/digestive/c_dg_irritable_bowel_syndrome
Is Dry Nose a Sign of Illness in Dogs?,https://www.petmd.com/dog/conditions/respiratory/dry-nose-sign-illness-dogs
Is Your Pet’s Excessive Shedding a Sign of Illness?,https://www.petmd.com/dog/conditions/skin/your-pets-excessive-shedding-sign-illness
IVDD (Intervertebral Disc Disease) in Dogs,https://www.petmd.com/dog/conditions/neurological/c_dg_intervertebral_disc_disease
Jawbone Enlargement in Dogs,https://www.petmd.com/dog/conditions/mouth/c_dg_craniomandibular_osteopathy
Joint Cartilage Erosion in Dogs,https://www.petmd.com/dog/conditions/musculoskeletal/c_multi_polyarthritis_erosive_immune_mediated
"Jumping, Chewing, Playbiting, and Other Destructive Behavior Problems in Puppies, Young Dogs",https://www.petmd.com/dog/conditions/behavioral/c_dg_pediatric_behavior_problems
Kennel Cough in Dogs: Symptoms and Treatments,https://www.petmd.com/dog/conditions/respiratory/kennel-cough-dogs-symptoms-and-treatments
Key-Gaskell Syndrome in Dogs,https://www.petmd.com/dog/conditions/neurological/key-gaskell-syndrome-dogs
Kidney Cancer in Dogs,https://www.petmd.com/dog/conditions/cancer/c_dg_adenocarcinoma_renalNA
Kidney Disease Caused by Multiple Cysts in Dogs,https://www.petmd.com/dog/conditions/endocrine/c_multi_polycystic_kidney_disease
Kidney Enlargement in Dogs,https://www.petmd.com/dog/conditions/urinary/c_multi_renomegaly
Kidney Failure and Excess Urea in the Urine in Dogs,https://www.petmd.com/dog/conditions/urinary/c_multi_renal_failure_acute_uremia
Kidney Failure in Dogs,https://www.petmd.com/dog/conditions/urinary/kidney-failure-dogs
Kidney Filtration Problems in Dogs,https://www.petmd.com/dog/conditions/endocrine/c_multi_nephrotic_syndrome
Kidney Infections in Dogs,https://www.petmd.com/dog/conditions/urinary/kidney-infections-dogs
Kidney Inflammation Due to Fluid Accumulation in Dogs,https://www.petmd.com/dog/conditions/urinary/c_dg_perirenal_pseudocysts
Kidney Stones in Dogs,https://www.petmd.com/dog/conditions/urinary/c_dg_nephrolithiasis
Kidney Stones (Struvite) in Dogs,https://www.petmd.com/dog/conditions/urinary/c_dg_urolithiasis_struvite
Kidney Toxicity (Drug-Induced) in Dogs,https://www.petmd.com/dog/conditions/urinary/c_dg_drug_induced_nephrotoxicity
Lactic Acid Build-Up in Dogs,https://www.petmd.com/dog/conditions/cardiovascular/c_dg_lactic_acidosis
Laryngeal Paralysis in Dogs,https://www.petmd.com/dog/conditions/respiratory/c_dg_laryngeal_disease
Lead Poisoning in Dogs,https://www.petmd.com/dog/conditions/digestive/c_dg_lead_poisoning
Legg-Calvé-Perthes Disease in Dogs,https://www.petmd.com/dog/conditions/musculoskeletal/c_dg_legg_calve_perthes_disease
Leptospirosis in Dogs: What It Is and What You Should Know,https://www.petmd.com/dog/conditions/infectious-parasitic/c_multi_leptospirosis
Leukemia in Dogs,https://www.petmd.com/dog/conditions/cancer/leukemia-dogs
Lice in Dogs,https://www.petmd.com/dog/conditions/skin-hair/c_dg_lice_canine_pediculosis
Lipoma in Dogs,https://www.petmd.com/dog/conditions/skin/c_multi_lipoma
Liver and Gallbladder Cancer in Dogs,https://www.petmd.com/dog/conditions/cancer/liver-and-gallbladder-cancer-dogs
Liver Disease (Copper Storage) in Dogs,https://www.petmd.com/dog/conditions/endocrine/c_multi_copper_storage_hepatopathy
Liver Disease in Dogs,https://www.petmd.com/dog/conditions/digestive/liver-disease-dogs
Liver Failure (Acute) in Dogs,https://www.petmd.com/dog/conditions/endocrine/c_multi_hepatic_failure_acute
Liver Fibrosis in Young Dogs,https://www.petmd.com/dog/conditions/digestive/c_dg_juvenile_fibrosing_liver_disease
Liver Fistula in Dogs,https://www.petmd.com/dog/conditions/digestive/c_multi_arteriovenous_malformation_liver
Liver Inflammation (Chronic) in Dogs,https://www.petmd.com/dog/conditions/endocrine/c_dg_hepatitis_chronic_active
Liver Inflammation (Granulomatous) in Dogs,https://www.petmd.com/dog/conditions/endocrine/c_dg_inflamed_liver_tumor
Liver Inflammation (Suppurative) in Dogs,https://www.petmd.com/dog/conditions/digestive/c_dg_suppurative_hepatitis
Liver Toxins in Dogs,https://www.petmd.com/dog/conditions/endocrine/c_dg_hepatotoxins
Lizard Venom Poisoning in Dogs,https://www.petmd.com/dog/conditions/cardiovascular/c_dg_lizard_venom_toxicity
Lockjaw in Dogs,https://www.petmd.com/dog/conditions/mouth/lockjaw-dogs
Low Blood Albumin in Dogs,https://www.petmd.com/dog/conditions/endocrine/c_dg_hypoalbuminia
Low Blood Calcium in Dogs,https://www.petmd.com/dog/conditions/cardiovascular/c_dg_hypocalcemia
Low Blood Oxygen in Dogs,https://www.petmd.com/dog/conditions/cardiovascular/c_multi_hypoxemia
Low Blood Potassium in Dogs,https://www.petmd.com/dog/conditions/endocrine/c_dg_low_potassium
Low Platelet Count in Dogs,https://www.petmd.com/dog/conditions/cardiovascular/c_multi_thrombocytopenia
Low Production of Parathyroid Hormone in Dogs,https://www.petmd.com/dog/conditions/endocrine/c_dg_hypoparathyroidism
Low White Blood Cell Count in Dogs,https://www.petmd.com/dog/conditions/cardiovascular/c_dg_Neutropenia
Lung Cancer In Dogs,https://www.petmd.com/dog/conditions/cancer/lung-cancer-dogs
Lung Lobe Twisting in Dogs,https://www.petmd.com/dog/conditions/respiratory/c_dg_lung_lobe_torsion
Lungworms in Dogs,https://www.petmd.com/dog/conditions/respiratory/c_dg_lungworms
Lupoid Onychodystrophy in Dogs,https://www.petmd.com/dog/conditions/immune/lupoid-onychodystrophy-dogs
Lupus in Dogs,https://www.petmd.com/dog/conditions/immune/lupus-dogs
Luxating Patella in Dogs (Knee Dislocation),https://www.petmd.com/dog/conditions/musculoskeletal/c_multi_patellar_luxation
Lyme Disease in Dogs: Symptoms and Treatment,https://www.petmd.com/dog/conditions/infectious-parasitic/c_dg_lyme_disease
"Lymph Node Inflammation, Intestinal Tract (Lymphangieasia) in Dogs",https://www.petmd.com/dog/conditions/endocrine/c_dg_lymphangiectasia
Lymph Node Inflammation (Lymphadenitis) in Dogs,https://www.petmd.com/dog/conditions/endocrine/c_dg_lymphadenitis
Lymphoma in Dogs,https://www.petmd.com/dog/conditions/cancer/c_dg_lymphoma
'Mad Itch' Pseudorabies Virus Infection in Dogs,https://www.petmd.com/dog/conditions/infectious-parasitic/c_multi_pseudorabies_virus_infection
Magnesium Deficiency in Dogs,https://www.petmd.com/dog/conditions/endocrine/c_dg_hypomagnesemia
Mammary Gland Tumors in Dogs,https://www.petmd.com/dog/conditions/cancer/c_dg_mammary_gland_tumor
Mange in Dogs,https://www.petmd.com/dog/conditions/skin/mange-dogs
Masculinizing Sex Hormone Deficiency in Dogs,https://www.petmd.com/dog/conditions/endocrine/c_dg_hypoangrogenism
Mass Protrusion from the Vaginal Area in Dogs,https://www.petmd.com/dog/conditions/reproductive/c_multi_vaginal_hyperplasia_and_prolapse
Mast Cell Tumor (Mastocytoma) in Dogs,https://www.petmd.com/dog/conditions/cancer/c_dg_mast_cell_tumor
Masticatory Myositis in Dogs,https://www.petmd.com/dog/conditions/immune/masticatory-myositis-dogs
Mastitis in Dogs,https://www.petmd.com/dog/conditions/endocrine/c_dg_mastitis
Maternal Behavior Problems in Female Dogs,https://www.petmd.com/dog/conditions/behavioral/c_dg_maternal_behavior_problems
Megaesophagus in Dogs,https://www.petmd.com/dog/conditions/digestive/megaesophagus-dogs
"Meningitis, Meningoencephalitis, Meningomyelitis in Dogs",https://www.petmd.com/dog/conditions/neurological/c_dg_meningitis_meningoencephalitis_meningomyelitis
Mesothelioma in Dogs,https://www.petmd.com/dog/conditions/cancer/c_multi_mesothelioma
Metabolic Enzyme Deficiency in Dogs,https://www.petmd.com/dog/conditions/genetic/c_dg_lysosomal_storage_diseases
Metabolic Muscle Disease without Inflammation in Dogs,https://www.petmd.com/dog/conditions/musculoskeletal/c_dg_noninflammatory_metabolic_myopathy
Miscarriage Due to Bacterial Infection (Brucellosis) in Dogs,https://www.petmd.com/dog/conditions/reproductive/c_dg_brucellosis
Miscarriage in Dogs,https://www.petmd.com/dog/conditions/reproductive/c_dg_spontaneous_abortion_pregnancy_loss
Mitral Valve Disease in Dogs,https://www.petmd.com/dog/conditions/cardiovascular/mitral-valve-disease-dogs
Mothball Toxicity in Pets: What You Need to Know,https://www.petmd.com/dog/conditions/toxicity/mothball-toxicity-pets-what-you-need-know
Mouth Cancer (Amelobastoma) in Dogs,https://www.petmd.com/dog/conditions/cancer/c_dg_ameloblastoma
Mouth Cancer (Gingiva Squamous Cell Carcinoma) in Dogs,https://www.petmd.com/dog/conditions/cancer/c_dg_squamous_cell_carcinoma_gingiva
Mouth Cancer (Melanocytic) in Dogs,https://www.petmd.com/dog/conditions/mouth/c_dg_oral_melanocyctic_tumors
Mouth Inflammation and Ulcers (Chronic) in Dogs,https://www.petmd.com/dog/conditions/mouth/c_dg_oral_ulceration_cups
Mucopolysaccharidoses in Dogs,https://www.petmd.com/dog/conditions/endocrine/c_dg_mucopolysaccharidoses
Mucus in Dog Poop: Causes and Treatment,https://www.petmd.com/dog/conditions/digestive/how-treat-mucus-stool-dogs
Multiple Myeloma in Dogs,https://www.petmd.com/dog/conditions/cancer/multiple-myeloma-dogs
Mumps in Dogs,https://www.petmd.com/dog/conditions/infectious-parasitic/c_dg_mumps
Muscle Contraction Disease (Myoclonus) in Dogs,https://www.petmd.com/dog/conditions/musculoskeletal/c_dg_myoclonus
Muscle Cramps in Scottish Terriers,https://www.petmd.com/dog/conditions/musculoskeletal/c_dg_hereditary_noninflammatory_scotty_cramp
Muscle Tears in Dogs,https://www.petmd.com/dog/conditions/musculoskeletal/c_dg_muscle_rupture
Myasthenia Gravis in Dogs,https://www.petmd.com/dog/conditions/neurological/myasthenia-gravis-dogs
My Pet is Moving Less - What's Up?,https://www.petmd.com/dog/conditions/my-pet-moving-less-whats
Narcolepsy in Dogs,https://www.petmd.com/dog/conditions/neurological/narcolepsy-dogs
Narrowed Bronchi in Dogs,https://www.petmd.com/dog/conditions/respiratory/c_dg_bronchiectasis
Narrowing of Pyloric Canal in Dogs,https://www.petmd.com/dog/conditions/digestive/c_dg_pyloric_stenosis
Narrowing of the Esophagus in Dogs,https://www.petmd.com/dog/conditions/digestive/c_multi_esophageal_stricture
Narrowing of Vertebral Canal in Dogs,https://www.petmd.com/dog/conditions/neurological/c_dg_lumbosacral_stenosis_and_cauda_equina_syndrome
Nasal Dermatoses in Dogs (Dog Nose Skin Issues),https://www.petmd.com/dog/conditions/skin/c_dg_Nasal_Dermatoses
Nasal Passage Narrowing in Dogs,https://www.petmd.com/dog/conditions/respiratory/c_dg_nasopharyngeal_stenosis
Nasal Polyps In Dogs,https://www.petmd.com/dog/conditions/respiratory/nasal-polyps-dogs
Nasal Tumors in Dogs,https://www.petmd.com/dog/conditions/cancer/nasal-tumors-dogs
Natural Treatments for Managing Arthritis in Dogs,https://www.petmd.com/dog/conditions/natural-treatments-managing-arthritis-dogs
Neck and Back Pain in Dogs,https://www.petmd.com/dog/conditions/musculoskeletal/c_multi_neck_back_pain
Nerve Disorder Affecting Multiple Nerves in Dogs,https://www.petmd.com/dog/conditions/neurological/c_multi_peripheral_neuropathies
Nerve Sheath Tumor in Dogs,https://www.petmd.com/dog/conditions/neurological/c_multi_schwannoma
Neuroaxonal Dystrophy (NAD) in Dogs,https://www.petmd.com/dog/conditions/neurological/neuroaxonal-dystrophy-nad-dogs
Neurological Disorders in Dogs,https://www.petmd.com/dog/conditions/neurological/neurological-disorders-dogs
Neuropathic Pain in Dogs,https://www.petmd.com/dog/conditions/neurological/c_dg_neuropathic_pain
Noisy Breathing in Dogs,https://www.petmd.com/dog/conditions/respiratory/c_dg_noisy_breathing
Non-Inflammatory Hereditary Muscle Disease in Dogs,https://www.petmd.com/dog/conditions/musculoskeletal/c_dg_noninflammatory_hereditary_myotonia
Non-inflammatory Myopathy of Endocrine Origin in Dogs,https://www.petmd.com/dog/conditions/musculoskeletal/c_dg_noninflammatory_myopathy_endocrineathy
Non-Ulcerative Keratitis (Corneal Inflammation) in Dogs,https://www.petmd.com/dog/conditions/eyes/non-ulcerative-keratitis-corneal-inflammation-dogs
Nose Bleed in Dogs,https://www.petmd.com/dog/conditions/respiratory/c_multi_epistaxis
Nose Cancer in Dogs (Nasal Adenocarcinoma),https://www.petmd.com/dog/conditions/cancer/c_multi_adenocarcinoma_nasal
Nose Pad Cancer (Squamous Cell Carcinoma) in Dogs,https://www.petmd.com/dog/conditions/cancer/c_dg_squamous_cell_carcinoma_nasal_planum
Nystagmus (Unintentional Eye Movement) in Dogs,https://www.petmd.com/dog/conditions/eyes/nystagmus-unintentional-eye-movement-dogs
Obesity in Dogs,https://www.petmd.com/dog/conditions/digestive/obesity-dogs
Optic Nerve Swelling in Dogs,https://www.petmd.com/dog/conditions/eyes/c_multi_optic_neuritis
Oral Masses in Dogs,https://www.petmd.com/dog/conditions/mouth/oral-masses-dogs
Osteoarthritis (OA) in Dogs,https://www.petmd.com/dog/conditions/musculoskeletal/c_multi_arthritis_osteoarthritis
Osteochondritis Dissecans (OCD) in Dogs,https://www.petmd.com/dog/conditions/musculoskeletal/c_dg_osteochondrosis
Osteomyelitis in Dogs,https://www.petmd.com/dog/conditions/musculoskeletal/c_dg_osteomyelitis
Osteosarcoma (Bone Cancer) in Dogs,https://www.petmd.com/dog/conditions/musculoskeletal/c_multi_osteosarcoma
Out-of-place Urethral Lining in Dogs,https://www.petmd.com/dog/conditions/urinary/c_multi_urethral_prolapse
Ovarian Tumors in Dogs,https://www.petmd.com/dog/conditions/reproductive/c_multi_ovarian_tumors
Overproduction of Estrogen in Dogs,https://www.petmd.com/dog/conditions/endocrine/c_dg_Hyperestrogenism
Overproduction of Red Blood Cells in Dogs,https://www.petmd.com/dog/conditions/cardiovascular/c_multi_polycythemia
Overproduction of White Blood Cells in the Bone Marrow in Dogs,https://www.petmd.com/dog/conditions/cardiovascular/c_dg_overproduction_white_blood_cells
Painful and Frequent Urination in Dogs,https://www.petmd.com/dog/conditions/urinary/c_multi_dysuria_and_pollakiuria
Pancreatic Cancer in Dogs (Pancreatic Adenocarcinoma),https://www.petmd.com/dog/conditions/cancer/c_dg_adenocarcinoma_pancreas
Panosteitis in Dogs (Growing Pains in Dogs),https://www.petmd.com/dog/conditions/musculoskeletal/c_multi_panosteitis
Paralysis in Dogs,https://www.petmd.com/dog/conditions/neurological/paralysis-dogs
Paralysis of the Jaw in Dogs,https://www.petmd.com/dog/conditions/neurological/c_dg_trigeminal_inflammation
Parasite Infection (Leishmaniasis) in Dogs,https://www.petmd.com/dog/conditions/infectious-parasitic/c_dg_leishmaniasis
Parasitic Blood Infection (Haemobartonellosis) in Dogs,https://www.petmd.com/dog/conditions/cardiovascular/c_multi_hemotrophic_mycoplasmosis
Parasitic Infection (Microsporidiosis Encephalitozoonosis) in Dogs,https://www.petmd.com/dog/conditions/infectious-parasitic/c_dg_encephalitozoonosis
Parasitic Infection (Neosporosis) in Dogs,https://www.petmd.com/dog/conditions/infectious-parasitic/c_dg_neosporosis
Parasitic Infection of the Respiratory Tract in Dogs,https://www.petmd.com/dog/conditions/respiratory/c_dg_respiratory_parasites
Parvo in Dogs,https://www.petmd.com/dog/conditions/infectious-parasitic/c_dg_canine_parvovirus_infection
Patent Ductus Arteriosus Heart Defect in Dogs,https://www.petmd.com/dog/conditions/cardiovascular/c_multi_patent_ductus_arteriosus
Pelger-Huët Anomaly in Dogs,https://www.petmd.com/dog/conditions/cardiovascular/c_dg_pelger_huet_anomaly
Pemphigus Foliaceus in Dogs,https://www.petmd.com/dog/conditions/immune/pemphigus-foliaceus-dogs
Pemphigus in Dogs,https://www.petmd.com/dog/conditions/skin/pemphigus-dogs
Pennyroyal Oil Poisoning in Dogs,https://www.petmd.com/dog/conditions/poisoning-toxicity/c_dg_pennyroyal_oil_poisoning
Perianal Adenoma in Dogs,https://www.petmd.com/dog/conditions/skin/perianal-adenoma-dogs
Perianal Fistula in Dogs,https://www.petmd.com/dog/conditions/digestive/perianal-fistula-dogs
Pericardial Effusion in Dogs,https://www.petmd.com/dog/conditions/cardiovascular/pericardial-effusion-dogs
Perineal Hernia in Dogs,https://www.petmd.com/dog/conditions/reproductive/c_dg_perineal_hernia
Periodontal (Gum) Disease in Dogs,https://www.petmd.com/dog/conditions/mouth/c_multi_periodontal_disease
Phosphofructokinase Deficiency in Dogs,https://www.petmd.com/dog/conditions/endocrine/c_dg_phosphofructokinase_deficiency
Pica in Dogs,https://www.petmd.com/dog/conditions/behavioral/pica-dogs
Plague in Dogs,https://www.petmd.com/dog/conditions/infectious-parasitic/c_multi_plague
Pleural Effusion in Dogs,https://www.petmd.com/dog/conditions/respiratory/pleural-effusion-dogs
Pneumonia Due to Overactive Immune Response in Dogs,https://www.petmd.com/dog/conditions/respiratory/c_dg_pneumonia_eosinophilic
Pneumonia (Fungal) in Dogs,https://www.petmd.com/dog/conditions/respiratory/c_multi_pneumonia_fungal
Pneumonia (Interstitial) in Dogs,https://www.petmd.com/dog/conditions/respiratory/c_multi_pneumonia_interstitial
Pododermatitis in Dogs,https://www.petmd.com/dog/conditions/skin/pododermatitis-dogs
Poisoning by Petroleum Products in Dogs,https://www.petmd.com/dog/conditions/respiratory/c_multi_petroleum_hydrocarbon_toxicos
Pollen Allergies in Dogs,https://www.petmd.com/dog/conditions/systemic/pollen-allergies-dogs
Pork Roundworm Infection in Dogs,https://www.petmd.com/dog/conditions/infectious-parasitic/c_dg_trichinosis
Possessive and Territorial Aggression in Dogs,https://www.petmd.com/dog/conditions/behavioral/c_dg_aggression_territorial
Posterior Displacement of the Bladder in Dogs,https://www.petmd.com/dog/conditions/urinary/c_dg_pelvic_bladder
Pouch-like Sacs on the Esophageal Wall in Dogs,https://www.petmd.com/dog/conditions/digestive/c_multi_esophageal_diverticula
Proptosis in Dogs,https://www.petmd.com/dog/conditions/eyes/proptosis-dogs
Prostate Cancer in Dogs (Prostatic Adenocarcinoma),https://www.petmd.com/dog/conditions/cancer/c_dg_adenocarcinoma_prostate
Prostate Disease in the Breeding Male Dog,https://www.petmd.com/dog/conditions/reproductive/c_dg_prostate_disease
Prostate Enlargement in Dogs,https://www.petmd.com/dog/conditions/reproductive/prostate-enlargement-dogs
Prostate Gland Enlargement in Dogs,https://www.petmd.com/dog/conditions/reproductive/c_dg_benign_prostatic_hyperplasia
Prostate Inflammation and Abscessation in Dogs,https://www.petmd.com/dog/conditions/reproductive/c_dg_prostatitis
Prostatic Cysts in Dogs,https://www.petmd.com/dog/conditions/endocrine/c_dg_prostatic_cysts
Protein Deposits in Liver (Amyloidosis) in Dogs,https://www.petmd.com/dog/conditions/endocrine/c_dg_hepatic_amyloidosis
Protein Deposits in the Body in Dogs,https://www.petmd.com/dog/conditions/endocrine/c_dg_amyloidosis
Pulmonary Contusion in Dogs,https://www.petmd.com/dog/conditions/respiratory/pulmonary-contusion-dogs
Pulmonary Hypertension in Dogs,https://www.petmd.com/dog/conditions/cardiovascular/pulmonary-hypertension-dogs
Pulmonic Stenosis In Dogs,https://www.petmd.com/dog/conditions/cardiovascular/pulmonic-stenosis-dogs
Puppy Strangles in Dogs,https://www.petmd.com/dog/conditions/skin/c_dg_puppy_strangles
Pus in the Chest Cavity of Dogs,https://www.petmd.com/dog/conditions/respiratory/c_multi_pyothorax
Pus in the Urine in Dogs,https://www.petmd.com/dog/conditions/urinary/c_multi_pyuria
Pyoderma in Dogs,https://www.petmd.com/dog/conditions/skin/c_multi_pyoderma
Pyometra and Cystic Endometrial Hyperplasia in Dogs,https://www.petmd.com/dog/conditions/reproductive/c_multi_pyometra_hyperplasia
Pyometra in Dogs,https://www.petmd.com/dog/conditions/reproductive/pyometra-dogs
Pyruvate Kinase Deficiency in Dogs,https://www.petmd.com/dog/conditions/cardiovascular/c_dg_pyruvate_kinase_deficiency
Q Fever in Dogs,https://www.petmd.com/dog/conditions/neurological/c_multi_q_fever
Rabies in Dogs,https://www.petmd.com/dog/conditions/neurological/c_multi_rabies
Racoon Disease in Dogs,https://www.petmd.com/dog/conditions/infectious-parasitic/c_dg_baylisascariasis
Rapid Heart Beat in Dogs,https://www.petmd.com/dog/conditions/cardiovascular/c_dg_supraventricular_tachycardia
Rapid Heart Rate in Dogs,https://www.petmd.com/dog/conditions/cardiovascular/c_dg_rapid_heart_beat
Recessed Vulva in Dogs,https://www.petmd.com/dog/conditions/reproductive/recessed-vulva-dogs
Rectal Prolapse in Dogs,https://www.petmd.com/dog/conditions/digestive/c_multi_rectal_prolapse
Reduced Activity of the Stomach in Dogs,https://www.petmd.com/dog/conditions/digestive/c_dg_gastric_stasis
Retained Afterbirth in Dogs,https://www.petmd.com/dog/conditions/reproductive/c_dg_retained_placenta_afterbirth
Retained Baby Teeth in Dogs,https://www.petmd.com/dog/conditions/mouth/c_dg_retained_baby_teeth
Ringworm in Dogs,https://www.petmd.com/dog/conditions/skin/c_dg_dermatophytosis
Rocky Mountain Spotted Fever in Dogs,https://www.petmd.com/dog/conditions/infectious-parasitic/c_dg_rocky_mountain_spotted_fever
Salivary Gland Adenocarcinoma in Dogs,https://www.petmd.com/dog/conditions/cancer/c_dg_adenocarcinoma_salivary_gland
Salmonella in Dogs,https://www.petmd.com/dog/conditions/digestive/salmonella-dogs
Salmon Poisoning Disease in Dogs,https://www.petmd.com/dog/conditions/digestive/c_dg_salmon_poisoning_disease
Sarcocystis Infection in Dogs,https://www.petmd.com/dog/conditions/infectious-parasitic/c_dg_sarcocystosis
Sarcoptic Mange in Dogs,https://www.petmd.com/dog/conditions/skin/c_dg_sarcoptic_mange
Seasonal Allergies in Dogs,https://www.petmd.com/dog/conditions/skin/seasonal-allergies-dogs
Seasonal Flank Alopecia in Dogs,https://www.petmd.com/dog/conditions/skin/seasonal-flank-alopecia-dogs
Seborrhea in Dogs,https://www.petmd.com/dog/conditions/skin/c_dg_canine_seborrhea
Separation Anxiety in Dogs,https://www.petmd.com/dog/conditions/behavioral/c_dg_separation_anxiety
Separation of the Inner Lining of the Eye in Dogs,https://www.petmd.com/dog/conditions/eyes/c_multi_retinal_detachment
Sepsis in Dogs,https://www.petmd.com/dog/conditions/systemic/sepsis-dogs
Septic Arthritis in Dogs,https://www.petmd.com/dog/conditions/musculoskeletal/c_dg_arthritis_septic
Severely Abnormal Heart Rhythm in Dogs,https://www.petmd.com/dog/conditions/cardiovascular/c_dg_ventricular_fibrillation
Sexual Development Disorders in Dogs,https://www.petmd.com/dog/conditions/reproductive/c_dg_sexual_development_disorders
Shaker Syndrome in Dogs,https://www.petmd.com/dog/conditions/neurological/c_dg_shaker_syndrome
Shock Due to Heart Failure in Dogs,https://www.petmd.com/dog/conditions/cardiovascular/c_dg_cardiogenic_shock
Shock in Dogs,https://www.petmd.com/dog/conditions/traumatic/shock-dogs
Side Effects of Anxiety Medications in Dogs,https://www.petmd.com/dog/conditions/neurological/c_dg_serotonin_syndrome
Sjögren-like Syndrome in Dogs,https://www.petmd.com/dog/conditions/eyes/c_dg_sjogren_like_syndrome
Skin and Eye Inflammation Due to Autoimmune Disorder (Uveodermatologic Syndrome) in Dogs,https://www.petmd.com/dog/conditions/immune/c_dg_uveodermatologic_syndrome
Skin and Toe Cancer (Melanocytic) in Dogs,https://www.petmd.com/dog/conditions/skin/c_dg_melanocytic_tumors_skin_digit
Skin Blisters and Pustules in Dogs,https://www.petmd.com/dog/conditions/skin/c_dg_bullous_pemphigoid
Skin Blisters (Vesiculopustular Dermatoses) in Dogs,https://www.petmd.com/dog/conditions/skin/c_dg_dermatoses_vesiculopustular
Skin Bumps (Granulomatous Dermatoses) in Dogs,https://www.petmd.com/dog/conditions/skin/c_dg_dermatoses_sterile_nodular_granulomatous
Skin Cancer (Basal Cell Tumor) in Dogs,https://www.petmd.com/dog/conditions/skin/c_dg_basal_cell_tumor
Skin Cancer in Dogs,https://www.petmd.com/dog/conditions/cancer/c_dg_hemangiosarcoma_skin
Skin Cancer (Mucocutaneous Plasmacytoma) in Dogs,https://www.petmd.com/dog/conditions/cancer/c_dg_polycythemia_vera
Skin Disease (Dermatophilosis) in Dogs,https://www.petmd.com/dog/conditions/skin/c_multi_dermatophilosis
Skin Disease Due to Food Allergies in Dogs,https://www.petmd.com/dog/conditions/skin/c_dg_food_reactions_dermatologic
Skin Infections and Loss of Skin Color Disorders in Dogs,https://www.petmd.com/dog/conditions/skin/c_dg_dermatoses_depigmenting_disorders
Skin Infections in Dogs,https://www.petmd.com/dog/conditions/skin/skin-infections-dogs
Skin Rash Due to Contact with Irritants in Dogs,https://www.petmd.com/dog/conditions/skin/c_multi_contact_dermatitis
Skin Reactions to Drugs in Dogs,https://www.petmd.com/dog/conditions/skin/c_dg_cutaneous_drug_eruptions
Skin Tags on Dogs,https://www.petmd.com/dog/conditions/skin/skin-tags-dogs
Skin Ulcers and Depigmentation (Immune-Related) in Dogs,https://www.petmd.com/dog/conditions/skin/c_dg_cutaneous_lupus_erythematosus
Skin Ulcers in Dogs,https://www.petmd.com/dog/conditions/skin/skin-ulcers-dogs
Small Sized Testes in Dogs,https://www.petmd.com/dog/conditions/reproductive/c_dg_testicular_degeneration_hypoplasia
Smoke Inhalation in Dogs,https://www.petmd.com/dog/conditions/respiratory/c_dg_smoke_inhalation
"Snail, Slug Bait Poisoning in Dogs",https://www.petmd.com/dog/conditions/neurological/c_dg_metaldehyde_poisoning
Sodium Deficiency in Dogs,https://www.petmd.com/dog/conditions/endocrine/c_dg_hyponatremia
Soft Tissue Cancer (Rhabdomyosarcoma) in Dogs,https://www.petmd.com/dog/conditions/musculoskeletal/c_dg_rhabdomyosarcoma
Soft Tissue Sarcoma in Dogs,https://www.petmd.com/dog/conditions/cancer/soft-tissue-sarcoma-dogs
Spasm of the Rear Legs in Dogs / Dancing Doberman Disease,https://www.petmd.com/dog/conditions/neurological/c_dg_dancing_doberman_disease
Sperm Abnormalities in Dogs,https://www.petmd.com/dog/conditions/reproductive/c_dg_sperm_abnormality
Sperm Ducts Cysts in Dogs,https://www.petmd.com/dog/conditions/reproductive/c_dg_sperm_duct_cyst
Spina Bifida in Dogs,https://www.petmd.com/dog/conditions/musculoskeletal/spina-bifida-dogs
Spinal and Vertebral Birth Defects in Dogs,https://www.petmd.com/dog/conditions/musculoskeletal/c_dg_spinal_malformations
Spinal Cord Development Disorders in Dogs,https://www.petmd.com/dog/conditions/neurological/c_dg_spinal_dysraphism
Spleen Cancer in Dogs,https://www.petmd.com/dog/conditions/cancer/spleen-cancer-dogs
Spondylosis Deformans in Dogs,https://www.petmd.com/dog/conditions/musculoskeletal/spondylosis-deformans-dogs
Sprains and Strains in Dogs,https://www.petmd.com/dog/conditions/musculoskeletal/sprains-and-strains-dogs
Squamous Cell Carcinoma (SCC) in Dogs,https://www.petmd.com/dog/conditions/cancer/squamous-cell-carcinoma-scc-dogs
"Stained, Discolored Teeth in Dogs",https://www.petmd.com/dog/conditions/mouth/c_dg_discolored_teeth
Stalled Labor and Delivery Problems in Dogs,https://www.petmd.com/dog/conditions/reproductive/c_dg_uterine_inertia
Staph Infection in Dogs,https://www.petmd.com/dog/conditions/respiratory/c_multi_staphylococcal_infections
Stem Cell Disorders Due to Abnormal Development and Maturation in Dogs,https://www.petmd.com/dog/conditions/cardiovascular/c_dg_myelodysplastic_syndromes
Steroid-Responsive Meningitis-Arteritis in Dogs,https://www.petmd.com/dog/conditions/neurological/c_dg_steroid_responsive_meningitis
Stomach and Intestinal Cancer (Leiomyosarcoma) in Dogs,https://www.petmd.com/dog/conditions/digestive/c_dg_leiomyosarcoma_stomach_intestine
Stomach and Intestinal Inflammation in Dogs,https://www.petmd.com/dog/conditions/digestive/c_dg_eosinophilic_gastroenteritis_in_dogs_diarrhea
Stomach and Intestinal Ulcers in Dogs,https://www.petmd.com/dog/conditions/digestive/c_dg_gastroduodenal_ulcer_disease
Stomach Disorder (Loss of Motility) in Dogs,https://www.petmd.com/dog/conditions/digestive/c_dg_stomach_motility_loss
Stomach Infection with Helicobacter in Dogs,https://www.petmd.com/dog/conditions/digestive/c_dg_helicobacter_infection
Stomach Inflammation (Atrophic) in Dogs,https://www.petmd.com/dog/conditions/digestive/c_dg_gastric_atrophic
Stomach Worm Infection (Physalopterosis) in Dogs,https://www.petmd.com/dog/conditions/infectious-parasitic/c_multi_physalopterosis
Stomatitis in Dogs,https://www.petmd.com/dog/conditions/mouth/c_multi_stomatitis
"Stretchy, Saggy, Painful Skin in Dogs",https://www.petmd.com/dog/conditions/skin/c_multi_cutaneous_asthenia
Stroke in Dogs,https://www.petmd.com/dog/conditions/neurological/stroke-dogs
Swallowing Difficulties in Dogs,https://www.petmd.com/dog/conditions/mouth/c_dg_difficulty_swallowing
Swelling of the Optic Disk in the Retina of Dogs,https://www.petmd.com/dog/conditions/eyes/c_multi_papilledema
Swelling of the Salivary Gland in Dogs,https://www.petmd.com/dog/conditions/mouth/c_multi_salivary_mucocele
Swollen Gums in Dogs,https://www.petmd.com/dog/conditions/mouth/c_dg_gingivitis
Swollen Lymph Nodes in Dogs (Lymphadenopathy),https://www.petmd.com/dog/conditions/cancer/c_multi_lymphadenopathy
Symptoms of Lead Poisoning in Pets,https://www.petmd.com/dog/conditions/toxicity/symptoms-lead-poisoning-pets
Syncope (Fainting) In Dogs,https://www.petmd.com/dog/conditions/neurological/syncope-fainting-dogs
Synechiae in Dogs,https://www.petmd.com/dog/conditions/eyes/c_dg_synechiae_eye_problems_in_dogs
Syringomyelia (SM) and Chiari Malformation (CM) in Dogs,https://www.petmd.com/dog/conditions/neurological/syringomyelia-sm-and-chiari-malformation-cm-dogs
Systemic Lupus Erythematosus (SLE) in Dogs,https://www.petmd.com/dog/conditions/endocrine/c_dg_lupus_erythematosus
Taurine for Dogs: Do Dogs Need Taurine Supplements?,https://www.petmd.com/dog/conditions/cardiovascular/c_dg_taurine_deficiency
Tear in the Heart in Dogs,https://www.petmd.com/dog/conditions/cardiovascular/c_dg_atrial_wall_tear
Temporomandibular Joint Disorders in Dogs,https://www.petmd.com/dog/conditions/musculoskeletal/c_dg_temporomandibular_joint_disorders
Testicular Swelling in Dogs,https://www.petmd.com/dog/conditions/reproductive/c_multi_epididymitis_orchitis
Testicular Tumors in Dogs,https://www.petmd.com/dog/conditions/reproductive/testicular-tumors-dogs
Tetanus in Dogs,https://www.petmd.com/dog/conditions/neurological/c_dg_tetanus
Tetralogy of Fallot in Dogs,https://www.petmd.com/dog/conditions/cardiovascular/c_dg_tetralogy_of_fallot
Throat Cancer (Chondrosarcoma) in Dogs,https://www.petmd.com/dog/conditions/cancer/c_dg_chondrosarcoma_larynx_trachea
Thrush in Dogs,https://www.petmd.com/dog/conditions/infectious-parasitic/c_multi_candidiasis
Thunderstorm Phobias in Dogs,https://www.petmd.com/dog/conditions/behavioral/c_dg_thunderstorm_phobias
Thyroid Cancer in Dogs,https://www.petmd.com/dog/conditions/cancer/thyroid-cancer-dogs
Thyroid Gland Disorder in Dogs,https://www.petmd.com/dog/conditions/endocrine/c_dg_myxedema_myxedema_coma
Tick-Borne Disease in Dogs,https://www.petmd.com/dog/conditions/infectious-parasitic/6-tick-diseases-dogs
Tick Medicine Poisoning in Dogs,https://www.petmd.com/dog/conditions/neurological/c_dg_Amitraz_Toxicosis
Tongue Cancer (Squamous Cell Carcinoma) in Dogs,https://www.petmd.com/dog/conditions/cancer/c_dg_squamous_cell_carcinoma_tongue
Tonsil Cancer (Squamous Cell Carcinoma) in Dogs,https://www.petmd.com/dog/conditions/cancer/c_dg_squamous_cell_carcinoma_tonsil
Too much Acid in the Body in Dogs,https://www.petmd.com/dog/conditions/respiratory/c_dg_metabolic_acidosis
Tooth Dislocation or Sudden Loss in Dogs,https://www.petmd.com/dog/conditions/mouth/c_dg_tooth_luxation_avulsion
Tooth Enamel Malformation in Dogs,https://www.petmd.com/dog/conditions/mouth/c_dg_malformed_tooth_enamel
Tooth Fracture in Dogs,https://www.petmd.com/dog/conditions/mouth/c_multi_tooth_fracture
Tooth Root Abscess in Dogs,https://www.petmd.com/dog/conditions/mouth/tooth-root-abscess-dogs
Torn Knee Ligament in Dogs,https://www.petmd.com/dog/conditions/musculoskeletal/torn-knee-ligament-dogs
Toxoplasmosis in Dogs,https://www.petmd.com/dog/conditions/infectious-parasitic/c_dg_toxoplasmosis
Transitional Cell Carcinoma of the Urinary Tract in Dogs,https://www.petmd.com/dog/conditions/cancer/c_dg_urinary_carcinoma
Transmissible Venereal Tumor (TVT) in Dogs,https://www.petmd.com/dog/conditions/cancer/transmissible-venereal-tumor-tvt-dogs
Treating Heartworms in Dogs,https://www.petmd.com/dog/conditions/infectious-parasitic/how-treat-heartworms-dogs
Tumor of the Eye in Dogs,https://www.petmd.com/dog/conditions/eyes/c_dg_eye_tumor
Tumor of the Meninges in Dogs,https://www.petmd.com/dog/conditions/cancer/c_dg_meningioma
Tumor of the Thymus in Dogs,https://www.petmd.com/dog/conditions/endocrine/c_dg_tumor_thymus
Tumor of the Uterus in Dogs,https://www.petmd.com/dog/conditions/reproductive/c_dg_uterine_tumor
Tumor Related to Vaccinations in Dogs,https://www.petmd.com/dog/conditions/cancer/c_dg_vaccine_sarcoma
Tumors of the Vagina in Dogs,https://www.petmd.com/dog/conditions/reproductive/c_dg_vaginal_tumor
Twisted Spleen in Dogs,https://www.petmd.com/dog/conditions/cardiovascular/c_multi_splenic_torsion
Umbilical Hernia in Dogs,https://www.petmd.com/dog/conditions/musculoskeletal/c_dg_umbilical_hernia_in_dogs
Uncoordinated Cilia Function in Dogs,https://www.petmd.com/dog/conditions/infectious-parasitic/c_dg_primary_ciliary_dyskinesia
Ureter Stones in Dogs,https://www.petmd.com/dog/conditions/urinary/c_dg_ureterolithiasis
Urethral Shaft Abnormality in Dogs,https://www.petmd.com/dog/conditions/urinary/c_dg_ectopic_ureter
Urinary Bladder Cancer (Rhabdomyosarcoma) in Dogs,https://www.petmd.com/dog/conditions/urinary/c_dg_rhabdomyosarcoma_urinary_bladder
Urinary Tract Blockage in Dogs,https://www.petmd.com/dog/conditions/urinary/urinary-tract-blockage-dogs
Urinary Tract / Kidney Stones (Calcium Phosphate) in Dogs,https://www.petmd.com/dog/conditions/urinary/c_dg_urolithiasis_calcium_phosphate
Urinary Tract / Kidney Stones  (Cystine) in Dogs,https://www.petmd.com/dog/conditions/urinary/c_multi_urolithiasis_cystine
Urinary Tract Stones/Crystals Made Up of Uric Acid in Dogs,https://www.petmd.com/dog/conditions/urinary/c_multi_urolithiasis_urate
Urine Crystals in Dogs,https://www.petmd.com/dog/conditions/urinary/urine-crystals-dogs
Uterine Abnormalities in Dogs,https://www.petmd.com/dog/conditions/reproductive/c_dg_subinvolution_placental_site
UTIs in Dogs (Urinary Tract Infections in Dogs),https://www.petmd.com/dog/conditions/urinary/utis-dogs-urinary-tract-infections-dogs
Vaginal Abnormalities in Dogs,https://www.petmd.com/dog/conditions/reproductive/c_dg_vaginal_abnormalities
Vaginal Discharge in Dogs,https://www.petmd.com/dog/conditions/reproductive/c_multi_vaginal_discharge
Vaginitis in Dogs,https://www.petmd.com/dog/conditions/reproductive/c_dg_vaginitis
Valley Fever in Dogs: Everything You Need to Know,https://www.petmd.com/dog/conditions/respiratory/valley-fever-dogs-everything-you-need-know
Vascular Ring Anomalies in Dogs,https://www.petmd.com/dog/conditions/digestive/c_dg_vascular_ring_anomalies
Ventricular Standstill in Dogs,https://www.petmd.com/dog/conditions/cardiovascular/c_dg_asystole
Vestibular Disease in Dogs,https://www.petmd.com/dog/conditions/neurological/vestibular-disease-dogs
Von Willebrand Disease in Dogs,https://www.petmd.com/dog/conditions/cardiovascular/c_dg_von_willebrand_disease
Walking Dandruff in Dogs,https://www.petmd.com/dog/conditions/skin/walking-dandruff-dogs
Warts in Dogs,https://www.petmd.com/dog/conditions/all-about-dog-warts-types-causes-and-treatments
Water Mold Infection (Pythiosis) in Dogs,https://www.petmd.com/dog/conditions/infectious-parasitic/c_multi_pythiosis
Watery Eyes (Epiphora) in Dogs,https://www.petmd.com/dog/conditions/eyes/watery-eyes-epiphora-dogs
Weak Immune System due to Hereditary Disorder in Dogs,https://www.petmd.com/dog/conditions/genetic/c_dg_primary_immunodeficiency_disorders
What Causes a Puppy to Stop Growing?,https://www.petmd.com/dog/conditions/musculoskeletal/what-causes-puppy-stop-growing
What Causes Pancreatitis in Dogs and How to Treat It,https://www.petmd.com/dog/conditions/endocrine/c_multi_pancreatitis
What Causes Roundworms in Dogs and How to Get Rid of Them,https://www.petmd.com/dog/conditions/infectious-parasitic/c_multi_ascariasis
What Do Flea Eggs Look Like and How Do You Get Rid of Them?,https://www.petmd.com/dog/conditions/infectious-parasitic/what-do-flea-eggs-look-and-how-do-you-get-rid-them
What’s the Treatment for Cancer in Dogs? Is There a Cure?,https://www.petmd.com/dog/conditions/cancer/what-do-when-your-dog-diagnosed-cancer-treatment-prognosis-and-aftercare
When Should You Start Heartworm Prevention for Puppies?,https://www.petmd.com/dog/conditions/infectious-parasitic/when-should-you-start-heartworm-prevention-puppies
Whipworms in Dogs,https://www.petmd.com/dog/conditions/infectious-parasitic/c_multi_trichuriasis
Why Is My Dog Pooping Blood?,https://www.petmd.com/dog/conditions/digestive/why-is-my-dog-pooping-blood
Why Natural Heartworm Prevention Isn’t an Option,https://www.petmd.com/dog/conditions/infectious-parasitic/natural-heartworm-prevention-dogs-does-it-exist
Why Your Dog Is Farting and What to Do About It,https://www.petmd.com/dog/conditions/digestive/c_multi_flatulence
Wobbler Syndrome in Dogs,https://www.petmd.com/dog/conditions/neurological/c_dg_wobbler_syndrome
Wolff-Parkinson-White Syndrome in Dogs,https://www.petmd.com/dog/conditions/cardiovascular/c_dg_wolff_parkinson_white_syndrome
Xanthine Urinary Tract Stones in Dogs,https://www.petmd.com/dog/conditions/urinary/c_dg_xanthine_stones
Xylitol Poisoning in Dogs,https://www.petmd.com/dog/conditions/endocrine/c_dg_xylitol_toxicity
Yellow Skin (Jaundice) in Dogs,https://www.petmd.com/dog/conditions/digestive/c_dg_jaundice
Zika Virus and Pets – What We Know and What We Don’t,https://www.petmd.com/dog/conditions/infectious-parasitic/zika-virus-what-we-know-and-what-we-dont
Zinc Poisoning in Dogs,https://www.petmd.com/dog/conditions/toxicity/c_dg_zinc_toxicity
