post_name,Url
What To Feed a Dog With Diarrhea,https://www.petmd.com/dog/nutrition/what-to-feed-a-dog-with-diarrhea
What To Do if a Snake Bites Your Dog,https://www.petmd.com/dog/what-do-if-snake-bites-your-dog
Salmonella in Dogs,https://www.petmd.com/dog/conditions/digestive/salmonella-dogs
Leukemia in Dogs,https://www.petmd.com/dog/conditions/cancer/leukemia-dogs
10 Best Joint Supplements For Dogs,https://www.petmd.com/dog/general-health/best-joint-supplements-dog
Fibrosarcomas in Dogs,https://www.petmd.com/dog/conditions/cancer/fibrosarcomas-dogs
Dog Arthritis and Cold Weather: Helping Your Dog's Arthritis Pain in Winter,https://www.petmd.com/dog/general-health/helping-dog-arthritis-in-cold-weather
What Are Dog Supplements and How Do They Work?,https://www.petmd.com/dog/nutrition/what-are-dog-supplements-how-do-they-work
Balanced Dog Training vs. Positive Reinforcement,https://www.petmd.com/dog/training/balanced-dog-training-vs-positive-reinforcement
6 Dog Sleeping Positions and What They Mean,https://www.petmd.com/dog/general-health/dog-sleeping-positions-and-what-they-mean
What To Feed a Dog With Kidney Disease,https://www.petmd.com/dog/nutrition/what-feed-dog-kidney-disease
Glaucoma in Dogs,https://www.petmd.com/dog/conditions/eyes/c_dg_glaucoma
Why Is My Dog Throwing Up Blood?,https://www.petmd.com/dog/symptoms/why-my-dog-throwing-blood
Glaucoma in Dogs,https://www.petmd.com/dog/conditions/eyes/c_dg_glaucoma
Nausea in Dogs,https://www.petmd.com/dog/symptoms/nausea-dogs
Neurological Disorders in Dogs,https://www.petmd.com/dog/conditions/neurological/neurological-disorders-dogs
Does Your Dog Have Healthy Gums?,https://www.petmd.com/dog/general-health/does-your-dog-have-healthy-gums
Side Effects of Pet Medications,https://www.petmd.com/dog/general-health/side-effects-pet-medications
How to Teach Your Dog to Swim,https://www.petmd.com/dog/training/evr_dg_how_to_teach_your_dog_how_to_swim
What to Know: Adopting a Senior Pet,https://www.petmd.com/dog/care/what-to-know-adopting-senior-pet
Pet Memorial and Funeral Ideas,https://www.petmd.com/care/pet-memorials-and-funerals
Do Dogs and Cats Grieve?,https://www.petmd.com/care/do-dogs-and-cats-grieve
Soft Tissue Sarcoma in Dogs,https://www.petmd.com/dog/conditions/cancer/soft-tissue-sarcoma-dogs
Mitral Valve Disease in Dogs,https://www.petmd.com/dog/conditions/cardiovascular/mitral-valve-disease-dogs
Fanconi Syndrome in Dogs,https://www.petmd.com/dog/conditions/urinary/fanconi-syndrome-dogs
Chronic Kidney Disease (CKD) in Dogs,https://www.petmd.com/dog/conditions/urinary/chronic-kidney-disease-ckd-dogs
Lung Cancer In Dogs,https://www.petmd.com/dog/conditions/cancer/lung-cancer-dogs
What to Feed Dogs After They’ve Vomited,https://www.petmd.com/dog/nutrition/what-feed-dogs-after-theyve-vomited
"Cancer in Dogs: Symptoms, Types, and Treatment",https://www.petmd.com/dog/conditions/cancer/cancer-dogs-symptoms-types-and-treatment
What to Feed a Dog With Bladder Stones,https://www.petmd.com/dog/nutrition/what-to-feed-dog-with-bladder-stones
Cataracts in Dogs,https://www.petmd.com/dog/conditions/eye/c_dg_cataract
Signs of a Dog Dying of Congestive Heart Failure (CHF),https://www.petmd.com/dog/care/signs-dog-dying-congestive-heart-failure-chf
Signs a Dog Is Dying,https://www.petmd.com/dog/general-health/signs-dog-dying
Dog Hospice and Palliative Care,https://www.petmd.com/dog/general-health/dog-hospice-and-palliative-care
Do Dogs Know When They Are Dying?,https://www.petmd.com/dog/general-health/do-dogs-know-when-they-are-dying
Making Dogs Throw Up,https://www.petmd.com/dog/poisoning/making-dogs-throw-up
How Do You Know When to Put a Dog Down?,https://www.petmd.com/dog/care/when-to-put-dog-down
Euthanizing Pets at Home: Cost and What to Expect,https://www.petmd.com/dog/care/euthanizing-pets-home-cost-what-expect
7 Common Ailments in Senior Dogs,https://www.petmd.com/dog/slideshows/care/common-ailments-for-senior-dogs
Why Are More Pets Euthanized During the Holidays?,https://www.petmd.com/dog/pet-lover/why-are-more-pets-euthanized-during-holidays-0
How to Deal with Your Senior Dog’s Hearing Loss,https://www.petmd.com/dog/general-health/how-deal-your-senior-dogs-hearing-loss
5 Senior Pet Questions Answered by a Vet,https://www.petmd.com/dog/general-health/5-senior-pet-questions-answered-vet
7 Health Issues to Look for When You Have an Older Dog,https://www.petmd.com/dog/general-health/7-health-issues-look-when-you-have-older-dog
How to Help Dogs With Arthritis,https://www.petmd.com/dog/general-health/how-help-dogs-arthritis
How Your Dog's Behavior Can Change with Age,https://www.petmd.com/dog/slideshows/training/how-dog-behavior-changes-with-age
10 Toys for Senior Dogs,https://www.petmd.com/dog/slideshows/care/senior-dog-toys
8 Tips for Feeding Your Senior Dog,https://www.petmd.com/dog/slideshows/8-tips-feeding-your-senior-dog
6 Ways to Help Your Old Dog Feel Young,https://www.petmd.com/dog/slideshows/6-ways-help-your-old-dog-feel-young
Training Senior Dogs to Play Games on Touch Screens,https://www.petmd.com/dog/training/training-senior-dogs-play-games-touch-screens
Essential Senior Dog Training Tools,https://www.petmd.com/dog/training/essential-senior-dog-training-tools
5 Stretches for Senior Dogs,https://www.petmd.com/dog/wellness/5-stretches-senior-dogs
A Vet Talks About the Best Ingredients for Joint Supplements for Dogs,https://www.petmd.com/dog/wellness/vet-talks-about-best-ingredients-joint-supplements-dogs
Exercise for Your Senior Dog,https://www.petmd.com/dog/wellness/evr_dg_exercise_for_your_senior_dog
Defining Senior Age in Dogs,https://www.petmd.com/dog/care/evr_dg_defining_senior_age_in_dogs
Do You Need a Dog Ramp?,https://www.petmd.com/dog/care/do-you-need-dog-ramp
How a Dog Ages and What You Can Expect at Each Life Stage,https://www.petmd.com/dog/care/how-dog-ages-and-what-you-can-expect-each-life-stage
