post_name,Url
How to Care For Your Senior Dog,https://www.petmd.com/dog/general-health/how-to-care-for-senior-dog
"Dog Car Safety: Do You Need a Dog Car Seat, Dog Seat Belt, Barrier or a Carrier?",https://www.petmd.com/dog/care/dog-car-safety-do-you-need-dog-car-seat-dog-seat-belt-barrier-or-carrier
Diving Dogs: Everything You Wanted to Know About Dock Diving,https://www.petmd.com/dog/training/everything-about-dock-diving-dogs
How To Socialize a Puppy and Why It’s So Important,https://www.petmd.com/dog/behavior/how-to-socialize-puppy
"5 Common Shoulder Injuries in Dogs: How To Identify, Treat, and Manage Them",https://www.petmd.com/dog/general-health/common-shoulder-injuries-dogs
10 Ways to Dog-Proof Your Christmas Tree,https://www.petmd.com/dog/ways-to-dog-proof-christmas-tree
Are Hydrangeas Poisonous to Dogs?,https://www.petmd.com/dog/poisons/are-hydrangeas-poisonous-to-dogs
4 Hairless Dog Breeds,https://www.petmd.com/dog/general-health/hairless-dog-breeds
 10 Summer Dog Walking Tips,https://www.petmd.com/dog/general-health/summer-dog-walking-tips
5 Safety Tips for Hunting With a Dog,https://www.petmd.com/dog/general-health/safety-tips-for-hunting-with-dog
How To Leash Train a Dog,https://www.petmd.com/dog/general-health/how-to-leash-train-dog
How Long Do Dogs Live?,https://www.petmd.com/dog/care/how-long-do-dogs-live
How Cold Is Too Cold for Your Dog?,https://www.petmd.com/dog/care/how-cold-too-cold-dog
Why Do Female Dogs Hump?,https://www.petmd.com/dog/behavior/why-do-female-dogs-hump
Dog Pooping in the House: Why It's Happening and What To Do,https://www.petmd.com/dog/behavior/dog-pooping-house-why-and-what-do
 How Often Should I Take My Dog to the Veterinarian?,https://www.petmd.com/dog/general-health/how-often-should-i-take-my-dog-veterinarian
Dog Agility 101,https://www.petmd.com/dog/training/dog-agility-101
Can Dogs Lose Their Voice?,https://www.petmd.com/dog/general-health/can-dogs-lose-their-voice
"Dog Pregnancy, Birth, and Postpartum Care: The Complete Guide",https://www.petmd.com/dog/conditions/reproductive/dog-pregnancy-birth-and-puppy-care-complete-guide
Everything To Know About Safely Traveling With a Puppy,https://www.petmd.com/dog/general-health/traveling-with-puppy
Why Do Dogs Lick You?,https://www.petmd.com/dog/behavior/why-do-dogs-lick-you
7 Pool Safety Tips for Dogs,https://www.petmd.com/dog/general-health/pool-safety-tips-for-dogs
Dangerous Winter Holiday Plants for Pets,https://www.petmd.com/general-health/dangerous-winter-holiday-plants-for-pets
6 Holiday Food Scraps That Are Dangerous for Dogs,https://www.petmd.com/dog/nutrition/holiday-food-scraps-that-are-dangerous-for-dogs
What Does Pet Insurance Cover?,https://www.petmd.com/general-health/what-does-pet-insurance-cover
How Much Does Pet Insurance Cost?,https://www.petmd.com/general-health/how-much-does-pet-insurance-cost
8 Things People Don’t Realize About Being a Veterinarian,https://www.petmd.com/dog/general-health/things-people-dont-realize-about-being-a-vet
How to Hike With Your Dog Safely,https://www.petmd.com/dog/general-health/how-to-hike-with-your-dog-safely
Why Do Dogs Eat Poop?,https://www.petmd.com/dog/behavior/why-do-dogs-eat-poop
Why Do Dogs Wag Their Tails?,https://www.petmd.com/dog/behavior/why-do-dogs-wag-their-tails
How to Puppy-Proof Your House,https://www.petmd.com/dog/general-health/how-to-puppy-proof-your-house
Protecting Pets During Domestic Violence Situations,https://www.petmd.com/general-health/protecting-pets-during-domestic-violence
How Often Should You Bathe Your Dog?,https://www.petmd.com/dog/general-health/how-often-should-you-bathe-your-dog
Puppy and Dog Vaccinations: A Schedule for Every Life Stage,https://www.petmd.com/dog/care/dog-vaccinations-for-every-lifestage
Does Neutering Affect a Dog’s Behavior?,https://www.petmd.com/dog/behavior/dogs-neutering-affect-behavior
How to Travel With Your Dog: The Ultimate Guide,https://www.petmd.com/dog/general-health/how-to-travel-with-dog-ultimate-guide
6 Tips for Keeping Your Dog Safe Around a Christmas Tree,https://www.petmd.com/dog/general-health/tips-for-keeping-dog-safe-around-christmas-tree
How To Introduce a Cat to a Dog,https://www.petmd.com/cat/general-health/how-to-introduce-cat-to-dog
How To Find the Right Vet Near You,https://www.petmd.com/general-health/how-to-find-vet-near-you
Black Fly Bite on Dogs,https://www.petmd.com/dog/general-health/black-fly-bite-dogs
4 Most Common Sleep Disorders in Dogs,https://www.petmd.com/dog/general-health/most-common-sleep-disorders-dogs
Prey Drive in Dogs,https://www.petmd.com/dog/behavior/prey-drive-dog
Why Do Dogs Put Their Paws On People?,https://www.petmd.com/dog/behavior/why-do-dogs-put-their-paws-on-people
22 Holiday Items That Can Harm Your Pets,https://www.petmd.com/general-health/holiday-items-that-can-harm-pets
Do Dogs Have a Sense of Time?,https://www.petmd.com/dog/behavior/do-dogs-have-sense-time
8 Surprising Things Your Dog Can Sense,https://www.petmd.com/dog/behavior/surprising-things-your-dog-can-sense
Introducing PetMD’s Symptom Checker ,https://www.petmd.com/general-health/-introducing-petmd-symptom-checker
6 Things to Know About Pet-Safe Ice Melts,https://www.petmd.com/dog/general-health/things-to-know-about-pet-safe-ice-melts
Wellness Plans for Dogs,https://www.petmd.com/dog/general-health/wellness-plans-dogs
Balanced Dog Training vs. Positive Reinforcement,https://www.petmd.com/dog/training/balanced-dog-training-vs-positive-reinforcement
How Many Hours Does a Dog Sleep in a Day?,https://www.petmd.com/dog/general-health/how-many-hours-does-dog-sleep-day
How To Find Your Dog's Body Condition Score,https://www.petmd.com/dog/nutrition/how-find-your-dogs-body-condition-score
How To Stop a Puppy From Peeing in the House,https://www.petmd.com/dog/behavior/how-keep-new-puppy-peeing-house
How To Stop a Puppy From Biting,https://www.petmd.com/dog/training/puppy-biting
5 Things to Know When Feeding Your Dog Hill’s Prescription Diet ,https://www.petmd.com/dog/nutrition/things-to-know-feeding-dog-hills-diet
5 Reasons Your Dog Won’t Stop Barking,https://www.petmd.com/dog/behavior/5-reasons-your-dog-wont-stop-barking
How to Crate Train a Puppy,https://www.petmd.com/dog/general-health/crate-training-puppies
Dog Calming Products to Help Ease Dog Anxiety,https://www.petmd.com/dog/behavior/dog-calming-products-help-ease-dog-anxiety
6 Must-Have Items for Your Dog’s Spay or Neuter Recovery,https://www.petmd.com/dog/care/create-your-home-kit-neuter-and-spay-recovery-dogs
How to Keep Dog Pee From Ruining Your Lawn,https://www.petmd.com/dog/care/how-keep-dog-pee-ruining-your-lawn
Dog Neuter Recovery: What to Expect,https://www.petmd.com/dog/general-health/dog-neuter-recovery-what-expect
Lumps on Dogs: 4 Ways Veterinarians Diagnose Lumps and Bumps on Dogs,https://www.petmd.com/dog/ways-veterinarians-diagnose-lumps-and-bumps-dogs
What Causes Urinary Incontinence in Dogs and How Do You Treat It?,https://www.petmd.com/dog/general-health/incontinence-senior-dogs-what-do-and-how-help
7 Common Bug Bites on Dogs,https://www.petmd.com/dog/general-health/7-common-bug-bites-dogs
Dog Spay Recovery: What to Expect,https://www.petmd.com/dog/general-health/dog-spay-recovery-what-expect
What Should My Dog's Poop Look Like?,https://www.petmd.com/dog/care/how-should-my-dogs-poop-look
Fecal Tests for Dogs,https://www.petmd.com/dog/general-care/fecal-tests-dogs
How to Clean a Dog's Ears,https://www.petmd.com/dog/general-health/how-clean-dogs-ears
How To Tell If a Dog Is in Pain and What You Can Do To Help,https://www.petmd.com/dog/care/evr_dg_managing_pain_in_dogs
What Should My Dog's Poop Look Like?,https://www.petmd.com/dog/care/how-should-my-dogs-poop-look
How to Keep Your Dog From Chewing and Scratching Everything,https://www.petmd.com/dog/behavior/how-to-stop-dogs-from-chewing-and-scratching-everything
Aggression in Dogs,https://www.petmd.com/dog/behavior/aggression-in-dogs
Why Do Dogs Pant? Is Your Dog Panting Too Much?,https://www.petmd.com/dog/behavior/evr_dg_why_do_dogs_pant
Resource Guarding in Dogs,https://www.petmd.com/dog/behavior/resource-guarding-dogs
Marking in Dogs,https://www.petmd.com/dog/behavior/urine-marking-dogs
Aggression in Dogs,https://www.petmd.com/dog/behavior/aggression-in-dogs
Does Your Dog Have Healthy Gums?,https://www.petmd.com/dog/general-health/does-your-dog-have-healthy-gums
Fear Aggression in Dogs,https://www.petmd.com/dog/behavior/fear-aggression-dogs
Signs of Anxiety in Dogs and Puppies,https://www.petmd.com/dog/behavior/signs-anxiety-dogs-and-puppies
How to Keep Your Dog From Chewing and Scratching Everything,https://www.petmd.com/dog/behavior/how-to-stop-dogs-from-chewing-and-scratching-everything
How to Help a Dog With Separation Anxiety,https://www.petmd.com/dog/training/how-help-dog-separation-anxiety
Does Your Dog Have Healthy Gums?,https://www.petmd.com/dog/general-health/does-your-dog-have-healthy-gums
Pet Wellness Exams: How to Prepare,https://www.petmd.com/general-health/pet-wellness-exams-how-prepare
8 Things to Know About the Tick Life Cycle,https://www.petmd.com/general-health/8-things-to-know-tick-life-cycle
7 Ways to Get Help With Vet Bills,https://www.petmd.com/general-health/7-ways-get-help-vet-bills
Does Pet Insurance Cover Pre-Existing Conditions?,https://www.petmd.com/general-health/does-pet-insurance-cover-pre-existing-conditions
Why Is My Dog So Clingy? ,https://www.petmd.com/dog/behavior/how-manage-clingy-dog-behavior-0
How to Use a Crate for Potty Training an Older Dog,https://www.petmd.com/dog/training/ins-and-outs-potty-training-older-dogs-0
Military Working Dogs: Understanding Canine Post-Traumatic Stress Disorder,https://www.petmd.com/dog/behavior/military-working-dogs-understanding-canine-post-traumatic-stress-disorder
How to Treat Yeast Infections in Dogs,https://www.petmd.com/dog/general-health/10-signs-your-dog-has-yeast-infection
Why You Should Adopt a Pet,https://www.petmd.com/dog/care/evr_multi_5_shelter_pet_adoption_myths
How to Teach Your Dog to Swim,https://www.petmd.com/dog/training/evr_dg_how_to_teach_your_dog_how_to_swim
"What’s the Difference Between Service Dogs, Emotional Support Dogs and Therapy Dogs?",https://www.petmd.com/dog/training/whats-difference-between-service-dogs-emotional-support-dogs-and-therapy-dogs
What to Know: Adopting a Dog with Lyme Disease,https://www.petmd.com/dog/what-know-adopting-dog-lyme-disease
What to Know: Adopting a Tripod Dog,https://www.petmd.com/dog/what-know-adopting-tripod-dog
"How to Keep Small Dogs Healthy, From Puppy to Senior Dog",https://www.petmd.com/dog/general-health/how-keep-small-dogs-healthy-puppy-senior-dog
"How to Keep Small Dogs Healthy, From Puppy to Senior Dog",https://www.petmd.com/dog/general-health/how-keep-small-dogs-healthy-puppy-senior-dog
What to Know: Adopting a Senior Pet,https://www.petmd.com/dog/care/what-to-know-adopting-senior-pet
5 Reasons to Foster a Pet During the Holidays,https://www.petmd.com/dog/care/5-reasons-foster-pet-during-holidays
21 Longest-Living Dog Breeds That'll Be Your Longtime Companion,https://www.petmd.com/dog/care/longest-living-dog-breeds
10 Tips for the First 30 Days After Adopting a Dog,https://www.petmd.com/dog/care/10-tips-first-30-days-after-adopting-dog
Insurance for Dogs,https://www.petmd.com/dog/general-health/insurance-for-dogs
How To Stop a Dog From Digging,https://www.petmd.com/dog/behavior/how-to-stop-dog-digging
How to Check Your Pet’s Stitches After Surgery,https://www.petmd.com/dog/general-health/how-to-check-pet-stitches-after-surgery
How to Start an Age-Appropriate Exercise Plan for Your Senior Dog,https://www.petmd.com/dog/care/how-start-age-appropriate-exercise-plan-your-senior-dog
Pet Adoption: Should You Rename Your Dog or Cat?,https://www.petmd.com/dog/care/pet-adoption-should-you-rename-your-dog-or-cat
The Ultimate Guide to Responsible Pet Adoption,https://www.petmd.com/dog/care/ultimate-guide-responsible-pet-adoption
Why Is My Puppy Crying and Whining and How Can I Help Them?,https://www.petmd.com/dog/behavior/puppy-crying-why-it-happens-and-how-help
Why Is My Puppy Crying and Whining and How Can I Help Them?,https://www.petmd.com/dog/behavior/puppy-crying-why-it-happens-and-how-help
Puppy Insurance 101,https://www.petmd.com/dog/general-health/puppy-insurance-101
Doodle Dogs 101,https://www.petmd.com/dog/care/doodle-dogs-101
How to Keep Large Dogs Healthy at Every Life Stage,https://www.petmd.com/dog/general-health/how-keep-large-dogs-healthy-every-life-stage
What Not to Say to Someone Who Lost a Pet (and What to Say Instead),https://www.petmd.com/what-not-say-someone-who-lost-pet-and-what-say-instead
Pet Memorial and Funeral Ideas,https://www.petmd.com/care/pet-memorials-and-funerals
Pet Memorial and Funeral Ideas,https://www.petmd.com/care/pet-memorials-and-funerals
Do Dogs and Cats Grieve?,https://www.petmd.com/care/do-dogs-and-cats-grieve
Deceased Pet Care: Burial and Cremation Options ,https://www.petmd.com/dog/care/deceased-pet-care-burial-cremation-options
How To Train a Dog With Positive Reinforcement,https://www.petmd.com/dog/behavior/how-to-train-a-dog-with-positive-reinforcement
Leash Reactivity in Dogs,https://www.petmd.com/dog/behavior/leash-reactivity-in-dogs
How Therapy Dogs Can Improve the Emotional Health of Hospital Patients,https://www.petmd.com/dog/care/how-therapy-dogs-can-improve-emotional-health-hospital-patients
How to Get an Emotional Support Animal Registered,https://www.petmd.com/dog/care/emotional-support-pets-explained
Leash Reactivity in Dogs,https://www.petmd.com/dog/behavior/leash-reactivity-in-dogs
Are Dogs’ Mouths Cleaner Than Humans’ Mouths?,https://www.petmd.com/dog/general-health/are-dogs-mouths-cleaner-humans-mouths
Why Do Dogs Lick Everything?,https://www.petmd.com/dog/behavior/why-do-dogs-lick-everything
Why Do Dogs Lift Their Leg to Pee?,https://www.petmd.com/dog/behavior/why-do-dogs-lift-their-leg-pee
Why Does My Dog Follow Me Everywhere?,https://www.petmd.com/dog/behavior/4-reasons-your-dog-follows-you-everywhere
Why Do Dogs Have Whiskers?,https://www.petmd.com/dog/general-health/why-do-dogs-have-whiskers
Is My Dog Happy?,https://www.petmd.com/dog/behavior/is-my-dog-happy
What Do Dogs See When They Watch TV?,https://www.petmd.com/dog/general-health/can-dogs-see-tv
Do Dogs Get Jealous?,https://www.petmd.com/dog/behavior/do-dogs-get-jealous
How Therapy Dogs Can Improve the Emotional Health of Hospital Patients,https://www.petmd.com/dog/care/how-therapy-dogs-can-improve-emotional-health-hospital-patients
Why Do Dogs Twitch in Their Sleep?,https://www.petmd.com/dog/general-health/why-do-dogs-twitch-their-sleep
Is My Dog Happy?,https://www.petmd.com/dog/behavior/is-my-dog-happy
Why Do Dogs Smell Your Crotch?,https://www.petmd.com/dog/behavior/why-do-dog-smell-peoples-crotches
Why Do Dogs Twitch in Their Sleep?,https://www.petmd.com/dog/general-health/why-do-dogs-twitch-their-sleep
5 Quick Tips for Dog Obedience Training,https://www.petmd.com/dog/training/evr_dg_tips_for_basic_obedience_training
8 Extreme Sports for Dogs,https://www.petmd.com/dog/training/8-extreme-sports-dogs
The Best Hiking Gear for Dogs,https://www.petmd.com/dog/general-health/best-hiking-gear-dogs
"Thunderstorm, Thunder and Lightning Safety for Dogs and Cats",https://www.petmd.com/general-health/thunderstorm-and-lightning-safety-pets
Can Benadryl Help With Dog Anxiety?,https://www.petmd.com/dog/behavior/can-benadryl-help-dog-anxiety
What to Know: Adopting a Heartworm-Positive Dog,https://www.petmd.com/dog/what-know-adopting-heartworm-positive-dog
Why Dogs Pee When Excited or Scared,https://www.petmd.com/dog/behavior/why-dogs-pee-when-excited-or-scared
Dog Anxiety Help: How to Calm Down an Anxious Dog,https://www.petmd.com/dog/behavior/evr_dg_how-to-calm-down-an-anxious-dog
What to Know: Adopting a Diabetic Dog,https://www.petmd.com/dog/what-know-adopting-diabetic-dog
Why Dogs Pee When Excited or Scared,https://www.petmd.com/dog/behavior/why-dogs-pee-when-excited-or-scared
What to Know: Adopting a Greyhound Dog,https://www.petmd.com/dog/pet-lover/what-know-if-you-are-considering-adopting-greyhound
Reverse Sneezing in Dogs,https://www.petmd.com/dog/general-health/reverse-sneezing-dogs
6 Dangerous Halloween Candies for Dogs,https://www.petmd.com/emergency/most-dangerous-halloween-candies-dogs
Flea and Tick Prevention and Treatment for Dogs,https://www.petmd.com/dog/general-health/flea-and-tick-prevention-and-treatment-dogs
The Importance of 'Scent Walks' for Dogs,https://www.petmd.com/dog/behavior/importance-scent-walks-dogs
Can Dogs Eat Ice?,https://www.petmd.com/dog/general-health/ice-bad-dogs
How to Build a Homeopathic and Herbal First Aid Kit for Pets,https://www.petmd.com/dog/general-health/how-build-homeopathic-and-herbal-first-aid-kit-pets
10 Pet Safety Tips for the Fourth of July,https://www.petmd.com/general-health/fourth-of-july-pet-safety-tips
Why Do Dogs Chase Their Tail?,https://www.petmd.com/dog/behavior/why-do-dogs-chase-their-tails
How Much Does Dog Teeth Cleaning Cost?,https://www.petmd.com/dog/care/how-much-does-dog-teeth-cleaning-cost
9 Cost-Effective Ways To Keep Your Dog Mentally Stimulated,https://www.petmd.com/dog/general-health/ways-to-keep-dog-mentally-stimulated
9 Cost-Effective Ways To Keep Your Dog Mentally Stimulated,https://www.petmd.com/dog/general-health/ways-to-keep-dog-mentally-stimulated
How Often Should You Walk Your Dog?,https://www.petmd.com/dog/general-health/how-often-should-you-walk-your-dog
Why Do Dogs Howl? 5 Reasons To Understand Why Your Dog Is Howling,https://www.petmd.com/dog/behavior/why-do-dogs-howl
6 Signs Your Dog Isn’t Getting Enough Exercise,https://www.petmd.com/dog/general-health/top-signs-your-dog-is-not-getting-enough-exercise
How to Read a Dog's Body Language,https://www.petmd.com/dog/behavior/how-to-read-dog-body-language
9 Pet Health Myths You Should Stop Believing,https://www.petmd.com/general-health/9-pet-health-myths-you-should-stop-believing
Why Do Dogs Shed?,https://www.petmd.com/dog/care/why-do-dogs-shed
The Responsible Pet Owner's Checklist for Taking Care of a Pet,https://www.petmd.com/dog/care/responsible-pet-owners-checklist-taking-care-pet
How to Make Your Dog’s Crate Feel Like Home,https://www.petmd.com/dog/care/how-make-your-dogs-crate-feel-home
What to Do When Your Puppy Whines in His Crate,https://www.petmd.com/dog/training/what-do-when-your-puppy-whines-his-crate
12 Hurricane Safety Tips for Pets,https://www.petmd.com/dog/care/evr_multi_hurricane_safety_tips
Why Do Dogs Roll on Dead Animals?,https://www.petmd.com/dog/behavior/why-do-dogs-roll-dead-animals
5 Halloween Pet Safety Tips,https://www.petmd.com/dog/seasonal/evr_multi_halloween_safety_tips
8 Safety Considerations for Halloween Pet Costumes,https://www.petmd.com/dog/safety-considerations-halloween-pet-costumes
Why Do Puppies Eat Poop?,https://www.petmd.com/dog/general-health/why-do-puppies-eat-poop
Signs of a Dog Dying of Congestive Heart Failure (CHF),https://www.petmd.com/dog/care/signs-dog-dying-congestive-heart-failure-chf
Why Do Dogs Kick After Pooping?,https://www.petmd.com/dog/behavior/dog-behavior-why-do-dogs-kick-their-feet-after-pooping
Signs a Dog Is Dying,https://www.petmd.com/dog/general-health/signs-dog-dying
Dog Hospice and Palliative Care,https://www.petmd.com/dog/general-health/dog-hospice-and-palliative-care
Do Dogs Know When They Are Dying?,https://www.petmd.com/dog/general-health/do-dogs-know-when-they-are-dying
Making Dogs Throw Up,https://www.petmd.com/dog/poisoning/making-dogs-throw-up
Everything You Need to Know About Dog Dewclaws,https://www.petmd.com/dog/care/5-things-you-need-know-about-dog-dewclaws
How Do Talking Dog Buttons Work?,https://www.petmd.com/dog/behavior/how-do-talking-dog-buttons-work
How to Build a Dog Kennel,https://www.petmd.com/dog/care/evr_dg_building_kennel
Is a Christmas Cactus Poisonous to Dogs?,https://www.petmd.com/dog/poisons/-is-a-christmas-cactus-poisonous-to-dogs
Why Do Dogs Growl & What To Do,https://www.petmd.com/dog/behavior/why-do-dogs-growl
How to Keep Your Pet Calm During Social Gatherings,https://www.petmd.com/dog/behavior/how-to-keep-pets-safe-during-holiday-gatherings
10 Things You Probably Shouldn't Do at the Vet's Office,https://www.petmd.com/dog/general-health/10-things-you-should-not-do-at-vet-office
Flowers and Plants That Are Safe for Dogs,https://www.petmd.com/dog/wellness/grow-fresh-air-plants-are-safe-cats-and-dogs
Top 14 Types of Doodle Dogs,https://www.petmd.com/dog/care/types-of-doodle-dogs
What’s the Best Kind of Dog Food for Weight Loss?,https://www.petmd.com/dog/nutrition/whats-best-kind-dog-food-weight-loss
Dog Gum Colors and What They Mean,https://www.petmd.com/dog/general-health/dog-gum-colors-and-what-they-mean
Cold Weather Safety Tips for Traveling With Your Pet,https://www.petmd.com/dog/seasonal/cold-weather-safety-tips-traveling-pet
Signs a Dog With Diabetes Is Dying,https://www.petmd.com/dog/care/signs-a-dog-with-diabetes-is-dying
How Can I Protect My Christmas Tree From My Dog?,https://www.petmd.com/dog/how-can-i-protect-my-christmas-tree-my-dog
7 Safety Tips for Your Puppy’s First Christmas,https://www.petmd.com/dog/seasonal/7-safety-tips-your-puppys-first-christmas
Tinsel Is the Holiday Safety Hazard Pet Parents Need to Know About,https://www.petmd.com/dog/emergency/common-emergencies/holiday-pet-safety-hazard-tinsel
What's the Cost for Euthanizing a Dog or Cat?,https://www.petmd.com/general-health/whats-cost-euthanizing-dog-or-cat
How To Protect Dog Paws in Winter,https://www.petmd.com/dog/care/how-to-protect-dog-paws-in-winter
How Do You Know When to Put a Dog Down?,https://www.petmd.com/dog/care/when-to-put-dog-down
Euthanizing Pets at Home: Cost and What to Expect,https://www.petmd.com/dog/care/euthanizing-pets-home-cost-what-expect
Frostbite in Dogs,https://www.petmd.com/dog/emergency/common-emergencies/e_dg_frostbite
7 Common Ailments in Senior Dogs,https://www.petmd.com/dog/slideshows/care/common-ailments-for-senior-dogs
8 Things Animal Shelters Want You to Know About Pit Bull Dogs,https://www.petmd.com/dog/pet-lover/8-things-animal-shelters-want-you-know-about-pit-bull-dogs
Breed-Specific Legislation Gives Pit Bulls a Bad Reputation,https://www.petmd.com/dog/pet-lover/breed-specific-legislation-gives-pit-bulls-bad-reputation-0
10 Things to Consider Before Bringing a New Pet Home,https://www.petmd.com/dog/care/evr_multi_10_things_consider_before_pet_adoption
"Why Your Dog Sometimes Forgets His Training, and What You Can Do About It",https://www.petmd.com/dog/training/why-your-dog-sometimes-forgets-his-training-and-what-you-can-do-about-it
How to Choose an Experienced Dog Breeder,https://www.petmd.com/dog/care/evr_dg_breeders
How to Choose an Experienced Dog Breeder,https://www.petmd.com/dog/care/evr_dg_breeders
Is Your Dog Keeping You Awake at Night?,https://www.petmd.com/dog/training/evr_dg_sleepless_nights
Are Anxiety Blankets Safe for Pets?,https://www.petmd.com/dog/general-health/are-anxiety-blankets-safe-pets
Does Saying Goodbye Help Prevent Dog Separation Anxiety?,https://www.petmd.com/dog/pet-lover/does-saying-goodbye-help-prevent-dog-separation-anxiety
Adopting a Pet with a History of Abuse: What You Should Know,https://www.petmd.com/dog/behavior/adopting-pet-history-abuse-what-you-should-know
12 Plants That Are Poisonous for Dogs and Cats,https://www.petmd.com/dog/infographic/12-plants-are-poisonous-dogs-and-cats
Pet Care Checklist for Responsible Pet Parents,https://www.petmd.com/dog/infographic/pet-care-checklist-responsible-pet-parents
Guide for Finding Dog Measurements for All Your Dog Supplies,https://www.petmd.com/dog/infographic/guide-finding-dog-measurements-all-your-dog-supplies
Pet Safety Hurricane Kit Checklist,https://www.petmd.com/dog/infographic/pet-safety-hurricane-kit-checklist
Dog Friendly U.S. National Parks,https://www.petmd.com/dog/infographic/dog-friendly-us-national-parks
How Often Do Pets Cause Trip-and-Fall Injuries?,https://www.petmd.com/dog/pet-lover/how-often-do-pets-cause-trip-and-fall-injuries
Is Dog Poop Bad for Your Yard?,https://www.petmd.com/dog/pet-lover/dog-poop-hazardous-your-yard
Is Dog Poop Bad for Your Yard?,https://www.petmd.com/dog/pet-lover/dog-poop-hazardous-your-yard
4 Ways Veterinary Science Has Advanced in the Past 10 Years,https://www.petmd.com/dog/pet-lover/4-ways-veterinary-science-has-advanced-past-10-years
Can Dogs Tell the Difference Between Dogs and Other Animals?,https://www.petmd.com/dog/pet-lover/can-dogs-tell-difference-between-dogs-and-other-animals
This Nonprofit Helps Pit Bull Dogs and the People Who Love Them,https://www.petmd.com/dog/pet-lover/nonprofit-helps-pit-bull-dogs-and-people-who-love-them
You’re Not a Bad Pet Parent If Your Dog Doesn’t Like Kids,https://www.petmd.com/dog/pet-lover/youre-not-bad-pet-parent-if-your-dog-doesnt-kids
Dog Beds for Pets Who Travel With Their People,https://www.petmd.com/dog/pet-lover/dog-beds-pets-who-travel-their-people
How Often Do Pets Cause Trip-and-Fall Injuries?,https://www.petmd.com/dog/pet-lover/how-often-do-pets-cause-trip-and-fall-injuries
Dog Beds for Pets Who Travel With Their People,https://www.petmd.com/dog/pet-lover/dog-beds-pets-who-travel-their-people
How Much of a Dog’s Personality Comes From Their Owner?,https://www.petmd.com/dog/pet-lover/how-much-dogs-personality-comes-their-owner
Green Cleaning Products That Are Safe for Pets,https://www.petmd.com/dog/pet-lover/green-cleaning-products-are-safe-pets
Do You Know Proper Etiquette for Service Dogs?,https://www.petmd.com/dog/pet-lover/do-you-know-proper-etiquette-service-dogs
Pet Disaster Preparedness: Tips for Finding Pet-Friendly Evacuation Shelters,https://www.petmd.com/dog/pet-lover/pet-disaster-preparedness-tips-finding-pet-friendly-evacuation-shelters
Pet Disaster Preparedness: Tips for Finding Pet-Friendly Evacuation Shelters,https://www.petmd.com/dog/pet-lover/pet-disaster-preparedness-tips-finding-pet-friendly-evacuation-shelters
Why Do Some Dogs Bark More Than Others?,https://www.petmd.com/dog/pet-lover/why-do-some-dogs-bark-more-others
What Type of Dog Carrier Do You Need?,https://www.petmd.com/dog/pet-lover/what-type-dog-carrier-do-you-need
5 Fun Activities to Do With Your Dog in the Backyard,https://www.petmd.com/dog/pet-lover/5-fun-activities-do-your-dog-backyard
You’re Not a Bad Pet Parent If Your Dog Doesn’t Like to Cuddle,https://www.petmd.com/dog/pet-lover/youre-not-bad-pet-parent-if-your-dog-doesnt-cuddle
Do You Know Proper Etiquette for Service Dogs?,https://www.petmd.com/dog/pet-lover/do-you-know-proper-etiquette-service-dogs
8 Dog Breeds for Cat People,https://www.petmd.com/dog/pet-lover/8-dog-breeds-cat-people
The Latest in Pet Tech,https://www.petmd.com/dog/pet-lover/latest-pet-tech-0
Can Dogs Smell Fear?,https://www.petmd.com/dog/pet-lover/can-dogs-smell-fear
How Often Do Pets Cause Trip-and-Fall Injuries?,https://www.petmd.com/dog/pet-lover/how-often-do-pets-cause-trip-and-fall-injuries
Can Dogs Empathize With Other Dogs' Emotions?,https://www.petmd.com/dog/pet-lover/can-dogs-empathize-other-dogs-emotions
Natural Ways to Improve Your Dog’s Immune System,https://www.petmd.com/dog/general-health/natural-ways-improve-your-dogs-immune-system
Paralyzed Dachshund Found in Trash Bag Finds Loving New Home,https://www.petmd.com/dog/general-health/paralyzed-dachshund-found-trash-bag-finds-loving-new-home
6 Exercises You Can Do With Your Dog,https://www.petmd.com/dog/general-health/6-exercises-you-can-do-your-dog
Dog Saliva: 9 Facts You Should Know,https://www.petmd.com/dog/general-health/dog-saliva-9-fast-facts-you-should-know
How Hydrotherapy and Swimming Can Benefit Dogs,https://www.petmd.com/dog/general-health/how-hydrotherapy-and-swimming-can-benefit-dogs
Is Vaping Dangerous for Pets?,https://www.petmd.com/dog/general-health/vaping-dangerous-pets
What Your Pet’s Urine Says About His Health,https://www.petmd.com/dog/general-health/what-your-pets-urine-says-about-their-health
Dog Saliva: 9 Facts You Should Know,https://www.petmd.com/dog/general-health/dog-saliva-9-fast-facts-you-should-know
How Hydrotherapy and Swimming Can Benefit Dogs,https://www.petmd.com/dog/general-health/how-hydrotherapy-and-swimming-can-benefit-dogs
What Your Pet’s Urine Says About His Health,https://www.petmd.com/dog/general-health/what-your-pets-urine-says-about-their-health
Poodle Trots with UK Top Dog Prize,https://www.petmd.com/dog/general-health/poodle-trots-uk-top-dog-prize
Paralyzed Dachshund Found in Trash Bag Finds Loving New Home,https://www.petmd.com/dog/general-health/paralyzed-dachshund-found-trash-bag-finds-loving-new-home
Growth in Dogs: What to Expect,https://www.petmd.com/dog/general-health/growth-dogs-what-expect
Chiggers on Dogs: What You Need to Know,https://www.petmd.com/dog/general-health/chiggers-dogs-what-you-need-know
Is Tap Water Safe for Dogs?,https://www.petmd.com/dog/general-health/tap-water-safe-dogs
7 Reasons To Thank Your Vet—and How to Do It,https://www.petmd.com/dog/general-health/7-reasons-thank-your-vet%E2%80%94and-how-do-it
Are Dogs Really Colorblind?,https://www.petmd.com/dog/general-health/are-dogs-really-colorblind
How to Weigh Your Dog at Home,https://www.petmd.com/dog/general-health/how-weigh-your-dog-home
Getting a Second Opinion: How to Do It Without Breaking the Bank (or Offending Your Vet),https://www.petmd.com/dog/general-health/getting-second-opinion-from-vet
Bladder Stones in Dogs: Can You Prevent Them?,https://www.petmd.com/dog/general-health/bladder-stones-dogs-can-you-prevent-them
Natural Ways to Improve Your Dog’s Immune System,https://www.petmd.com/dog/general-health/natural-ways-improve-your-dogs-immune-system
Importance of Purebred Research,https://www.petmd.com/dog/general-health/evr_dg_importance_of_purebred_research
Paw Pad Burns on Dogs: What to Do,https://www.petmd.com/dog/general-health/paw-pad-burns-dogs-what-do
Can Dogs and Puppies Get Hiccups?,https://www.petmd.com/dog/general-health/dog-hiccups-what-you-need-know
Can Dogs See in the Dark?,https://www.petmd.com/dog/general-health/can-dogs-see-dark
What Is a Fecal Transplant for Dogs and Cats?,https://www.petmd.com/dog/general-health/what-fecal-transplant-dogs-and-cats
5 Senior Pet Questions Answered by a Vet,https://www.petmd.com/dog/general-health/5-senior-pet-questions-answered-vet
How to Keep Giant Dog Breeds Healthy at Every Life Stage,https://www.petmd.com/dog/general-health/how-keep-giant-dog-breeds-healthy-every-life-stage
Do Dogs Have Taste Buds?,https://www.petmd.com/dog/general-health/do-dogs-have-taste-buds
Can Dogs See in the Dark?,https://www.petmd.com/dog/general-health/can-dogs-see-dark
Can Dogs and Puppies Get Hiccups?,https://www.petmd.com/dog/general-health/dog-hiccups-what-you-need-know
Should You Enroll Your Pet in a Clinical Trial?,https://www.petmd.com/dog/general-health/should-you-enroll-your-pet-clinical-trial
Can Dogs and Puppies Get Hiccups?,https://www.petmd.com/dog/general-health/dog-hiccups-what-you-need-know
"Caring for Three-Legged Dogs and Cats, aka “Tripawds”",https://www.petmd.com/dog/general-health/caring-three-legged-dogs-and-cats-aka-tripawds
Why Do Dogs Bark in Their Sleep?,https://www.petmd.com/dog/general-health/why-do-dogs-bark-their-sleep
Can Dogs See in the Dark?,https://www.petmd.com/dog/general-health/can-dogs-see-dark
Why Is My Dog’s Stomach Making Noises?,https://www.petmd.com/dog/general-health/dog-stomach-noises-what-do-they-mean
Which Over-the-Counter Human Medications Are Safe for Dogs?,https://www.petmd.com/dog/general-health/which-over-counter-human-medications-are-safe-dogs
Why Your Dog's Ears Smell and How to Clean Them,https://www.petmd.com/dog/general-health/why-do-my-dogs-ears-smell-bad
Balcony Safety and Pets: How to Avoid High-Rise Risks,https://www.petmd.com/dog/general-health/balcony-safety-and-pets-how-avoid-high-rise-risks
5 Senior Pet Questions Answered by a Vet,https://www.petmd.com/dog/general-health/5-senior-pet-questions-answered-vet
Can Dogs See in the Dark?,https://www.petmd.com/dog/general-health/can-dogs-see-dark
12 Dog Tongue Facts,https://www.petmd.com/dog/general-health/12-dog-tongue-facts
Should You Enroll Your Pet in a Clinical Trial?,https://www.petmd.com/dog/general-health/should-you-enroll-your-pet-clinical-trial
Can Dogs See in the Dark?,https://www.petmd.com/dog/general-health/can-dogs-see-dark
12 Dog Tongue Facts,https://www.petmd.com/dog/general-health/12-dog-tongue-facts
Can Dogs and Puppies Get Hiccups?,https://www.petmd.com/dog/general-health/dog-hiccups-what-you-need-know
Your Pet Health Questions Answered by Dr. Ben Carter,https://www.petmd.com/dog/general-health/your-pet-health-questions-answered-dr-ben-carter
"Caring for Three-Legged Dogs and Cats, aka “Tripawds”",https://www.petmd.com/dog/general-health/caring-three-legged-dogs-and-cats-aka-tripawds
Your Pet Health Questions Answered by Dr. Ben Carter,https://www.petmd.com/dog/general-health/your-pet-health-questions-answered-dr-ben-carter
5 Common Health Issues for Small Dogs,https://www.petmd.com/dog/slideshows/general-health/5-common-health-issues-small-dogs
5 Dangerous Bugs No Dog Owner Wants Brought Indoors,https://www.petmd.com/dog/slideshows/parasites/dangerous-bugs-no-dog-owner-wants-brought-indoors
Top Ten Health Benefits Walking Provides Your Pet,https://www.petmd.com/dog/slideshows/general_health/top-ten-health-benefits-walking-your-pet-provides
Top Three Cat-Like Dogs,https://www.petmd.com/dog/slideshows/care/top-three-cat-like-dog-breeds
How to Prepare for a Hurricane With Pets,https://www.petmd.com/dog/slideshows/emergency/pet-emergency-kit-items-natural-disasters
Top Ten Water Sports for Dogs,https://www.petmd.com/dog/slideshows/wellness/top-ten-canine-aquatic-sports
Top Ten Health Benefits Walking Provides Your Pet,https://www.petmd.com/dog/slideshows/general_health/top-ten-health-benefits-walking-your-pet-provides
How Your Dog's Behavior Can Change with Age,https://www.petmd.com/dog/slideshows/training/how-dog-behavior-changes-with-age
Five Common Methods of Pet ID,https://www.petmd.com/dog/slideshows/care/five-common-methods-of-pet-dog-ids
6 Ways to Get the Dog Ready for Your Baby,https://www.petmd.com/dog/slideshows/care/ways-to-get-dog-ready-for-your-baby
10 Toys for Senior Dogs,https://www.petmd.com/dog/slideshows/care/senior-dog-toys
Five Fun Facts About the St. Bernard,https://www.petmd.com/dog/slideshows/care/five-fun-facts-about-the-st-bernard
How to Prepare for a Hurricane With Pets,https://www.petmd.com/dog/slideshows/emergency/pet-emergency-kit-items-natural-disasters
Top Ten Water Sports for Dogs,https://www.petmd.com/dog/slideshows/wellness/top-ten-canine-aquatic-sports
6 Ways to Get the Dog Ready for Your Baby,https://www.petmd.com/dog/slideshows/care/ways-to-get-dog-ready-for-your-baby
Decoding Your Dog's Sleeping Habits,https://www.petmd.com/dog/slideshows/decoding-your-dogs-sleeping-habits
10 Toys for Senior Dogs,https://www.petmd.com/dog/slideshows/care/senior-dog-toys
5 Dangerous Bugs No Dog Owner Wants Brought Indoors,https://www.petmd.com/dog/slideshows/parasites/dangerous-bugs-no-dog-owner-wants-brought-indoors
6 Ways to Get the Dog Ready for Your Baby,https://www.petmd.com/dog/slideshows/care/ways-to-get-dog-ready-for-your-baby
Top Ten Health Benefits Walking Provides Your Pet,https://www.petmd.com/dog/slideshows/general_health/top-ten-health-benefits-walking-your-pet-provides
7 Tips to Keep Your Pet Cool this Summer,https://www.petmd.com/dog/slideshows/care/7-tips-keep-your-pet-cool-summer
Dog DNA Tests: The 6 Most Common Results for Mixed Breed Dogs,https://www.petmd.com/dog/slideshows/dog-dna-tests-6-most-common-results-mixed-breed-dogs
Top 10 Cleanest Dog Breeds,https://www.petmd.com/dog/slideshows/top-10-cleanest-dog-breeds
Top 10 Cleanest Dog Breeds,https://www.petmd.com/dog/slideshows/top-10-cleanest-dog-breeds
7 Types of Water That Can Make Your Dog Sick,https://www.petmd.com/dog/slideshows/7-types-water-can-make-your-dog-sick
5 Ways to Keep Your Dog Feeling Full,https://www.petmd.com/dog/slideshows/5-ways-keep-your-dog-feeling-full
6 Things You Should NEVER Do When Adopting a Dog,https://www.petmd.com/dog/slideshows/6-things-you-should-never-do-when-adopting-dog
20 Spring Dangers That Can Affect Your Pet,https://www.petmd.com/dog/slideshows/seasonal/20-spring-dangers-can-affect-your-pet
7 Ways to Comfort Your Dog While Flying,https://www.petmd.com/dog/slideshows/7-ways-comfort-your-dog-while-flying
12 Fascinating Facts You Didn’t Know About Newborn Puppies,https://www.petmd.com/dog/slideshows/12-fascinating-facts-you-didnt-know-about-newborn-puppies
5 Pet Safety Tips for Taking Your Dog to the Beach,https://www.petmd.com/dog/slideshows/5-pet-safety-tips-taking-your-dog-beach
"Mold Poisoning in Pets – Causes, Symptoms and Treatment",https://www.petmd.com/dog/slideshows/mold-poisoning-pets-causes-symptoms-and-treatment
7 Common Bath-Time Mistakes Pet Owners Make,https://www.petmd.com/dog/slideshows/7-common-bath-time-mistakes-pet-owners-make
6 Things You Should NEVER Do When Adopting a Dog,https://www.petmd.com/dog/slideshows/6-things-you-should-never-do-when-adopting-dog
7 Types of Water That Can Make Your Dog Sick,https://www.petmd.com/dog/slideshows/7-types-water-can-make-your-dog-sick
5 Cleaning Products That Could Harm Your Dog,https://www.petmd.com/dog/slideshows/5-cleaning-products-could-harm-your-dog
6 Things That Give Your Pet Gas,https://www.petmd.com/dog/slideshows/6-things-give-your-pet-gas
5 Ways to Strengthen Your Dog’s Bones,https://www.petmd.com/dog/slideshows/5-ways-strengthen-your-dogs-bones
6 Reasons Your Dog Smells Bad,https://www.petmd.com/dog/slideshows/6-reasons-your-dog-smells-bad
5 Trash Can Dangers for Your Pet,https://www.petmd.com/dog/slideshows/5-trash-can-dangers-your-pet
5 Anesthesia Risks for Pets You Should Know,https://www.petmd.com/dog/slideshows/general-health/5-anesthesia-risks-pets-you-should-know
6 Things Commonly Found in Your Dog’s Poop,https://www.petmd.com/dog/slideshows/6-things-commonly-found-your-dogs-poop
6 Ways to Help Your Old Dog Feel Young,https://www.petmd.com/dog/slideshows/6-ways-help-your-old-dog-feel-young
7 Ways to Clean Your Dog’s Paws ,https://www.petmd.com/dog/slideshows/7-ways-clean-your-dogs-paws
7 Ways to Comfort Your Dog While Flying,https://www.petmd.com/dog/slideshows/7-ways-comfort-your-dog-while-flying
6 Dog Grooming Secrets Your Groomer Wishes You Knew,https://www.petmd.com/dog/slideshows/grooming/6-dog-grooming-secrets-your-groomer-wishes-you-knew
5 Pet Safety Tips for Taking Your Dog to the Beach,https://www.petmd.com/dog/slideshows/5-pet-safety-tips-taking-your-dog-beach
5 Ways to Keep Your Dog Feeling Full,https://www.petmd.com/dog/slideshows/5-ways-keep-your-dog-feeling-full
8 Essential Tips for Picking Up Dog Poop,https://www.petmd.com/dog/slideshows/8-essential-tips-picking-dog-poop
6 Heartworm Prevention Mistakes You Might Be Making,https://www.petmd.com/dog/slideshows/parasites/6-heartworm-prevention-mistakes-you-might-be-making
Dog DNA Tests: The 6 Most Common Results for Mixed Breed Dogs,https://www.petmd.com/dog/slideshows/dog-dna-tests-6-most-common-results-mixed-breed-dogs
Top 10 Cleanest Dog Breeds,https://www.petmd.com/dog/slideshows/top-10-cleanest-dog-breeds
8 Dog Exercising Tips for Warm Weather,https://www.petmd.com/dog/slideshows/8-dog-exercising-tips-warm-weather
6 Poisonous Mushrooms That Are Toxic to Dogs,https://www.petmd.com/dog/slideshows/6-poisonous-mushrooms-are-toxic-dogs
4 Scary Things Living in Your Dog's Bed,https://www.petmd.com/dog/slideshows/scary-things-in-dog-bed
8 Signs of a Bad Boarding Kennel,https://www.petmd.com/dog/slideshows/8-signs-bad-boarding-kennel
5 Common Back Problems in Dogs,https://www.petmd.com/dog/slideshows/5-common-back-problems-dogs
6 Pet Safety Tips for After a Hurricane Hits,https://www.petmd.com/dog/slideshows/6-pet-safety-tips-after-hurricane-hits
6 Common Puppy Actions and What They Mean,https://www.petmd.com/dog/slideshows/6-common-puppy-actions-and-what-they-mean
5 Trash Can Dangers for Your Pet,https://www.petmd.com/dog/slideshows/5-trash-can-dangers-your-pet
Training Tips to Strengthen Your Bond With Your Dog,https://www.petmd.com/dog/training/training-tips-strengthen-your-bond-your-dog
How to Introduce Dogs the Right Way,https://www.petmd.com/dog/training/evr_introducing_a_new_dog_to_a_resident_dog
How to Nip Problem Barking in the Bud,https://www.petmd.com/dog/puppycenter/training/evr_dg_how_to_nip_problem_barking_in_the_bud
Training Senior Dogs to Play Games on Touch Screens,https://www.petmd.com/dog/training/training-senior-dogs-play-games-touch-screens
"Dog-Tested, Trainer-Approved Dog Toys",https://www.petmd.com/dog/training/dog-tested-trainer-approved-dog-toys
You’re Not a Bad Pet Parent if Your Dog Hates Fetch,https://www.petmd.com/dog/training/youre-not-bad-pet-parent-if-your-dog-hates-fetch
Search and Rescue Dogs,https://www.petmd.com/dog/training/evr_dg_rescue_dog_training
4 Critical Dog Training Cues That Could Save Your Dog’s Life,https://www.petmd.com/dog/training/evr_dg_critical_commands_to_save_dogs_life
4 Hand Signals for Dogs That You Can Teach Your Pup,https://www.petmd.com/dog/training/4-hand-signals-dogs-you-can-teach-your-pup
Dog Shaping: You Can Use This Dog Training Method in Almost Any Situation,https://www.petmd.com/dog/training/dog-shaping-you-can-use-dog-training-method-almost-any-situation
"You Get More Flies, and Dogs, with Honey",https://www.petmd.com/blogs/purelypuppy/lradosta/2013/march/training-dogs-the-nice-way-29977
How to Teach a Dog to Stay Anywhere,https://www.petmd.com/dog/training/how-teach-dog-stay-anywhere
How to Properly Put on a Dog Harness,https://www.petmd.com/dog/training/evr_dg_how-to-properly-put-on-dog-harness
How to Prep Your 'Top Dog' Before Bringing a Puppy Home,https://www.petmd.com/dog/training/evr_dg_newpup_oldpup
The Do’s and Don’ts of Dogs in the Workplace,https://www.petmd.com/dog/training/dos-and-donts-dogs-workplace
How NOT to Bore Your Pet,https://www.petmd.com/dog/training/evr_multi_bored_pets
When Barking is a Problem,https://www.petmd.com/dog/training/evr_dg_when_barking_is_a_problem
Tips for Keeping Your Dog Off the Furniture,https://www.petmd.com/dog/training/evr_dg_tips-for-keeping-dog-off-furniture
Reducing Pet Fear in the Veterinary Setting: One Veterinarian’s Experience,https://www.petmd.com/dog/training/evr_dg_reducing_pet_fear_in_the_veterinary_setting
Dog Walking Tips: What Not to Do When Walking Your Dog,https://www.petmd.com/dog/training/dog-walking-tips-what-not-do-when-walking-your-dog
Canine Positive Portable Kennel Training,https://www.petmd.com/dog/training/evr_dg_canine_positive_portable_kennel_training
"Why Your Dog Won’t Walk on the Leash, From Dog Training to Health Issues",https://www.petmd.com/dog/training/why-your-dog-wont-walk-leash-dog-training-health-issues
How to Teach a Dog to Lie Down,https://www.petmd.com/dog/training/how-teach-dog-lie-down
Service Dogs: How to Make Your Dog a Service Dog and More	,https://www.petmd.com/dog/training/evr_dg_service_dogs
How to Become a Dog Trainer,https://www.petmd.com/dog/training/evr_dg_professional_dog_training
How to Choose and Fit a No-Pull Dog Harness,https://www.petmd.com/dog/training/how-choose-and-fit-no-pull-dog-harness
How to Make a Dog Bark,https://www.petmd.com/dog/training/evr_dg_how-to-make-a-dog-bark
Dog Manners: Why It’s Important to Teach Your Dog to “Say Please”,https://www.petmd.com/dog/training/dog-manners-why-its-important-teach-your-dog-say-please
Proper Etiquette at the Dog Park,https://www.petmd.com/dog/training/evr_dg_proper_etiquette_at_the_dog_park
Why Are Dogs Scared of Vacuums?,https://www.petmd.com/dog/training/why-are-dogs-scared-vacuums
Essential Senior Dog Training Tools,https://www.petmd.com/dog/training/essential-senior-dog-training-tools
Out and About: Meeting and Greeting 'Strange' Dogs,https://www.petmd.com/dog/training/evr_dg_meeting_and_greeting_strange_dogs
Obedience Training for Dogs: 4 Easy Cues to Master,https://www.petmd.com/dog/training/obedience-training-dogs-4-easy-cues-master
5 Reasons Why Your Dog Runs Away When You Call,https://www.petmd.com/dog/training/5-reasons-why-your-dog-runs-away-when-you-call
How to Teach a Dog to Sit No Matter Where You Are,https://www.petmd.com/dog/training/how-teach-dog-sit-no-matter-where-you-are
You’re Not a Bad Pet Parent If Your Dog Jumps on People,https://www.petmd.com/dog/training/youre-not-bad-pet-parent-if-your-dog-jumps-people
Tips for Finding Your Pup's Million-Dollar Dog Training Treats,https://www.petmd.com/dog/training/tips-finding-your-pups-million-dollar-dog-training-treats
3 Dog Behaviors You Can Accidentally “Untrain”,https://www.petmd.com/dog/training/3-dog-behaviors-you-can-accidentally-untrain
These Dog Training Tips Can Help Your Pup Overcome Leash Reactivity,https://www.petmd.com/dog/training/these-dog-training-tips-can-help-your-pup-overcome-leash-reactivity
How to Teach a Dog to Come to You in Any Environment,https://www.petmd.com/dog/training/how-teach-dog-come-you-any-environment
How to Apply the Premack Principle to Dog Training,https://www.petmd.com/dog/training/how-apply-premack-principle-dog-training
How to Train a Deaf Dog,https://www.petmd.com/dog/training/how-train-deaf-dog
How to Become a Professional Pet Sitter/Dog Walker,https://www.petmd.com/dog/training/evr_dg_pet_sitter_dog_walker
You’re Not a Bad Pet Parent if Your Dog Hates the Dog Park or Dog Beach,https://www.petmd.com/dog/training/youre-not-bad-pet-parent-if-your-dog-hates-dog-park-or-dog-beach
What Are Vapor Wake Dogs?,https://www.petmd.com/dog/training/what-are-vapor-wake-dogs
5 Dog Training Rewards That Aren't Food,https://www.petmd.com/dog/training/5-dog-training-rewards-arent-food
Training the Next Generation of Search and Rescue Dogs,https://www.petmd.com/blogs/thedailyvet/patrick-mahaney/2014/september/training-next-generation-search-and-rescue-dogs-319
How to Teach Your Dog to Go to the Bathroom in the Snow or Rain,https://www.petmd.com/dog/training/how-teach-your-dog-go-bathroom-snow-or-rain
How to Teach Your Dog to Come When Called,https://www.petmd.com/dog/training/how-teach-your-dog-come-when-called
Dos and Don'ts of Recall Training,https://www.petmd.com/dog/training/evr_dg_dos_and_donts_of_recall_training
You’re Not a Bad Pet Parent if Your Dog is a Loner,https://www.petmd.com/dog/training/youre-not-bad-pet-parent-if-your-dog-loner
Why Invisible Fences Don’t Work,https://www.petmd.com/dog/training/why-invisible-fences-dont-work
How to Stop Your Dog From Jumping Up,https://www.petmd.com/dog/training/how-stop-your-dog-jumping
3 Simple Tips to Train Your Puppy,https://www.petmd.com/dog/puppycenter/training/evr_dg_DIY_puppy_obedience_training
How to Teach a Dog to Lie Down No Matter Where You Are,https://www.petmd.com/dog/training/how-teach-dog-lie-down-no-matter-where-you-are
Citizen Train: Certifying Your Dog as a Good Citizen,https://www.petmd.com/dog/training/evr_dg_canine_citizen
Keeping Dogs Fit in the Country,https://www.petmd.com/dog/wellness/evr_dg_keeping_pets_fit_in_the_country
Neem Oil for Pets: Is It Safe?,https://www.petmd.com/dog/wellness/neem-oil-pets-it-safe
The Post-Workout Cool Down for Your Dog,https://www.petmd.com/dog/wellness/evr_dg_post-workout_cooldown_for_your_dog
The Best Places to Pet Your Dog,https://www.petmd.com/dog/wellness/evr_dg_the-best-places-to-pet-your-dog
6 Ways to Go Natural With Your Pet,https://www.petmd.com/dog/wellness/6-ways-go-natural-your-pet
Pets and Your Love Life: What the Experts Say,https://www.petmd.com/dog/wellness/pets-and-your-love-life-what-experts-say
Dancing with Your Dog,https://www.petmd.com/dog/wellness/evr_dg_dancing_with_your_dog
Veterinary Rehabilitation Services for Dogs and Cats,https://www.petmd.com/dog/wellness/evr_multi_therapeutic_services_for_dogs
Doga: Yoga for Dogs,https://www.petmd.com/dog/wellness/evr_dg_doga
3 Alternative Veterinary Care Treatments to Consider,https://www.petmd.com/dog/wellness/evr_multi_alternative_veterinary_treatments
Staying Safe While Walking with Your Dog at Night,https://www.petmd.com/dog/wellness/evr_dg_staying_safe_while_walking_your_dog_at_night
Army Veterinarians: On a Mission to Keep Military Dogs Healthy,https://www.petmd.com/dog/wellness/army-veterinarians-mission-keep-military-dogs-healthy
How to Give Your Pet a Massage,https://www.petmd.com/dog/wellness/how-give-your-pet-massage
5 Signs Your Dog Is Getting Too Much Exercise,https://www.petmd.com/dog/wellness/5-signs-your-dog-getting-too-much-exercise
"You, Your Dog, and a Flying Disc",https://www.petmd.com/dog/wellness/evr_dg_your_dog_and_a_flying_disc
What is Dog Snow Nose and What Can You Do About it?,https://www.petmd.com/dog/wellness/what-dog-snow-nose-and-what-can-you-do-about-it
Mushing with Your Dog: The Basics,https://www.petmd.com/dog/wellness/evr_dg_mushing_with_your_dog-the_basics
Herb 'N' Living: Growing a Home Garden for Your Pet,https://www.petmd.com/dog/wellness/evr_multi_herb_n_living
BPA-Free and Nontoxic Dog Toys: What Do the Labels Mean?,https://www.petmd.com/dog/wellness/bpa-free-and-nontoxic-dog-toys-what-do-labels-mean
5 Health Benefits You Can Expect When You Help Your Dog Lose Weight,https://www.petmd.com/dog/wellness/5-health-benefits-you-can-expect-when-you-help-your-dog-lose-weight
Dog and Cat Vaccination FAQ,https://www.petmd.com/dog/wellness/dog-and-cat-vaccination-faq
Should Your Dog Join a Health Club?,https://www.petmd.com/dog/wellness/evr_dg_should_your_dog_joing_a_health_club
Prosthetics Get Quadruple Amputee Dog Back on His Feet,https://www.petmd.com/dog/wellness/prosthetics-get-quadruple-amputee-dog-back-his-feet
Skijoring: A Combination of Cross Country Skiing and Dog Sledding,https://www.petmd.com/dog/wellness/evr_dg_skijoring_a_combination_of_cross_country_skiing_and_dog_sledding
Tips for Safely Biking With Your Dog,https://www.petmd.com/dog/wellness/evr_dg_biking_with_your_dog_safely
Keeping Your Pet Fit in the City,https://www.petmd.com/dog/wellness/evr_dg_keeping_your_pet_fit_in_the_city
Lure Coursing: The Sport for Dogs that are Born to Chase,https://www.petmd.com/dog/wellness/evr_dg_lure_coursing-the_sport_for_dogs_that_are_born_to_chase
How to Use GPS Dog Tracking Collars to Help Your Pup Lose Weight,https://www.petmd.com/dog/wellness/how-use-gps-dog-tracking-collars-help-your-pup-lose-weight
8 Pet Care Tasks That Are Usually Overlooked,https://www.petmd.com/dog/wellness/8-pet-care-tasks-are-usually-overlooked
Exercising With Your Dog 101,https://www.petmd.com/dog/wellness/evr_dg_exercising_with_your_dog101
Does Reflexology Benefit Dogs?,https://www.petmd.com/dog/wellness/does-reflexology-benefit-dogs
Exercise for Your Senior Dog,https://www.petmd.com/dog/wellness/evr_dg_exercise_for_your_senior_dog
How Ordinary Folks Deal with Pet Allergies,https://www.petmd.com/dog/wellness/c_multi_pet_allergies_hi
Irish Dog Breeds for St. Patrick's Day,https://www.petmd.com/dog/seasonal/evr_dg_st_pattys_day
Are Christmas Pets a Good Idea?,https://www.petmd.com/dog/seasonal/evr_pets_for_christmas
Do Dogs Need Sweaters in Winter?,https://www.petmd.com/dog/seasonal/evr_dg_sweaters_for_dogs
"Keeping Fleas, Ticks, and Mosquitoes Away… Even in the Winter",https://www.petmd.com/dog/seasonal/evr_multi_flea_tick_mosquito_care_during_winter
Chlorine in Pools: Is it Safe for Pets?,https://www.petmd.com/dog/seasonal/chlorine-pools-it-safe-pets
Cold Weather Hazards: Rodenticides,https://www.petmd.com/dog/seasonal/evr_dg_rodenticides
To Give or Not to Give,https://www.petmd.com/dog/seasonal/evr_multi_pets_for_holiday
Grill Safety for Pets,https://www.petmd.com/dog/seasonal/grill-safety-pets
12 Holiday Gifts for Pets to Surprise Your Four-Legged Friends With,https://www.petmd.com/dog/seasonal/12-holiday-gifts-pets-surprise-your-four-legged-friends
Winter Walking Dangers for Cats and Dogs,https://www.petmd.com/dog/seasonal/evr_winter_walking_dangers
Winter Weight Gain - You and Your Pet,https://www.petmd.com/dog/seasonal/evr_dg_winter_weight_gain
6 Vet-Approved Gifts for Pets That Will Keep Them Healthy,https://www.petmd.com/dog/seasonal/evr_multi_holiday_gifts_for_pets
Can Dogs Get Sunburned?,https://www.petmd.com/dog/seasonal/can-dogs-wear-sunscreen
Presidential Pets,https://www.petmd.com/dog/seasonal/evr_multi_presidential_pets
Dogs and Gunpowder: Knowing the Dangers,https://www.petmd.com/dog/seasonal/dogs-and-gunpowder-knowing-dangers
How to Alleviate Arthritic Pain During the Winter,https://www.petmd.com/dog/seasonal/evr_dg_winter_care_arthritis
Losing Weight While Exercising with Your Dog,https://www.petmd.com/dog/care/evr_multi_exercising_with_your_pet
What is a Veterinary Technician?,https://www.petmd.com/dog/care/evr_multi_what_is_a_veterinary_technician
How Do Dogs Try To Communicate?,https://www.petmd.com/dog/care/evr_dg_how_do_dogs_try_to_communicate
Pesky Summertime Pests,https://www.petmd.com/dog/care/evr_multi_summer_diseases
Boarding Your Dog (and Cat),https://www.petmd.com/dog/care/evr_dg_boarding_your_dog
The Price of the Spay (or Neuter) Procedure,https://www.petmd.com/dog/care/evr_dg_price_of_spay_or_neuter
Tips for Traveling with a Small Animal,https://www.petmd.com/dog/care/evr_multi_small_animal_travel
"Veterinary Specialists: Who Are They, Really",https://www.petmd.com/dog/care/evr_dg_veterinary_specialists_who_are_they_really
Vaccinating Your Own Dog: What You Should Know,https://www.petmd.com/dog/care/evr_vaccinating_your_own_dog
Summer Safety Tips for Your Dog,https://www.petmd.com/dog/care/evr_dg_summer_safety
Introducing Babies to Pets,https://www.petmd.com/dog/care/evr_multi_introducing_babies_to_pets
If Pets Could Talk: A Heartwarming Letter from Dog to Friend,https://www.petmd.com/dog/care/evr_dg_if_pets_could_talk
7 Tips For Caring For Your Pet This Winter,https://www.petmd.com/dog/care/evr_multi_caring_for_pets_during_winter
"Thank You, Annie ... A Letter from an Old Furry Friend",https://www.petmd.com/dog/care/evr_dg_letter_from_annie
A Clean Bill of Health,https://www.petmd.com/dog/care/evr_dg_clean_bill_of_health
Animal Hospital Pharmacy: Understanding What's in Your Pet's Medicine,https://www.petmd.com/dog/care/evr_dg_animal_hospital_pharmacy_understanding_whats_in_your_pets_medicine
Motherly Love 2.0,https://www.petmd.com/dog/care/evr_multi_maternal_instinct
Problems Common to Purebred Dogs,https://www.petmd.com/dog/care/evr_dg_purebred_dogs_complications
Determining the Best Age at Which to Spay or Neuter a Dog,https://www.petmd.com/dog/care/evr_determining_best_age_to_spay_or_neuter
How to Become a Veterinarian,https://www.petmd.com/dog/care/evr_multi_how_to_become_a_veterinarian
Elective Surgery: Should You Or Shouldn’t You?,https://www.petmd.com/dog/care/evr_dg_elective_surgery_should_I_or_shouldnt_I
What To Do When You Find a Stray Dog,https://www.petmd.com/dog/care/what-do-when-you-find-stray-dog
Shoo-Fly: How to Keep Flies Off Dogs,https://www.petmd.com/dog/care/evr_dg_how-to-keep-flies-off-dogs
Dog Health: What Tests Your Vet Should Run and When,https://www.petmd.com/dog/care/veterinary-tests-for-dogs
How Air Fresheners Can Affect Your Pet's Health,https://www.petmd.com/dog/care/air-fresheners-and-pets
Estate Planning for Pets: Why You Should Do It,https://www.petmd.com/dog/care/estate-planning-pets-why-you-should-do-it
"Giving Your Dog Meds While Pregnant, Lactating: What's Safe and Unsafe",https://www.petmd.com/dog/care/how-to-give-dogs-medications-while-pregnant-lactating
The Invisible Guard: How Many Americans are Deciding to Go with Underground Dog Fencing,https://www.petmd.com/dog/care/evr_dg_invisible_guard_underground_dog_fencing
Top 10 Pet Travel Tips,https://www.petmd.com/dog/care/evr_multi_top10_pet_travel_tips
7 Ways to Unwittingly Break a Dog's Spirit,https://www.petmd.com/dog/care/7-ways-unwittingly-break-dogs-spirit
Spaying and Neutering Dogs 101: Everything You Need to Know,https://www.petmd.com/dog/care/spay-and-neutering-dogs-101-everything-you-need-know
7 Ways Cold Weather Can Affect Your Dog,https://www.petmd.com/dog/care/7-ways-cold-weather-can-affect-your-dog
Benefits of In-Home Pet Boarding,https://www.petmd.com/dog/care/evr_multi_in-home_pet_boarding_benefits
5 Tips for Preventing Ear Infections in Dogs,https://www.petmd.com/dog/care/5-tips-preventing-ear-infections-dogs
Natural Disaster Planning for Pets,https://www.petmd.com/dog/care/evr_multi_disaster_planning_for_pets
Insider Tips For Pet-Friendly Road Travel,https://www.petmd.com/dog/care/insider-tips-pet-friendly-road-travel
10 Questions Everyone Should Ask Their Veterinarian,https://www.petmd.com/dog/care/10-questions-everyone-should-ask-their-veterinarian
3 Must-Know Dog Commands for Visiting Family,https://www.petmd.com/dog/care/3-must-know-dog-commands-visiting-family
Camping with Your Dog? Read These Vet-Approved Tips,https://www.petmd.com/dog/care/camping-with-your-dog-vet-tips
Setting the Record Straight on Spay and Neuter Myths,https://www.petmd.com/dog/care/setting-record-straight-spay-and-neuter-myths
Dog Adoption Fees Explained,https://www.petmd.com/dog/care/evr_dg_dog_adoption_fees_explained
Deaf Dogs Rock,https://www.petmd.com/dog/care/evr_dg_deaf_dogs_rock
How to Care for Your Dog's Cracked and Dry Paws,https://www.petmd.com/dog/care/how-care-your-dogs-cracked-and-dry-paws
What people foods are harmful to my pet?,https://www.petmd.com/dog/care/what-people-foods-are-harmful-my-pet
Is It Safe to Sleep with Your Pet?,https://www.petmd.com/dog/care/is-it-safe-to-sleep-with-pets
Eye Protection for Dogs: Is It Necessary?,https://www.petmd.com/dog/care/eye-protection-dogs-it-necessary
Planning for the Health of Your (New) Pet,https://www.petmd.com/dog/care/planning-for-the-health-of-your-pet
Mobile Vet Clinics: What Are They?,https://www.petmd.com/dog/care/mobile-vet-clinics-what-are-they
How to Examine Your Dog at Home (and When to See a Vet),https://www.petmd.com/dog/care/how-examine-your-dog-home-and-when-see-vet
Can Dogs Teach Kids Responsibility?,https://www.petmd.com/dog/care/can-dogs-teach-kids-responsibility
"Oral Medication for Dogs: What's the Difference Between Tablets, Chews, Liquids and Suspensions",https://www.petmd.com/dog/care/oral-medication-for-dogs-whats-the-difference
How to Get Children to Participate in Pet Care,https://www.petmd.com/dog/care/how-to-get-children-to-participate-in-pet-care
Alternatives to the Cone of Shame,https://www.petmd.com/dog/care/alternatives-cone-shame
Pet Travel,https://www.petmd.com/dog/care/evr_multi_pet_travel
Minimizing Dust-Bunnies: 9 Ways to Prevent Your Home from Becoming a Furball Haven,https://www.petmd.com/dog/care/minimizing-dust-bunnies-9-ways-prevent-your-home-becoming-furball-haven
Top 5 Boarding Options for Your Pet,https://www.petmd.com/dog/care/evr_multi_top_pet_boarding_options
6 Ways for You and Your Pet to Give Back,https://www.petmd.com/dog/care/10-ways-you-and-your-pet-give-back
The Scoop on Poop: Facts on How to Dispose of Dog Poop,https://www.petmd.com/dog/care/scoop-poop-facts-and-fiction-about-disposing-it
True and False About Pet Friendly Travel,https://www.petmd.com/dog/care/true_and_false_about_pet_friendly_travel
Prepare Your Pet for Car Trips,https://www.petmd.com/dog/care/prepare-your-pet-car-trips
Defining Senior Age in Dogs,https://www.petmd.com/dog/care/evr_dg_defining_senior_age_in_dogs
How to Help Older Family Members Keep Their Pets,https://www.petmd.com/dog/care/how-help-older-family-members-keep-their-pets
When is the best time to give my pet their medication?,https://www.petmd.com/dog/care/when-best-time-give-my-pet-their-medication
Smelly Pets and Seven Ways to Deal with Them,https://www.petmd.com/dog/care/evr_dg_smelly_pets_and_seven_ways_to_deal_with_them
The Guide to Washing a Dog Bed,https://www.petmd.com/dog/care/evr_dg_guide-to-washing-dog-bed
DIY Tips for Grooming a Dog at Home,https://www.petmd.com/dog/care/evr_dg_diy-tips-for-grooming-dog-at-home
Puppy Checklist: Getting off to a Great Start,https://www.petmd.com/dog/care/evr_dg_new_puppy_supplies_puppy_checklist
Your Puppy: Months 6-9,https://www.petmd.com/dog/care/your-puppy-months-6-9
How to Get Rid of Dog Smell Without Removing the Dog,https://www.petmd.com/dog/care/evr_dg_how_to_remove_the_smell_of_dog_without_removing_the_dog
Dog Braces: Everything You Need to Know,https://www.petmd.com/dog/care/dog-braces-everything-you-need-know
The Truth About Pet-Friendly Hotels,https://www.petmd.com/dog/care/the_truth_about_pet_friendly_hotels
Coping With Your Pet's Death: An Important Guide,https://www.petmd.com/dog/care/coping-your-pets-death-important-guide
Traveling by Air With Your Dog,https://www.petmd.com/dog/care/traveling-air-your-dog
What You Need to Know About Contact Voltage to Keep Your Pets Safe,https://www.petmd.com/dog/care/evr_multi_keeping_pets_safe_from_contage_voltage
Tips for Vacuuming Pet Hair,https://www.petmd.com/dog/care/tips-vacuuming-pet-hair
4 Heat-Related Risks in Pets You Should Watch Out For,https://www.petmd.com/dog/care/4-heat-related-risks-pets-you-should-watch-out
What to Do if Your Pet Gets Sick or Injured on Vacation,https://www.petmd.com/dog/care/what-do-if-your-pet-gets-sick-or-injured-vacation
Can I crush medication in my dog's food?,https://www.petmd.com/dog/care/can-i-crush-medication-my-dogs-food
Pedialyte for Dogs: Is It Safe?,https://www.petmd.com/dog/care/pedialyte-dogs-it-safe
Walking Your Dog vs. Just Letting Your Dog Out in the Backyard,https://www.petmd.com/dog/care/walking-your-dog-vs-just-letting-your-dog-out-backyard
Pets and Newborns: Myths You Shouldn’t Believe,https://www.petmd.com/dog/care/pets-and-newborns-myths-you-shouldnt-believe
Does My Dog Need a Dog House?,https://www.petmd.com/dog/care/does-my-dog-need-dog-house-0
How to Check for Dog Ear Problems,https://www.petmd.com/dog/care/how-check-dog-ear-problems
Are You Ready to Care for Foster Animals?,https://www.petmd.com/dog/care/are-you-ready-care-foster-animals
10 Pet Safety Tips For When Your Dog is Home Alone,https://www.petmd.com/dog/care/10-pet-safety-tips-when-your-dog-home-alone
How to Properly Pick Up a Puppy or Kitten,https://www.petmd.com/dog/care/how-properly-pick-puppy-or-kitten
Does My Dog Need a Rabies Vaccine Every Year?,https://www.petmd.com/dog/care/does-my-dog-need-rabies-vaccine-every-year
"How Many Teeth Do Dogs Have, and Can They Lose Them?",https://www.petmd.com/dog/care/how-many-teeth-do-dogs-have-and-can-they-lose-them
Pet Safety Tips for Public Events,https://www.petmd.com/dog/care/pet-safety-tips-public-events
Surprising Dog Harness Dangers to Avoid,https://www.petmd.com/dog/care/surprising-dog-harness-dangers-avoid
What to Expect When You Adopt a Blind Dog,https://www.petmd.com/dog/care/what-expect-when-you-adopt-blind-dog
Top 5 Ways to Fight Fleas and Ticks,https://www.petmd.com/dog/care/top-5-ways-fight-fleas-and-ticks
7 Ways to Ease Dog Arthritis in Cooler Weather,https://www.petmd.com/dog/care/7-ways-ease-dog-arthritis-cooler-weather
4 Health Care Considerations for Flat-Faced Dogs,https://www.petmd.com/dog/care/4-health-care-considerations-flat-faced-dogs
What is Normal Earwax for Pets?,https://www.petmd.com/dog/care/what-normal-earwax-pets
5 Surprising Senior Dog Care Tips,https://www.petmd.com/dog/care/5-surprising-senior-dog-care-tips
Hydrotherapy for Dogs,https://www.petmd.com/dog/care/hydrotherapy-dogs
Can You Give a Dog Ibuprofen?,https://www.petmd.com/dog/care/can-you-give-dog-ibuprofen
Rainbow Bridge Poem for Grieving a Pet,https://www.petmd.com/dog/care/rainbow-bridge-poem-grieving-pet
How Do No-Pull Dog Harnesses Work?,https://www.petmd.com/dog/care/how-do-no-pull-dog-harnesses-work
10 Reasons Why Your Pet Might Need a Rectal Exam,https://www.petmd.com/dog/care/10-reasons-why-your-pet-might-need-rectal-exam
3 Reasons to Microchip Your Dog Today,https://www.petmd.com/dog/care/3-reasons-microchip-your-dog-today
Your Dog Etiquette Checklist for Having Dogs at Work,https://www.petmd.com/dog/care/your-dog-etiquette-checklist-having-dogs-work
How an MRI Can Help Your Dog,https://www.petmd.com/dog/care/how-mri-can-help-your-dog
Why Flat-Faced Breeds Need Dog Harnesses Instead of Collars,https://www.petmd.com/dog/care/why-flat-faced-breeds-need-dog-harnesses-instead-collars
Do You Need a Dog Ramp?,https://www.petmd.com/dog/care/do-you-need-dog-ramp
Foxtail Plants: How to Find Them on Dogs and Why They're So Dangerous,https://www.petmd.com/dog/care/how-protect-your-dog-foxtails
Laser Therapy for Dogs,https://www.petmd.com/dog/care/laser-therapy-dogs
Get the Best Dog Harness for Your Dog’s Body Type,https://www.petmd.com/dog/care/get-best-dog-harness-your-dogs-body-type
How to Get Rid of Dog Pee Smell,https://www.petmd.com/dog/care/evr_dg_tips-for-removing-dog-urine-smell-from-carpet
What Is the DHPP Vaccine (5-in-1 Vaccine) for Dogs?,https://www.petmd.com/dog/care/what-5-1-vaccine-dogs
Is Dog Litter a Thing?,https://www.petmd.com/dog/care/dog-litter-thing
How to Give a Dog a Pill Using Foods That Are Safe,https://www.petmd.com/dog/care/how-give-dog-pill-using-foods-are-safe
Must-Haves for Hiring a Pet Sitter,https://www.petmd.com/dog/care/must-haves-hiring-pet-sitter-0
Dog Breeds Prone to Ear Infections,https://www.petmd.com/dog/care/dog-breeds-prone-ear-infections
Laparoscopic Spay for Dogs and Cats,https://www.petmd.com/dog/care/laparoscopic-spay-dogs-and-cats
Is Nasal Spray Safe for Dogs?,https://www.petmd.com/dog/care/nasal-spray-safe-dogs
How Safe Are Secondhand Used Pet Supplies?,https://www.petmd.com/dog/care/how-safe-are-secondhand-used-pet-supplies
Can Small Dogs Be Picked Up By Hawks and Birds of Prey?,https://www.petmd.com/dog/care/can-small-dogs-be-picked-hawks-and-birds-prey
Dog Car Seats and Seat Belts: Can They Keep Your Pup Safe?,https://www.petmd.com/dog/care/dog-car-seats-and-seat-belts-can-they-keep-your-pup-safe
How to Protect Your Pet from Coyotes,https://www.petmd.com/dog/care/how-protect-your-pet-coyotes
Natural Ways to Calm a Nervous Dog,https://www.petmd.com/dog/care/natural-ways-calm-nervous-dog-0
Is Exercise Safe for Pets with Cancer?,https://www.petmd.com/dog/care/exercise-safe-pets-cancer
At What Age Do Dogs Stop Growing?,https://www.petmd.com/dog/care/what-age-do-dogs-stop-growing
5 Ways Collars Can Harm Your Dog,https://www.petmd.com/dog/care/5-ways-collars-can-harm-your-dog
8 Ways to Shake Up Your Dog Walking Routine,https://www.petmd.com/dog/care/8-ways-shake-your-dog-walking-routine
5 Stair Safety Tips for Dogs,https://www.petmd.com/dog/care/5-stair-safety-tips-dogs
8 Risks of Treating Your Pet at Home,https://www.petmd.com/dog/care/8-risks-treating-your-pet-home
Gun Safety and Pets,https://www.petmd.com/dog/care/gun-safety-and-pets
How to Calculate Your Dog’s Healthy Weight,https://www.petmd.com/dog/care/how-calculate-your-dogs-healthy-weight
How to Choose the Right Dog Car Seat Cover,https://www.petmd.com/dog/care/how-choose-right-dog-car-seat-cover-0
Summer Animal Safety Tips for Beating the Heat,https://www.petmd.com/dog/care/summer-animal-safety-tips-beating-heat
7 Mistakes That Could Cause Weight Gain in Dogs and Cats,https://www.petmd.com/dog/care/7-mistakes-could-cause-weight-gain-dogs-and-cats
The Caregiver Burden in Pet Parents With Chronically Sick Dogs and Cats,https://www.petmd.com/dog/caregiver-burden-pet-parents-chronically-sick-dogs-and-cats
Can You Give a Dog Tylenol?,https://www.petmd.com/dog/care/can-you-give-dog-tylenol
Pet Safety Tips for Pet-Proofing Your Home,https://www.petmd.com/dog/care/pet-safety-tips-pet-proofing-your-home
The Effect Back to School Has on Family Dogs,https://www.petmd.com/dog/care/effect-back-school-has-family-dogs
"Why Do Dogs Lick Your Face, and Is It a Problem?",https://www.petmd.com/news/view/why-do-dogs-lick-your-face-and-it-problem-37799
How Confidence-Building Exercises Can Help Timid Dogs,https://www.petmd.com/news/view/how-confidence-building-exercises-can-help-timid-dogs-38096
Why Are Some Dogs More Aggressive?,https://www.petmd.com/news/view/why-are-some-dogs-more-aggressive-36736
How to Relieve Dog Travel Anxiety,https://www.petmd.com/news/view/how-relieve-pet-travel-anxiety-37157
Why Do Dogs Bring You Their Toys to Greet You?,https://www.petmd.com/news/view/why-do-dogs-bring-you-their-toys-greet-you-38092
Why Does My Cat Stare at Me?,https://www.petmd.com/news/view/why-does-my-cat-stare-me-38021
Canine Influenza Vaccination: Does Your Dog Need It?,https://www.petmd.com/news/view/canine-influenza-vaccination-does-your-dog-need-it-35403
Can Dogs Have Dog Best Friends?,https://www.petmd.com/news/view/can-dogs-have-dog-best-friends-37116
Dog Socialization: What to Do When Your Dog Won’t Socialize With Other Dogs,https://www.petmd.com/news/view/dog-socialization-what-do-when-your-dog-wont-socialize-other-dogs-37723
Is It Normal to Talk to Pets?,https://www.petmd.com/news/view/it-normal-talk-pets-35897
Pet Death: Why Missing Your Dog Is Normal,https://www.petmd.com/news/view/pet-death-why-missing-your-dog-normal-37064
Nervous Dog? Your Behavior Might Be the Cause,https://www.petmd.com/news/view/nervous-dog-your-behavior-might-be-cause-35604
How Social Media Is Helping More Pets Get Adopted,https://www.petmd.com/news/view/how-social-media-helping-more-pets-get-adopted-36490
Why Losing a Dog Can Be Harder Than Losing a Relative,https://www.petmd.com/news/view/why-losing-dog-can-be-harder-losing-relative-35932
Safety Tips for Using Heartworm Preventive Medications on Dogs,https://www.petmd.com/dog/parasites/evr_dg_safety_tips_heartworm_treatment_in_dogs
Why Heartworm Prevention Is More Important Than You Think,https://www.petmd.com/dog/parasites/evr_dg_how_dog_heartworm_treatment_preventive_medications_work
Types of Heartworm Preventive Treatment Products,https://www.petmd.com/dog/parasites/evr_dg_types_of_heartworm_preventive_products
Ant Bites on Dogs: How to Identify and Treat,https://www.petmd.com/dog/parasites/how-identify-and-treat-ant-bites-dogs
8-Legged Pests That Affect Your Pet,https://www.petmd.com/dog/parasites/ticks-on-dogs-cats-and-other-8-legged-pests
Is Toilet Water Safe for Pets to Drink?,https://www.petmd.com/cat/general-health/toilet-water-safe-pets-drink
Caring for an Emaciated Dog,https://www.petmd.com/dog/nutrition/evr_dg_care_of_the_emaciated_dog
Weight Reducing Diets For Dogs (and Cats),https://www.petmd.com/dog/nutrition/evr_dg_weight_reducing_diets
7 Medical Causes Behind Weight Gain,https://www.petmd.com/dog/nutrition/evr_multi_medical_causes_behind_weight_gain
How Do You Know Your Pet is Obese?,https://www.petmd.com/dog/nutrition/evr_multi_pet_obesity
What’s the Best Dog Food for Weight Gain?,https://www.petmd.com/dog/nutrition/whats-best-dog-food-weight-gain
Why Do Dogs Hump?,https://www.petmd.com/dog/behavior/why-do-dogs-hump
Do Dogs Have a Sixth Sense That Helps Them Read Your Mood?,https://www.petmd.com/dog/behavior/do-dogs-have-sixth-sense-helps-them-read-your-mood
Why Do Dogs Yawn?,https://www.petmd.com/dog/behavior/why-do-dogs-yawn
How to Desensitize Your Pet to the Vet,https://www.petmd.com/dog/behavior/how-desensitize-your-pet-vet
Timid Behaviors in Dogs: Are They Normal?,https://www.petmd.com/dog/behavior/timid-behaviors-dogs-are-they-normal
How to Stop Your Dog From Pulling on the Leash,https://www.petmd.com/dog/behavior/how-stop-your-dog-pulling-leash
Dog Brain Facts: Understanding Canine Cognition,https://www.petmd.com/dog/behavior/dog-brain-facts-understanding-canine-cognition
5 Ways to Relieve Your Dog’s Boredom,https://www.petmd.com/dog/behavior/5-ways-relieve-your-dogs-boredom
Do Dogs and Cats Have Long-Term Memories?,https://www.petmd.com/dog/behavior/do-dogs-and-cats-have-long-term-memories
Why Do Dogs Bark?,https://www.petmd.com/dog/behavior/why-do-dogs-bark
How to Calm a High Energy Dog,https://www.petmd.com/dog/behavior/how-calm-high-energy-dog
8 Dog Nose Facts You Probably Didn’t Know,https://www.petmd.com/dog/behavior/5-dog-nose-facts-you-probably-didnt-know
The Power of Praise: Encouraging Good Behavior in Dogs,https://www.petmd.com/dog/behavior/power-praise-encouraging-good-behavior-dogs
Why Do Dogs Lick The Air?,https://www.petmd.com/dog/behavior/why-do-dogs-lick-air
Pet Myths: Are Dogs Really Man's Best Friend?,https://www.petmd.com/dog/behavior/pet-myths-are-dogs-really-mans-best-friend
Can Dogs Have Obsessive Compulsive Disorders?,https://www.petmd.com/dog/behavior/evr_dog_behavior_compulsive_disorder
Why Does My Dog Lick My Wounds?,https://www.petmd.com/dog/behavior/why-does-my-dog-lick-my-wounds
Can Dogs Have Bipolar Disorder?,https://www.petmd.com/dog/behavior/can-dogs-have-bipolar-disorder
How to Heal an Emotionally Traumatized Pet,https://www.petmd.com/dog/behavior/how-heal-emotionally-traumatized-pet
Why Do Dogs Shred Paper Products?,https://www.petmd.com/dog/behavior/why-do-dogs-shred-paper-products
What to Do About a Dog That Bullies Other Dogs,https://www.petmd.com/dog/behavior/what-do-about-dog-bullies-other-dogs
Do You Need to Hire a Dog Behaviorist?,https://www.petmd.com/dog/behavior/do-you-need-hire-dog-behaviorist
Why Do Dogs Sit on Your Feet?,https://www.petmd.com/dog/behavior/why-do-dogs-sit-your-feet
Why Do Dogs Roll in Poop?,https://www.petmd.com/dog/behavior/why-do-dogs-roll-poop
Can Dogs Feel Embarrassed?,https://www.petmd.com/dog/behavior/can-dogs-feel-embarrassed
9 Signs Your Pet Is Jealous (and How to Stop It),https://www.petmd.com/dog/behavior/9-signs-your-pet-jealous-and-how-stop-it
How to Prevent Your Dog from Begging,https://www.petmd.com/dog/behavior/how-prevent-your-dog-begging
12 Dog Peeing Positions and What They Mean,https://www.petmd.com/dog/behavior/12-dog-peeing-positions-and-what-they-mean
Is My Dog Mad at Me?,https://www.petmd.com/dog/behavior/my-dog-mad-me
How Pet Parents Can Cope with Behavioral Problems in Pets,https://www.petmd.com/dog/behavior/how-pet-parents-can-cope-behavioral-problems-pets
"Dog Depression: Signs, Causes, and Treatment",https://www.petmd.com/dog/behavior/can-dogs-get-depressed
How to Stop a Dog From Barking,https://www.petmd.com/dog/behavior/evr_dg_how-to-stop-a-dog-from-barking
Why is My Dog Afraid to Go Outside?,https://www.petmd.com/dog/behavior/why-my-dog-afraid-go-outside
Why Do Dogs Eat Dirt?,https://www.petmd.com/dog/behavior/why-do-dogs-eat-dirt
Can Dogs Laugh?,https://www.petmd.com/dog/behavior/can-dogs-laugh
Why Do Dogs Roll in the Grass?,https://www.petmd.com/dog/behavior/why-do-dogs-roll-grass
How Do Dogs Find Their Way Home?,https://www.petmd.com/dog/behavior/how-do-dogs-find-their-way-home
Why Is My Dog Scared of Everything?,https://www.petmd.com/dog/behavior/why-my-dog-scared-everything
Aggression in Dogs Toward Familiar People,https://www.petmd.com/dog/conditions/behavioral/c_dg_aggression_toward_familiar
How to Handle Aggression Between Dogs (Inter-Dog Aggressive Behavior),https://www.petmd.com/dog/conditions/behavioral/c_dg_AggressionInterdog
Anxiety and Compulsive Disorders in Dogs,https://www.petmd.com/dog/conditions/behavioral/c_dg_compulsive_disorders
Maternal Behavior Problems in Female Dogs,https://www.petmd.com/dog/conditions/behavioral/c_dg_maternal_behavior_problems
"Jumping, Chewing, Playbiting, and Other Destructive Behavior Problems in Puppies, Young Dogs",https://www.petmd.com/dog/conditions/behavioral/c_dg_pediatric_behavior_problems
Can Dogs Have Panic Attacks?,https://www.petmd.com/dog/conditions/behavioral/can-dogs-have-panic-attacks
Why Do Dogs Like Squeaky Toys?,https://www.petmd.com/cat/behavior/why-do-dogs-squeaky-toys
