post_name,Url
Why Do Dogs Tilt Their Heads?,https://www.petmd.com/dog/behavior/why-do-dogs-tilt-their-heads
How To Treat Hot Spots on Dogs,https://www.petmd.com/dog/general-health/hot-spots-dogs
Ondansetron for Dogs and Cats,https://www.petmd.com/pet-medication/ondansetron-dogs-and-cats
Nosebleeds in Dogs,https://www.petmd.com/dog/symptoms/nosebleeds-in-dogs
Watery Eyes (Epiphora) in Dogs,https://www.petmd.com/dog/conditions/eyes/watery-eyes-epiphora-dogs
Rhinitis and Sinus Infections in Dogs,https://www.petmd.com/dog/symptom/rhinitis-sinus-infections-in-dogs
Why Is My Dog Vomiting?,https://www.petmd.com/dog/symptoms/why-is-my-dog-vomiting
Red Gums in Dogs,https://www.petmd.com/dog/symptoms/red-gums-dogs
"Lumps, Bumps, and Cysts on Dogs",https://www.petmd.com/dog/symptoms/lumps-bumps-and-cysts-dogs
"Dog Skin Conditions, From Belly Rashes to Scabs and Sores",https://www.petmd.com/dog/centers/nutrition/evr_dg_common-dog-skin-problems
Bad Breath in Dogs: Causes and Treatment,https://www.petmd.com/dog/symptoms/bad-breath-dogs-causes-treatment
Why Is My Dog Peeing in the House?,https://www.petmd.com/dog/general-health/why-my-dog-peeing-house
Why Is My Dog Coughing?,https://www.petmd.com/dog/symptoms/why-is-my-dog-coughing
Heavy Breathing in Dogs,https://www.petmd.com/dog/symptoms/heavy-breathing-dogs
"Lumps, Bumps, and Cysts on Dogs",https://www.petmd.com/dog/symptoms/lumps-bumps-and-cysts-dogs
Why Is My Dog Sneezing?,https://www.petmd.com/dog/symptoms/why-my-dog-sneezing
Dandruff in Dogs,https://www.petmd.com/dog/symptoms/dandruff-dogs
Bad Breath in Dogs: Causes and Treatment,https://www.petmd.com/dog/symptoms/bad-breath-dogs-causes-treatment
Seizures in Dogs,https://www.petmd.com/dog/symptoms/dog-seizures
Why Is My Dog Peeing in the House?,https://www.petmd.com/dog/general-health/why-my-dog-peeing-house
"Dog Skin Conditions, From Belly Rashes to Scabs and Sores",https://www.petmd.com/dog/centers/nutrition/evr_dg_common-dog-skin-problems
Why Is My Dog Sneezing?,https://www.petmd.com/dog/symptoms/why-my-dog-sneezing
Dandruff in Dogs,https://www.petmd.com/dog/symptoms/dandruff-dogs
Is My Dog Dehydrated?,https://www.petmd.com/dog/symptoms/is-my-dog-dehydrated
Why Is My Dog Drinking a Lot of Water?,https://www.petmd.com/dog/symptoms/why-is-my-dog-drinking-a-lot-of-water
Heavy Breathing in Dogs,https://www.petmd.com/dog/symptoms/heavy-breathing-dogs
Why Is My Dog Throwing Up Blood?,https://www.petmd.com/dog/symptoms/why-my-dog-throwing-blood
Dog Wheezing: Causes and Treatment Options,https://www.petmd.com/dog/symptom/dog-wheezing-causes-and-treatment
How To Tell If a Dog Is in Pain and What You Can Do To Help,https://www.petmd.com/dog/care/evr_dg_managing_pain_in_dogs
Collapsing Trachea in Dogs,https://www.petmd.com/dog/general-health/collapsing-trachea-dogs-everything-you-need-know
Collapsing Trachea in Dogs,https://www.petmd.com/dog/general-health/collapsing-trachea-dogs-everything-you-need-know
How to Tell if Your Dog Has a Fever and What to Do About It,https://www.petmd.com/dog/care/why-do-dogs-get-fevers
Why Is My Dog Always Hungry?,https://www.petmd.com/dog/symptoms/why-my-dog-always-hungry
Hair Loss in Dogs (Alopecia in Dogs),https://www.petmd.com/dog/conditions/skin/c_dg_alopecia
Why Is My Dog Itching So Much?,https://www.petmd.com/dog/symptoms/why-my-dog-itching-so-much
Why Is My Dog Limping?,https://www.petmd.com/dog/symptoms/why-is-my-dog-limping
Dog Constipation: Causes and Treatment,https://www.petmd.com/dog/symptoms/dog-constipation-causes-and-treatment
Why Is My Dog Not Drinking Water?,https://www.petmd.com/dog/general-health/why-my-dog-not-drinking-water
Why Is My Dog Gagging?,https://www.petmd.com/dog/general-health/why-my-dog-gagging
Why Is My Dog Itching So Much?,https://www.petmd.com/dog/symptoms/why-my-dog-itching-so-much
Hair Loss in Dogs (Alopecia in Dogs),https://www.petmd.com/dog/conditions/skin/c_dg_alopecia
What Causes Dog Diarrhea and How to Treat It,https://www.petmd.com/dog/symptoms/what-causes-dog-diarrhea
Edema in Dogs,https://www.petmd.com/dog/symptoms/edema
Why Do Dogs Pant? Is Your Dog Panting Too Much?,https://www.petmd.com/dog/behavior/evr_dg_why_do_dogs_pant
Marking in Dogs,https://www.petmd.com/dog/behavior/urine-marking-dogs
6 Reasons Why Your Dog Is Throwing up Yellow Bile,https://www.petmd.com/dog/general-health/reasons-why-your-dog-throwing-bile
What Is Flea Dirt?,https://www.petmd.com/general-health/what-is-flea-dirt
How to Keep Your Dog From Licking Their Wounds,https://www.petmd.com/dog/general-health/how-keep-your-dog-licking-their-wounds
3 Remedies for Upset Stomach in Dogs,https://www.petmd.com/dog/wellness/evr_dg_remedies-for-upset-stomach-in-dogs
How to Stop a Puppy From Chewing Everything in Sight ,https://www.petmd.com/dog/behavior/how-to-stop-puppy-from-chewing
Reverse Sneezing in Dogs,https://www.petmd.com/dog/general-health/reverse-sneezing-dogs
10 Facts About Fleas,https://www.petmd.com/10-facts-about-fleas
Red Eyes in Dogs,https://www.petmd.com/dog/symptoms/red-eyes-in-dogs
"Dry, Flaky Skin in Dogs",https://www.petmd.com/dog/symptoms/dry-flaky-skin-dogs
What to Feed Dogs After They’ve Vomited,https://www.petmd.com/dog/nutrition/what-feed-dogs-after-theyve-vomited
Vomiting and Diarrhea in Puppies,https://www.petmd.com/dog/symptoms/vomiting-and-diarrhea-puppies
Head Tilt in Dogs,https://www.petmd.com/dog/symptoms/head-tilt-dogs
Making Dogs Throw Up,https://www.petmd.com/dog/poisoning/making-dogs-throw-up
Puppy Diarrhea,https://www.petmd.com/dog/symptoms/puppy-diarrhea
Cloudy Eyes in Dogs,https://www.petmd.com/dog/symptoms/cloudy-eyes-dogs
Pale and White Gums in Dogs,https://www.petmd.com/dog/symptoms/pale-and-white-gums-dogs
Pet Medication: Antibiotic Use and Misuse,https://www.petmd.com/dog/general-health/evr_dg_pet_medication_antibiotic_use_and_misuse
What to Give a Constipated Dog,https://www.petmd.com/dog/general-health/what-give-constipated-dog
Melanoma Tumors in Dogs,https://www.petmd.com/dog/general-health/evr_dg_melanoma_tumor_in_a_dog
Dry Mouth in Pets: What to Do About It,https://www.petmd.com/dog/general-health/dry-mouth-pets-what-do-about-it
NSAIDs for Dogs: Everything You Need to Know,https://www.petmd.com/dog/general-health/nsaids-dogs-everything-you-need-know
How Often Do Puppies Poop?,https://www.petmd.com/dog/general-health/how-often-do-puppies-poop
Advancements in Dog Mammary Tumor Therapy,https://www.petmd.com/dog/general-health/advancements-dog-mammary-tumor-therapy-0
How Often Should Dogs Poop?,https://www.petmd.com/dog/general-health/how-often-should-dogs-poop
Treating Oral Cysts in Dogs,https://www.petmd.com/dog/general-health/treating-oral-cysts-dogs
Natural Pain Relief for Dogs,https://www.petmd.com/dog/general-health/natural-pain-relief-dogs
Dog Tumor Removal,https://www.petmd.com/dog/general-health/dog-tumor-removal
Decoding Your Dog's Sleeping Habits,https://www.petmd.com/dog/slideshows/decoding-your-dogs-sleeping-habits
5 Common Reasons Your Dog is Scratching Himself,https://www.petmd.com/dog/slideshows/care/reasons-for-dog-scratching-himself
6 Ways to Help an Extra Hungry Dog,https://www.petmd.com/dog/slideshows/6-ways-help-extra-hungry-dog
8 Dog Back Pain Remedies That Can Help Your Dog,https://www.petmd.com/dog/slideshows/8-ways-help-dogs-back-pain
8 Surprising Causes of Dog Coughing,https://www.petmd.com/dog/slideshows/8-surprising-causes-dog-coughing
5 Natural Remedies to Help Your Itchy Dog,https://www.petmd.com/dog/slideshows/5-natural-remedies-help-itchy-dog
Why Do Dogs Lick and Chew Their Paws?,https://www.petmd.com/dog/slideshows/10-common-paw-problems-dogs
6 Reasons Your Dog Smells Bad,https://www.petmd.com/dog/slideshows/6-reasons-your-dog-smells-bad
What to Do if Your Pet Gets Sick or Injured on Vacation,https://www.petmd.com/dog/care/what-do-if-your-pet-gets-sick-or-injured-vacation
Eye Protection for Dogs: Is It Necessary?,https://www.petmd.com/dog/care/eye-protection-dogs-it-necessary
What to Expect When You Adopt a Blind Dog,https://www.petmd.com/dog/care/what-expect-when-you-adopt-blind-dog
How to Get Rid of Dog Pee Smell,https://www.petmd.com/dog/care/evr_dg_tips-for-removing-dog-urine-smell-from-carpet
Pedialyte for Dogs: Is It Safe?,https://www.petmd.com/dog/care/pedialyte-dogs-it-safe
10 Reasons Why Your Pet Might Need a Rectal Exam,https://www.petmd.com/dog/care/10-reasons-why-your-pet-might-need-rectal-exam
Neck and Back Pain in Dogs,https://www.petmd.com/dog/conditions/musculoskeletal/c_multi_neck_back_pain
Acute Vomiting in Dogs,https://www.petmd.com/dog/conditions/digestive/c_multi_Vomiting_Acute
Diarrhea Due to Clostridium perfringens in Dogs,https://www.petmd.com/dog/conditions/digestive/c_dg_clostridial_enterotoxicosis
Rashes on Dogs,https://www.petmd.com/dog/symptoms/rashes-dogs
Dog Teeth Chattering: What You Need to Know,https://www.petmd.com/dog/symptoms/dogs-and-teeth-chattering-what-you-need-know
Why Does My Dog Have a Swollen Face?,https://www.petmd.com/dog/symptoms/why-does-my-dog-have-swollen-face
