post_name,Url
Can Dogs Eat Sweet Potatoes?,https://www.petmd.com/dog/nutrition/can-dogs-eat-sweet-potatoes
Can Dogs Eat Peaches?,https://www.petmd.com/dog/nutrition/can-dogs-eat-peaches
Can Dogs Eat Pineapple?,https://www.petmd.com/dog/nutrition/can-dogs-eat-pineapple
Can Dogs Eat Mango?,https://www.petmd.com/dog/nutrition/can-dogs-eat-mango
Can Dogs Eat Grapes?,https://www.petmd.com/dog/nutrition/can-dogs-eat-grapes
Can Dogs Eat Broccoli?,https://www.petmd.com/dog/nutrition/can-dogs-eat-broccoli
Can Dogs Eat Watermelon?,https://www.petmd.com/dog/nutrition/can-dogs-eat-watermelon
Can Dogs Eat Blueberries?,https://www.petmd.com/dog/nutrition/can-dogs-eat-blueberries
Can Dogs Eat Strawberries?,https://www.petmd.com/dog/nutrition/can-dogs-eat-strawberries
Why Do Dogs Eat Cat Poop?,https://www.petmd.com/dog/nutrition/why-do-dogs-eat-cat-poop
Dog Nutrition: Guide to Dog Food Nutrients,https://www.petmd.com/dog/nutrition/evr_dg_whats_in_a_balanced_dog_food
What Is Freeze-Dried Dog Food? Is It Better Than Dehydrated Dog Food?,https://www.petmd.com/dog/nutrition/what-freeze-dried-dog-food-it-better-dehydrated-dog-food
What Is Organic Dog Food?,https://www.petmd.com/dog/nutrition/what-is-organic-dog-food
What's in Natural Dog Food?,https://www.petmd.com/dog/nutrition/what-is-natural-dog-food
What Is a Limited Ingredient Dog Food?,https://www.petmd.com/dog/nutrition/limited-ingredient-dog-food-it-right-your-dog
Dry Dog Food vs. Wet Dog Food: Which Is Better?,https://www.petmd.com/dog/nutrition/dry-dog-food-vs-wet-dog-food-which-better
Does My Dog Need Senior Dog Food?,https://www.petmd.com/dog/nutrition/does-my-dog-need-senior-dog-food
What Is Human-Grade Dog Food?,https://www.petmd.com/dog/nutrition/what-is-human-grade-dog-food
What Is AAFCO and What Does It Do?,https://www.petmd.com/dog/nutrition/What-Is-AAFCO-and-What-Does-It-Do
Can Dogs Eat Raisins?,https://www.petmd.com/dog/emergency/digestive/e_dg_grape_raisin_toxicity
Pet Food Ingredient and Label Guide,https://www.petmd.com/dog/nutrition/pet-food-ingredient-and-label-guide
How Much Water Should a Dog Drink?,https://www.petmd.com/dog/nutrition/evr_dg_the_importance_of_water
What Is the Best Dog Food?,https://www.petmd.com/dog/nutrition/what-best-dog-food
Guide to Grain-Free Dog Food,https://www.petmd.com/dog/centers/nutrition/evr_dg_why-grain-free-dog-food-may-not-be-the-best-choice
Homemade Dog Food: Is It Healthy to Cook for Your Dog?,https://www.petmd.com/dog/nutrition/how-make-sure-your-homemade-dog-food-delivers-right-nutrients
Which Fruits Can Dogs Eat?,https://www.petmd.com/dog/nutrition/which-fruits-can-dogs-eat
"Dog Skin Conditions, From Belly Rashes to Scabs and Sores",https://www.petmd.com/dog/centers/nutrition/evr_dg_common-dog-skin-problems
Can Dogs Eat Eggs?,https://www.petmd.com/dog/nutrition/evr_multi_eggs_for_pets2
Can Dogs Eat Cat Food?,https://www.petmd.com/dog/nutrition/can-dogs-eat-cat-food
Are You Feeding Your Dog the Right Amount?,https://www.petmd.com/dog/nutrition/are-you-feeding-your-dog-right-amount
What’s the Best Food for Dogs With Sensitive Stomachs?,https://www.petmd.com/dog/nutrition/whats-best-food-dogs-sensitive-stomachs
How to Calculate Your Dog’s Healthy Weight,https://www.petmd.com/dog/care/how-calculate-your-dogs-healthy-weight
What Do I Do If My Dog Ate a Chicken Bone?,https://www.petmd.com/dog/nutrition/what-do-i-do-if-my-dog-ate-chicken-bone
What’s the Best Kind of Dog Food for Weight Loss?,https://www.petmd.com/dog/nutrition/whats-best-kind-dog-food-weight-loss
Healthy Foods Checklist: Venison for Dogs,https://www.petmd.com/dog/nutrition/healthy-foods-checklist-venison-dogs
Healthy Foods Checklist: Lamb for Dogs,https://www.petmd.com/dog/nutrition/healthy-foods-checklist-lamb-dogs
Healthy Foods Checklist: Flaxseed for Dogs,https://www.petmd.com/dog/nutrition/healthy-foods-checklist-flaxseed-dogs
Healthy Foods Checklist: Duck for Dogs,https://www.petmd.com/dog/nutrition/healthy-foods-checklist-duck-dogs
Healthy Foods Checklist: Yogurt for Dogs,https://www.petmd.com/dog/nutrition/healthy-foods-checklist-yogurt-dogs
Healthy Foods Checklist: Quail for Dogs,https://www.petmd.com/dog/nutrition/healthy-foods-checklist-quail-dogs
5 Common Dog Illnesses that are Impacted by Nutrition,https://www.petmd.com/dog/centers/nutrition/dog-diarrhea-and-other-diseases-impacted-by-nutrition
6 Signs it’s Time to Change Your Dog’s Food,https://www.petmd.com/dog/centers/nutrition/evr_dg_6-signs-its-time-to-change-your-dogs-food
The Best Food Options for Your Dog with Allergies,https://www.petmd.com/dog/centers/nutrition/evr_dg_best-dog-food-for-dogs-with-food-allergies
How Can You Tell If Your Pet Is Overweight?,https://www.petmd.com/dog/nutrition/evr_multi_is_my_pet_fat_overweight
Healthy Dog Food for Your Dog's Digestion,https://www.petmd.com/dog/nutrition/evr_dg_healthy_dog_food_digestion_prebiotic_probiotic
Minerals: Finding the Right Sources in the Best Dog Food,https://www.petmd.com/dog/nutrition/evr_dg_mineral-the_right_sources
The Benefits of Proper Nutrition,https://www.petmd.com/dog/nutrition/evr_dg_the_benefits_of_proper_nutrition
The Power of Protein,https://www.petmd.com/dog/nutrition/the_power_of_protein
Contrasting Grain-based and Meat-based Diets for Dogs,https://www.petmd.com/dog/nutrition/evr_dg_contrasting_grain_based_and_meat_based_diets
Caring for an Emaciated Dog,https://www.petmd.com/dog/nutrition/evr_dg_care_of_the_emaciated_dog
7 Medical Causes Behind Weight Gain,https://www.petmd.com/dog/nutrition/evr_multi_medical_causes_behind_weight_gain
Controlling Your Pet’s Eating Behavior,https://www.petmd.com/dog/nutrition/evr_multi_controlling_pets_eating_behavior
Choosing the Best Feeding Method for Your Dog,https://www.petmd.com/dog/nutrition/evr_multi_best_feeding_method
Pet Food (What You Need to Know) for Your Pet's Sake,https://www.petmd.com/dog/nutrition/evr_pet_food_for_your_pets_sake
