post_name,Url
How To Socialize a Puppy and Why It’s So Important,https://www.petmd.com/dog/behavior/how-to-socialize-puppy
How To Leash Train a Dog,https://www.petmd.com/dog/general-health/how-to-leash-train-dog
Why Do Female Dogs Hump?,https://www.petmd.com/dog/behavior/why-do-female-dogs-hump
Dog Pooping in the House: Why It's Happening and What To Do,https://www.petmd.com/dog/behavior/dog-pooping-house-why-and-what-do
Dog Agility 101,https://www.petmd.com/dog/training/dog-agility-101
Why Do Dogs Lick You?,https://www.petmd.com/dog/behavior/why-do-dogs-lick-you
Why Do Dogs Eat Poop?,https://www.petmd.com/dog/behavior/why-do-dogs-eat-poop
Why Do Dogs Wag Their Tails?,https://www.petmd.com/dog/behavior/why-do-dogs-wag-their-tails
Does Neutering Affect a Dog’s Behavior?,https://www.petmd.com/dog/behavior/dogs-neutering-affect-behavior
Prey Drive in Dogs,https://www.petmd.com/dog/behavior/prey-drive-dog
Why Do Dogs Put Their Paws On People?,https://www.petmd.com/dog/behavior/why-do-dogs-put-their-paws-on-people
Do Dogs Have a Sense of Time?,https://www.petmd.com/dog/behavior/do-dogs-have-sense-time
8 Surprising Things Your Dog Can Sense,https://www.petmd.com/dog/behavior/surprising-things-your-dog-can-sense
Balanced Dog Training vs. Positive Reinforcement,https://www.petmd.com/dog/training/balanced-dog-training-vs-positive-reinforcement
How To Stop a Puppy From Peeing in the House,https://www.petmd.com/dog/behavior/how-keep-new-puppy-peeing-house
How To Stop a Puppy From Biting,https://www.petmd.com/dog/training/puppy-biting
5 Reasons Your Dog Won’t Stop Barking,https://www.petmd.com/dog/behavior/5-reasons-your-dog-wont-stop-barking
How to Crate Train a Puppy,https://www.petmd.com/dog/general-health/crate-training-puppies
Dog Calming Products to Help Ease Dog Anxiety,https://www.petmd.com/dog/behavior/dog-calming-products-help-ease-dog-anxiety
Fear Aggression in Dogs,https://www.petmd.com/dog/behavior/fear-aggression-dogs
How to Help a Dog With Separation Anxiety,https://www.petmd.com/dog/training/how-help-dog-separation-anxiety
Resource Guarding in Dogs,https://www.petmd.com/dog/behavior/resource-guarding-dogs
Why Is My Dog Shaking?,https://www.petmd.com/dog/behavior/why-do-dogs-shake-their-fur
Why Do Dogs Pant? Is Your Dog Panting Too Much?,https://www.petmd.com/dog/behavior/evr_dg_why_do_dogs_pant
Fear Aggression in Dogs,https://www.petmd.com/dog/behavior/fear-aggression-dogs
Resource Guarding in Dogs,https://www.petmd.com/dog/behavior/resource-guarding-dogs
How to Help a Dog With Separation Anxiety,https://www.petmd.com/dog/training/how-help-dog-separation-anxiety
Marking in Dogs,https://www.petmd.com/dog/behavior/urine-marking-dogs
Aggression in Dogs,https://www.petmd.com/dog/behavior/aggression-in-dogs
Why Is My Dog So Clingy? ,https://www.petmd.com/dog/behavior/how-manage-clingy-dog-behavior-0
How to Use a Crate for Potty Training an Older Dog,https://www.petmd.com/dog/training/ins-and-outs-potty-training-older-dogs-0
Military Working Dogs: Understanding Canine Post-Traumatic Stress Disorder,https://www.petmd.com/dog/behavior/military-working-dogs-understanding-canine-post-traumatic-stress-disorder
How to Teach Your Dog to Swim,https://www.petmd.com/dog/training/evr_dg_how_to_teach_your_dog_how_to_swim
How To Stop a Dog From Digging,https://www.petmd.com/dog/behavior/how-to-stop-dog-digging
Why Is My Puppy Crying and Whining and How Can I Help Them?,https://www.petmd.com/dog/behavior/puppy-crying-why-it-happens-and-how-help
Why Do Dogs Lick Everything?,https://www.petmd.com/dog/behavior/why-do-dogs-lick-everything
Do Dogs Get Jealous?,https://www.petmd.com/dog/behavior/do-dogs-get-jealous
Is My Dog Happy?,https://www.petmd.com/dog/behavior/is-my-dog-happy
Why Do Dogs Eat Grass?,https://www.petmd.com/dog/behavior/why-do-dogs-eat-grass
Why Do Dogs Lift Their Leg to Pee?,https://www.petmd.com/dog/behavior/why-do-dogs-lift-their-leg-pee
Why Do Dogs Lick Everything?,https://www.petmd.com/dog/behavior/why-do-dogs-lick-everything
Leash Reactivity in Dogs,https://www.petmd.com/dog/behavior/leash-reactivity-in-dogs
Why Do Dogs Smell Your Crotch?,https://www.petmd.com/dog/behavior/why-do-dog-smell-peoples-crotches
Why Does My Dog Follow Me Everywhere?,https://www.petmd.com/dog/behavior/4-reasons-your-dog-follows-you-everywhere
Leash Reactivity in Dogs,https://www.petmd.com/dog/behavior/leash-reactivity-in-dogs
5 Quick Tips for Dog Obedience Training,https://www.petmd.com/dog/training/evr_dg_tips_for_basic_obedience_training
Why Dogs Pee When Excited or Scared,https://www.petmd.com/dog/behavior/why-dogs-pee-when-excited-or-scared
Can Benadryl Help With Dog Anxiety?,https://www.petmd.com/dog/behavior/can-benadryl-help-dog-anxiety
Dog Anxiety Help: How to Calm Down an Anxious Dog,https://www.petmd.com/dog/behavior/evr_dg_how-to-calm-down-an-anxious-dog
Amitriptyline Hydrochloride,https://www.petmd.com/pet-medication/amitriptyline-hydrochloride
Why Do Dogs Chase Their Tail?,https://www.petmd.com/dog/behavior/why-do-dogs-chase-their-tails
Why Do Dogs Howl? 5 Reasons To Understand Why Your Dog Is Howling,https://www.petmd.com/dog/behavior/why-do-dogs-howl
How to Read a Dog's Body Language,https://www.petmd.com/dog/behavior/how-to-read-dog-body-language
Why Do Dogs Roll on Dead Animals?,https://www.petmd.com/dog/behavior/why-do-dogs-roll-dead-animals
Why Do Puppies Eat Poop?,https://www.petmd.com/dog/general-health/why-do-puppies-eat-poop
Why Do Dogs Kick After Pooping?,https://www.petmd.com/dog/behavior/dog-behavior-why-do-dogs-kick-their-feet-after-pooping
How Do Talking Dog Buttons Work?,https://www.petmd.com/dog/behavior/how-do-talking-dog-buttons-work
Why Do Dogs Growl & What To Do,https://www.petmd.com/dog/behavior/why-do-dogs-growl
How to Keep Your Pet Calm During Social Gatherings,https://www.petmd.com/dog/behavior/how-to-keep-pets-safe-during-holiday-gatherings
"Why Your Dog Sometimes Forgets His Training, and What You Can Do About It",https://www.petmd.com/dog/training/why-your-dog-sometimes-forgets-his-training-and-what-you-can-do-about-it
Is Your Dog Keeping You Awake at Night?,https://www.petmd.com/dog/training/evr_dg_sleepless_nights
Does Saying Goodbye Help Prevent Dog Separation Anxiety?,https://www.petmd.com/dog/pet-lover/does-saying-goodbye-help-prevent-dog-separation-anxiety
Adopting a Pet with a History of Abuse: What You Should Know,https://www.petmd.com/dog/behavior/adopting-pet-history-abuse-what-you-should-know
You’re Not a Bad Pet Parent If Your Dog Doesn’t Like to Cuddle,https://www.petmd.com/dog/pet-lover/youre-not-bad-pet-parent-if-your-dog-doesnt-cuddle
You’re Not a Bad Pet Parent If Your Dog Doesn’t Like Kids,https://www.petmd.com/dog/pet-lover/youre-not-bad-pet-parent-if-your-dog-doesnt-kids
Can Dogs Smell Fear?,https://www.petmd.com/dog/pet-lover/can-dogs-smell-fear
You’re Not a Bad Pet Parent If Your Dog Doesn’t Like Kids,https://www.petmd.com/dog/pet-lover/youre-not-bad-pet-parent-if-your-dog-doesnt-kids
Why Do Some Dogs Bark More Than Others?,https://www.petmd.com/dog/pet-lover/why-do-some-dogs-bark-more-others
Why Do Dogs Bark in Their Sleep?,https://www.petmd.com/dog/general-health/why-do-dogs-bark-their-sleep
How Your Dog's Behavior Can Change with Age,https://www.petmd.com/dog/slideshows/training/how-dog-behavior-changes-with-age
6 Common Puppy Actions and What They Mean,https://www.petmd.com/dog/slideshows/6-common-puppy-actions-and-what-they-mean
7 Dangers of Not Socializing Your Dog,https://www.petmd.com/dog/slideshows/7-dangers-not-socializing-your-dog
How to Stop Your Dog From Jumping Up,https://www.petmd.com/dog/training/how-stop-your-dog-jumping
How to Teach Your Dog to Come When Called,https://www.petmd.com/dog/training/how-teach-your-dog-come-when-called
3 Simple Tips to Train Your Puppy,https://www.petmd.com/dog/puppycenter/training/evr_dg_DIY_puppy_obedience_training
Essential Senior Dog Training Tools,https://www.petmd.com/dog/training/essential-senior-dog-training-tools
You’re Not a Bad Pet Parent If Your Dog Jumps on People,https://www.petmd.com/dog/training/youre-not-bad-pet-parent-if-your-dog-jumps-people
How to Introduce Dogs the Right Way,https://www.petmd.com/dog/training/evr_introducing_a_new_dog_to_a_resident_dog
How to Introduce Dogs the Right Way,https://www.petmd.com/dog/training/evr_introducing_a_new_dog_to_a_resident_dog
Dog Shaping: You Can Use This Dog Training Method in Almost Any Situation,https://www.petmd.com/dog/training/dog-shaping-you-can-use-dog-training-method-almost-any-situation
How to Train a Deaf Dog,https://www.petmd.com/dog/training/how-train-deaf-dog
"You Get More Flies, and Dogs, with Honey",https://www.petmd.com/blogs/purelypuppy/lradosta/2013/march/training-dogs-the-nice-way-29977
4 Critical Dog Training Cues That Could Save Your Dog’s Life,https://www.petmd.com/dog/training/evr_dg_critical_commands_to_save_dogs_life
Dos and Don'ts of Recall Training,https://www.petmd.com/dog/training/evr_dg_dos_and_donts_of_recall_training
"You Get More Flies, and Dogs, with Honey",https://www.petmd.com/blogs/purelypuppy/lradosta/2013/march/training-dogs-the-nice-way-29977
Tips for Keeping Your Dog Off the Furniture,https://www.petmd.com/dog/training/evr_dg_tips-for-keeping-dog-off-furniture
How to Make a Dog Bark,https://www.petmd.com/dog/training/evr_dg_how-to-make-a-dog-bark
Training Tips to Strengthen Your Bond With Your Dog,https://www.petmd.com/dog/training/training-tips-strengthen-your-bond-your-dog
Essential Senior Dog Training Tools,https://www.petmd.com/dog/training/essential-senior-dog-training-tools
How to Teach Your Dog to Come When Called,https://www.petmd.com/dog/training/how-teach-your-dog-come-when-called
Essential Senior Dog Training Tools,https://www.petmd.com/dog/training/essential-senior-dog-training-tools
How to Teach Your Dog to Come When Called,https://www.petmd.com/dog/training/how-teach-your-dog-come-when-called
How to Stop Your Dog From Jumping Up,https://www.petmd.com/dog/training/how-stop-your-dog-jumping
How to Teach Your Dog to Go to the Bathroom in the Snow or Rain,https://www.petmd.com/dog/training/how-teach-your-dog-go-bathroom-snow-or-rain
The Do’s and Don’ts of Dogs in the Workplace,https://www.petmd.com/dog/training/dos-and-donts-dogs-workplace
These Dog Training Tips Can Help Your Pup Overcome Leash Reactivity,https://www.petmd.com/dog/training/these-dog-training-tips-can-help-your-pup-overcome-leash-reactivity
How to Apply the Premack Principle to Dog Training,https://www.petmd.com/dog/training/how-apply-premack-principle-dog-training
"Why Your Dog Won’t Walk on the Leash, From Dog Training to Health Issues",https://www.petmd.com/dog/training/why-your-dog-wont-walk-leash-dog-training-health-issues
How to Teach a Dog to Lie Down No Matter Where You Are,https://www.petmd.com/dog/training/how-teach-dog-lie-down-no-matter-where-you-are
How to Teach a Dog to Stay Anywhere,https://www.petmd.com/dog/training/how-teach-dog-stay-anywhere
5 Reasons Why Your Dog Runs Away When You Call,https://www.petmd.com/dog/training/5-reasons-why-your-dog-runs-away-when-you-call
How to Teach a Dog to Lie Down,https://www.petmd.com/dog/training/how-teach-dog-lie-down
Tips for Finding Your Pup's Million-Dollar Dog Training Treats,https://www.petmd.com/dog/training/tips-finding-your-pups-million-dollar-dog-training-treats
3 Dog Behaviors You Can Accidentally “Untrain”,https://www.petmd.com/dog/training/3-dog-behaviors-you-can-accidentally-untrain
4 Hand Signals for Dogs That You Can Teach Your Pup,https://www.petmd.com/dog/training/4-hand-signals-dogs-you-can-teach-your-pup
You’re Not a Bad Pet Parent If Your Dog Jumps on People,https://www.petmd.com/dog/training/youre-not-bad-pet-parent-if-your-dog-jumps-people
You’re Not a Bad Pet Parent if Your Dog Hates the Dog Park or Dog Beach,https://www.petmd.com/dog/training/youre-not-bad-pet-parent-if-your-dog-hates-dog-park-or-dog-beach
Dog Walking Tips: What Not to Do When Walking Your Dog,https://www.petmd.com/dog/training/dog-walking-tips-what-not-do-when-walking-your-dog
Dog Shaping: You Can Use This Dog Training Method in Almost Any Situation,https://www.petmd.com/dog/training/dog-shaping-you-can-use-dog-training-method-almost-any-situation
Training Senior Dogs to Play Games on Touch Screens,https://www.petmd.com/dog/training/training-senior-dogs-play-games-touch-screens
5 Dog Training Rewards That Aren't Food,https://www.petmd.com/dog/training/5-dog-training-rewards-arent-food
Dog Manners: Why It’s Important to Teach Your Dog to “Say Please”,https://www.petmd.com/dog/training/dog-manners-why-its-important-teach-your-dog-say-please
How to Train a Deaf Dog,https://www.petmd.com/dog/training/how-train-deaf-dog
Lure Coursing: The Sport for Dogs that are Born to Chase,https://www.petmd.com/dog/wellness/evr_dg_lure_coursing-the_sport_for_dogs_that_are_born_to_chase
Introducing Babies to Pets,https://www.petmd.com/dog/care/evr_multi_introducing_babies_to_pets
3 Must-Know Dog Commands for Visiting Family,https://www.petmd.com/dog/care/3-must-know-dog-commands-visiting-family
7 Ways to Unwittingly Break a Dog's Spirit,https://www.petmd.com/dog/care/7-ways-unwittingly-break-dogs-spirit
Pets and Newborns: Myths You Shouldn’t Believe,https://www.petmd.com/dog/care/pets-and-newborns-myths-you-shouldnt-believe
How Do No-Pull Dog Harnesses Work?,https://www.petmd.com/dog/care/how-do-no-pull-dog-harnesses-work
How Confidence-Building Exercises Can Help Timid Dogs,https://www.petmd.com/news/view/how-confidence-building-exercises-can-help-timid-dogs-38096
Dog Socialization: What to Do When Your Dog Won’t Socialize With Other Dogs,https://www.petmd.com/news/view/dog-socialization-what-do-when-your-dog-wont-socialize-other-dogs-37723
How to Relieve Dog Travel Anxiety,https://www.petmd.com/news/view/how-relieve-pet-travel-anxiety-37157
Can Dogs Have Dog Best Friends?,https://www.petmd.com/news/view/can-dogs-have-dog-best-friends-37116
Why Are Some Dogs More Aggressive?,https://www.petmd.com/news/view/why-are-some-dogs-more-aggressive-36736
Is It Normal to Talk to Pets?,https://www.petmd.com/news/view/it-normal-talk-pets-35897
Nervous Dog? Your Behavior Might Be the Cause,https://www.petmd.com/news/view/nervous-dog-your-behavior-might-be-cause-35604
Is It Normal to Talk to Pets?,https://www.petmd.com/news/view/it-normal-talk-pets-35897
Nervous Dog? Your Behavior Might Be the Cause,https://www.petmd.com/news/view/nervous-dog-your-behavior-might-be-cause-35604
Timid Behaviors in Dogs: Are They Normal?,https://www.petmd.com/dog/behavior/timid-behaviors-dogs-are-they-normal
How to Prevent Your Dog from Begging,https://www.petmd.com/dog/behavior/how-prevent-your-dog-begging
The Power of Praise: Encouraging Good Behavior in Dogs,https://www.petmd.com/dog/behavior/power-praise-encouraging-good-behavior-dogs
Can Dogs Laugh?,https://www.petmd.com/dog/behavior/can-dogs-laugh
Why Is My Dog Scared of Everything?,https://www.petmd.com/dog/behavior/why-my-dog-scared-everything
Why Do Dogs Shred Paper Products?,https://www.petmd.com/dog/behavior/why-do-dogs-shred-paper-products
Why Does My Dog Lick My Wounds?,https://www.petmd.com/dog/behavior/why-does-my-dog-lick-my-wounds
Why Do Dogs Hump?,https://www.petmd.com/dog/behavior/why-do-dogs-hump
How to Heal an Emotionally Traumatized Pet,https://www.petmd.com/dog/behavior/how-heal-emotionally-traumatized-pet
Is My Dog Mad at Me?,https://www.petmd.com/dog/behavior/my-dog-mad-me
Why Do Dogs Lick The Air?,https://www.petmd.com/dog/behavior/why-do-dogs-lick-air
How to Stop Your Dog From Pulling on the Leash,https://www.petmd.com/dog/behavior/how-stop-your-dog-pulling-leash
Do You Need to Hire a Dog Behaviorist?,https://www.petmd.com/dog/behavior/do-you-need-hire-dog-behaviorist
Can Dogs Have Obsessive Compulsive Disorders?,https://www.petmd.com/dog/behavior/evr_dog_behavior_compulsive_disorder
Why Do Dogs Bark?,https://www.petmd.com/dog/behavior/why-do-dogs-bark
Why is My Dog Afraid to Go Outside?,https://www.petmd.com/dog/behavior/why-my-dog-afraid-go-outside
Why Do Dogs Sit on Your Feet?,https://www.petmd.com/dog/behavior/why-do-dogs-sit-your-feet
Can Dogs Feel Embarrassed?,https://www.petmd.com/dog/behavior/can-dogs-feel-embarrassed
Timid Behaviors in Dogs: Are They Normal?,https://www.petmd.com/dog/behavior/timid-behaviors-dogs-are-they-normal
How to Prevent Your Dog from Begging,https://www.petmd.com/dog/behavior/how-prevent-your-dog-begging
The Power of Praise: Encouraging Good Behavior in Dogs,https://www.petmd.com/dog/behavior/power-praise-encouraging-good-behavior-dogs
Can Dogs Laugh?,https://www.petmd.com/dog/behavior/can-dogs-laugh
12 Dog Peeing Positions and What They Mean,https://www.petmd.com/dog/behavior/12-dog-peeing-positions-and-what-they-mean
9 Signs Your Pet Is Jealous (and How to Stop It),https://www.petmd.com/dog/behavior/9-signs-your-pet-jealous-and-how-stop-it
5 Ways to Relieve Your Dog’s Boredom,https://www.petmd.com/dog/behavior/5-ways-relieve-your-dogs-boredom
Can Dogs Have Bipolar Disorder?,https://www.petmd.com/dog/behavior/can-dogs-have-bipolar-disorder
Do Dogs and Cats Have Long-Term Memories?,https://www.petmd.com/dog/behavior/do-dogs-and-cats-have-long-term-memories
How to Desensitize Your Pet to the Vet,https://www.petmd.com/dog/behavior/how-desensitize-your-pet-vet
What to Do About a Dog That Bullies Other Dogs,https://www.petmd.com/dog/behavior/what-do-about-dog-bullies-other-dogs
How to Calm a High Energy Dog,https://www.petmd.com/dog/behavior/how-calm-high-energy-dog
"Dog Depression: Signs, Causes, and Treatment",https://www.petmd.com/dog/behavior/can-dogs-get-depressed
Dog Brain Facts: Understanding Canine Cognition,https://www.petmd.com/dog/behavior/dog-brain-facts-understanding-canine-cognition
Why Do Dogs Yawn?,https://www.petmd.com/dog/behavior/why-do-dogs-yawn
Why Do Dogs Eat Dirt?,https://www.petmd.com/dog/behavior/why-do-dogs-eat-dirt
How to Stop a Dog From Barking,https://www.petmd.com/dog/behavior/evr_dg_how-to-stop-a-dog-from-barking
How to Handle Aggression Between Dogs (Inter-Dog Aggressive Behavior),https://www.petmd.com/dog/conditions/behavioral/c_dg_AggressionInterdog
Aggression in Dogs Toward Familiar People,https://www.petmd.com/dog/conditions/behavioral/c_dg_aggression_toward_familiar
Anxiety and Compulsive Disorders in Dogs,https://www.petmd.com/dog/conditions/behavioral/c_dg_compulsive_disorders
Maternal Behavior Problems in Female Dogs,https://www.petmd.com/dog/conditions/behavioral/c_dg_maternal_behavior_problems
"Jumping, Chewing, Playbiting, and Other Destructive Behavior Problems in Puppies, Young Dogs",https://www.petmd.com/dog/conditions/behavioral/c_dg_pediatric_behavior_problems
Can Dogs Have Panic Attacks?,https://www.petmd.com/dog/conditions/behavioral/can-dogs-have-panic-attacks
Why Do Dogs Like Squeaky Toys?,https://www.petmd.com/cat/behavior/why-do-dogs-squeaky-toys
