post_name,Url
Grooming Tips for Your New Puppy,https://www.petmd.com/dog/general-health/grooming-tips-new-puppy
How Much To Feed a Puppy,https://www.petmd.com/dog/nutrition/how-much-to-feed-puppy
How To Socialize a Puppy and Why It’s So Important,https://www.petmd.com/dog/behavior/how-to-socialize-puppy
4 Ways to Reduce Anxiety in Your New Puppy,https://www.petmd.com/dog/general-health/ways-to-reduce-anxiety-in-new-puppy
 10 Summer Dog Walking Tips,https://www.petmd.com/dog/general-health/summer-dog-walking-tips
What To Feed a Dog With Diarrhea,https://www.petmd.com/dog/nutrition/what-to-feed-a-dog-with-diarrhea
How To Leash Train a Dog,https://www.petmd.com/dog/general-health/how-to-leash-train-dog
When To Start Flea and Tick Prevention for Puppies,https://www.petmd.com/dog/general-health/when-start-flea-and-tick-prevention-puppies
Everything You Need to Know About Puppy Teething,https://www.petmd.com/dog/general-health/puppy-teething
Imodium® For Dogs: Can You Give Dogs Imodium?,https://www.petmd.com/dog/general-health/imodium-dogs-it-good-idea
How To Choose the Right Crate Size for Your Dog or Puppy,https://www.petmd.com/dog/general-health/crate-sizing-for-dogs
Everything To Know About Safely Traveling With a Puppy,https://www.petmd.com/dog/general-health/traveling-with-puppy
Why Do Dogs Lick You?,https://www.petmd.com/dog/behavior/why-do-dogs-lick-you
What To Do if a Snake Bites Your Dog,https://www.petmd.com/dog/what-do-if-snake-bites-your-dog
Salmonella in Dogs,https://www.petmd.com/dog/conditions/digestive/salmonella-dogs
Pollen Allergies in Dogs,https://www.petmd.com/dog/conditions/systemic/pollen-allergies-dogs
How to Puppy-Proof Your House,https://www.petmd.com/dog/general-health/how-to-puppy-proof-your-house
DIC (Disseminated Intravascular Coagulation) In Dogs,https://www.petmd.com/dog/conditions/cardiovascular/dic-disseminated-intravascular-coagulation-dogs
How to Find a Lost Dog,https://www.petmd.com/dog/general-health/how-to-find-a-lost-dog
Puppy and Dog Vaccinations: A Schedule for Every Life Stage,https://www.petmd.com/dog/care/dog-vaccinations-for-every-lifestage
Perianal Fistula in Dogs,https://www.petmd.com/dog/conditions/digestive/perianal-fistula-dogs
New Puppy Checklist: Everything You Need to Get Started,https://www.petmd.com/dog/general-health/new-puppy-checklist
What Are Dog Supplements and How Do They Work?,https://www.petmd.com/dog/nutrition/what-are-dog-supplements-how-do-they-work
New Puppy Care: 12-18 Months,https://www.petmd.com/dog/care/new-puppy-care-12-18-months
New Puppy Care: 8-12 Weeks,https://www.petmd.com/dog/care/new-puppy-care-8-12-weeks
New Puppy Care: 6-12 Months,https://www.petmd.com/dog/care/new-puppy-care-6-12-months
Caring for Newborn Puppies,https://www.petmd.com/general-health/dog/caring-newborn-puppies
Balanced Dog Training vs. Positive Reinforcement,https://www.petmd.com/dog/training/balanced-dog-training-vs-positive-reinforcement
10 Ways to Calm Your Dog Naturally,https://www.petmd.com/dog/general-health/how-to-calm-your-dog-naturally
6 Dog Sleeping Positions and What They Mean,https://www.petmd.com/dog/general-health/dog-sleeping-positions-and-what-they-mean
How to Potty Train a Puppy or Adult Dog,https://www.petmd.com/dog/general-health/how-to-potty-train-your-dog
How To Stop a Puppy From Peeing in the House,https://www.petmd.com/dog/behavior/how-keep-new-puppy-peeing-house
5 Tips for Surviving Your First Night With a New Puppy,https://www.petmd.com/dog/general-health/surviving-first-night-with-puppy
How to Crate Train a Puppy,https://www.petmd.com/dog/general-health/crate-training-puppies
Care For Your Teething Puppy With These 4 Tips,https://www.petmd.com/dog/general-health/puppy-teething-care
8 Vet-Approved Home Remedies for Your Dog,https://www.petmd.com/dog/general-health/home-remedies-for-dogs
Cosequin vs. Dasuquin: What's The Difference? ,https://www.petmd.com/general-health/cosequin-vs-dasuquin
"How To Find, Treat, and Prevent Fleas on Puppies",https://www.petmd.com/dog/parasites/how-find-treat-and-prevent-fleas-puppies
Why Is My Dog Throwing Up Blood?,https://www.petmd.com/dog/symptoms/why-my-dog-throwing-blood
Urine Crystals in Dogs,https://www.petmd.com/dog/conditions/urinary/urine-crystals-dogs
Why Is My Dog Peeing a Lot?,https://www.petmd.com/dog/symptoms/why-my-dog-peeing-lot
Runny Nose in Dogs,https://www.petmd.com/dog/symptom/runny-nose-in-dogs
Runny Nose in Dogs,https://www.petmd.com/dog/symptom/runny-nose-in-dogs
Side Effects of Pet Medications,https://www.petmd.com/dog/general-health/side-effects-pet-medications
Barrier Frustration in Dogs,https://www.petmd.com/dog/behavior/barrier-frustration-dogs
How to Keep Your Dog From Chewing and Scratching Everything,https://www.petmd.com/dog/behavior/how-to-stop-dogs-from-chewing-and-scratching-everything
Does Your Dog Have Healthy Gums?,https://www.petmd.com/dog/general-health/does-your-dog-have-healthy-gums
Neurological Disorders in Dogs,https://www.petmd.com/dog/conditions/neurological/neurological-disorders-dogs
New Puppy Care: 0-7 Weeks,https://www.petmd.com/dog/care/new-puppy-care-0-7-weeks
Puppy Strangles in Dogs,https://www.petmd.com/dog/conditions/skin/c_dg_puppy_strangles
What to Know: Adopting a Dog with Lyme Disease,https://www.petmd.com/dog/what-know-adopting-dog-lyme-disease
Food Allergies in Dogs,https://www.petmd.com/dog/conditions/digestive/food-allergies-dogs
Looking for a Teacup Dog or Puppy? Read This First,https://www.petmd.com/dog/general-health/teacup-dogs-puppies
When Can a Puppy Go Outside Safely?,https://www.petmd.com/dog/general-health/when-can-puppy-go-outside
How to Get Your Puppy on a Healthy Sleeping Schedule,https://www.petmd.com/dog/general-health/puppy-sleep-schedule
How to Stop a Puppy From Chewing Everything in Sight ,https://www.petmd.com/dog/behavior/how-to-stop-puppy-from-chewing
7 Common Puppy Illnesses and How To Protect Your Pup,https://www.petmd.com/dog/general-health/7-common-puppy-illnesses-and-how-to-protect
How to Pick the Best Chew Toys for Puppies,https://www.petmd.com/dog/care/get-right-puppy-teething-toys-each-puppy-stage
When Should You Switch From Puppy to Adult Dog Food?,https://www.petmd.com/dog/nutrition/when-should-you-switch-puppy-adult-dog-food
How To Choose the Right Food for Your Puppy,https://www.petmd.com/dog/nutrition/best-puppy-food
Why Is My Puppy Crying and Whining and How Can I Help Them?,https://www.petmd.com/dog/behavior/puppy-crying-why-it-happens-and-how-help
How To Train a Dog With Positive Reinforcement,https://www.petmd.com/dog/behavior/how-to-train-a-dog-with-positive-reinforcement
23 French Bulldog Health Issues Pet Parents Should Know About,https://www.petmd.com/dog/general-health/french-bulldog-health-issues
Leash Reactivity in Dogs,https://www.petmd.com/dog/behavior/leash-reactivity-in-dogs
The Best Hiking Gear for Dogs,https://www.petmd.com/dog/general-health/best-hiking-gear-dogs
Ear Cropping in Dogs,https://www.petmd.com/dog/general-health/ear-cropping-dogs
Are Grain-Free Diets Bad for Dogs?,https://www.petmd.com/dog/nutrition/are-grain-free-diets-bad-for-dogs
Testicular Tumors in Dogs,https://www.petmd.com/dog/conditions/reproductive/testicular-tumors-dogs
Why Do Dogs Howl? 5 Reasons To Understand Why Your Dog Is Howling,https://www.petmd.com/dog/behavior/why-do-dogs-howl
6 Signs Your Dog Isn’t Getting Enough Exercise,https://www.petmd.com/dog/general-health/top-signs-your-dog-is-not-getting-enough-exercise
Skin Tags on Dogs,https://www.petmd.com/dog/conditions/skin/skin-tags-dogs
Sago Palm Poisoning in Dogs,https://www.petmd.com/dog/sago-palm-poisoning-dogs
Can Puppies Eat Adult Dog Food?,https://www.petmd.com/dog/nutrition/can-puppies-eat-adult-dog-food
What to Feed Dogs After They’ve Vomited,https://www.petmd.com/dog/nutrition/what-feed-dogs-after-theyve-vomited
MDR1 Gene in Dogs,https://www.petmd.com/dog/general-health/mdr1-gene-in-dogs
Vomiting and Diarrhea in Puppies,https://www.petmd.com/dog/symptoms/vomiting-and-diarrhea-puppies
What to Feed a Dog With Bladder Stones,https://www.petmd.com/dog/nutrition/what-to-feed-dog-with-bladder-stones
What to Do When Your Puppy Whines in His Crate,https://www.petmd.com/dog/training/what-do-when-your-puppy-whines-his-crate
6 Best Flea and Tick Prevention Products for Puppies,https://www.petmd.com/dog/6-best-flea-and-tick-prevention-products-puppies
Why Do Puppies Eat Poop?,https://www.petmd.com/dog/general-health/why-do-puppies-eat-poop
Making Dogs Throw Up,https://www.petmd.com/dog/poisoning/making-dogs-throw-up
Puppy Diarrhea,https://www.petmd.com/dog/symptoms/puppy-diarrhea
When Should You Start Heartworm Prevention for Puppies?,https://www.petmd.com/dog/conditions/infectious-parasitic/when-should-you-start-heartworm-prevention-puppies
Growth in Dogs: What to Expect,https://www.petmd.com/dog/general-health/growth-dogs-what-expect
Hernias in Puppies: What You Need to Know,https://www.petmd.com/dog/general-health/hernias-puppies-what-you-need-know
What Is Shaking Puppy Syndrome?,https://www.petmd.com/dog/general-health/what-shaking-puppy-syndrome
How Often Do Puppies Poop?,https://www.petmd.com/dog/general-health/how-often-do-puppies-poop
6 Common Puppy Actions and What They Mean,https://www.petmd.com/dog/slideshows/6-common-puppy-actions-and-what-they-mean
12 Fascinating Facts You Didn’t Know About Newborn Puppies,https://www.petmd.com/dog/slideshows/12-fascinating-facts-you-didnt-know-about-newborn-puppies
4 Hand Signals for Dogs That You Can Teach Your Pup,https://www.petmd.com/dog/training/4-hand-signals-dogs-you-can-teach-your-pup
How to Train a Deaf Dog,https://www.petmd.com/dog/training/how-train-deaf-dog
3 Simple Tips to Train Your Puppy,https://www.petmd.com/dog/puppycenter/training/evr_dg_DIY_puppy_obedience_training
Tips for Finding Your Pup's Million-Dollar Dog Training Treats,https://www.petmd.com/dog/training/tips-finding-your-pups-million-dollar-dog-training-treats
These Dog Training Tips Can Help Your Pup Overcome Leash Reactivity,https://www.petmd.com/dog/training/these-dog-training-tips-can-help-your-pup-overcome-leash-reactivity
Your Puppy: Months 6-9,https://www.petmd.com/dog/care/your-puppy-months-6-9
Puppy Checklist: Getting off to a Great Start,https://www.petmd.com/dog/care/evr_dg_new_puppy_supplies_puppy_checklist
How a Dog Ages and What You Can Expect at Each Life Stage,https://www.petmd.com/dog/care/how-dog-ages-and-what-you-can-expect-each-life-stage
How to Properly Pick Up a Puppy or Kitten,https://www.petmd.com/dog/care/how-properly-pick-puppy-or-kitten
How to Get Rid of Fleas on Puppies,https://www.petmd.com/dog/parasites/how-get-rid-fleas-puppies
How to Help a Puppy Who Isn’t Gaining Weight,https://www.petmd.com/dog/nutrition/how-help-puppy-who-isnt-gaining-weight
What Causes a Puppy to Stop Growing?,https://www.petmd.com/dog/conditions/musculoskeletal/what-causes-puppy-stop-growing
