post_name,Url
Alcohol Poisoning in Dogs,https://www.petmd.com/dog/poisoning/alcohol-poisoning-in-dog
Antifreeze Poisoning in Dogs,https://www.petmd.com/dog/emergency/poisoning-toxicity/antifreeze-poisoning-dogs
Are Succulents Poisonous to Cats and Dogs?,https://www.petmd.com/dog/emergency/poisoning-toxicity/are-succulents-poisonous-cats-and-dogs
Asian Lady Beetles: Could They Harm Your Dog?,https://www.petmd.com/dog/emergency/poisoning-toxicity/asian-lady-beetles-could-they-harm-your-dog
Benzodiazepine Medication Toxicity in Dogs,https://www.petmd.com/dog/poisoning/benzodiazepine-medication-toxicity-dogs
Bleach Poisoning in Pets: What You Should Know,https://www.petmd.com/dog/emergency/poisoning-toxicity/bleach-poisoning-pets-what-you-should-know
Caffeine and Pets: Safety Tips and Considerations,https://www.petmd.com/dog/emergency/poisoning-toxicity/caffeine-and-pets-safety-tips-and-considerations
Can Dogs Eat Raisins?,https://www.petmd.com/dog/emergency/digestive/e_dg_grape_raisin_toxicity
Can Dogs Get Food Poisoning?,https://www.petmd.com/dog/emergency/poisoning-toxicity/can-dogs-get-food-poisoning
Carbon Monoxide Poisoning in Dogs,https://www.petmd.com/dog/emergency/poisoning-toxicity/e_dg_carbon_monoxide_poisoning
Dangers of Topical Medication for Pets,https://www.petmd.com/dog/emergency/poisoning-toxicity/dangers-topical-medication-pets
How to Dog-Proof Your Trash Can,https://www.petmd.com/dog/emergency/poisoning-toxicity/how-dog-proof-your-trash-can
How to Protect Your Pet From Toxic Blue-Green Algae,https://www.petmd.com/dog/emergency/poisoning-toxicity/how-protect-your-pet-toxic-blue-green-algae
Poisonous Plants for Dogs,https://www.petmd.com/dog/emergency/poisoning-toxicity/e_dg_poisonous_plants
Poisons (General Overview),https://www.petmd.com/dog/emergency/poisoning-toxicity/e_dg_poisons_general_overview
Poisons (Inhaled),https://www.petmd.com/dog/emergency/poisoning-toxicity/e_dg_inhaled_poisons
Poisons (Swallowed),https://www.petmd.com/dog/emergency/poisoning-toxicity/e_dg_swallowed_poisons
Sago Palm Poisoning in Dogs,https://www.petmd.com/dog/sago-palm-poisoning-dogs
What Should I Do If My Dog Ate Weed?,https://www.petmd.com/dog/emergency/poisoning-toxicity/what-should-i-do-if-my-dog-ate-weed
