post_name,Url
How To Handle Fleas on Dogs,https://www.petmd.com/dog/general-health/how-to-handle-fleas-on-dogs
How To Choose the Best Dog Food,https://www.petmd.com/dog/nutrition/how-to-choose-the-best-dog-food
Enlarged Heart (Dilated Cardiomyopathy) in Dogs,https://www.petmd.com/dog/conditions/cardiovascular/enlarged-heart-dilated-cardiomyopathy-dogs
Unlocking the Benefits: Zesty Paws® Healthy Aging Supplement for Dogs,https://www.petmd.com/dog/general-health/unlocking-benefits-zesty-paws-healthy-aging-supplement
 10 Summer Dog Walking Tips,https://www.petmd.com/dog/general-health/summer-dog-walking-tips
What To Feed a Dog With Diarrhea,https://www.petmd.com/dog/nutrition/what-to-feed-a-dog-with-diarrhea
5 Safety Tips for Hunting With a Dog,https://www.petmd.com/dog/general-health/safety-tips-for-hunting-with-dog
How To Leash Train a Dog,https://www.petmd.com/dog/general-health/how-to-leash-train-dog
How To Remove a Tick From a Dog,https://www.petmd.com/dog/parasites/how-to-remove-a-tick-from-dog-cat
Natural Flea Repellents for Your Pets and Home,https://www.petmd.com/general-health/natural-flea-repellent-your-pets-and-home
Can You Use Dawn Dish Soap to Kill Fleas on Pets?,https://www.petmd.com/dog/parasites/can-you-use-dawn-dish-soap-kill-fleas-pets
Can I Reapply Flea Treatment Early?,https://www.petmd.com/dog/parasites/can-i-reapply-flea-treatment-early
Imodium® For Dogs: Can You Give Dogs Imodium?,https://www.petmd.com/dog/general-health/imodium-dogs-it-good-idea
"Dog Pregnancy, Birth, and Postpartum Care: The Complete Guide",https://www.petmd.com/dog/conditions/reproductive/dog-pregnancy-birth-and-puppy-care-complete-guide
How To Choose the Right Crate Size for Your Dog or Puppy,https://www.petmd.com/dog/general-health/crate-sizing-for-dogs
Why Do Dogs Lick You?,https://www.petmd.com/dog/behavior/why-do-dogs-lick-you
What To Do if a Snake Bites Your Dog,https://www.petmd.com/dog/what-do-if-snake-bites-your-dog
Salmonella in Dogs,https://www.petmd.com/dog/conditions/digestive/salmonella-dogs
"Dogs in Heat: When It Happens, How Long It Lasts, and What To Do ",https://www.petmd.com/dog/general-health/dog-in-heat
Leukemia in Dogs,https://www.petmd.com/dog/conditions/cancer/leukemia-dogs
Pollen Allergies in Dogs,https://www.petmd.com/dog/conditions/systemic/pollen-allergies-dogs
Why Do Dogs Eat Poop?,https://www.petmd.com/dog/behavior/why-do-dogs-eat-poop
Can You Give a Dog Melatonin? Here’s What To Know,https://www.petmd.com/dog/general-health/melatonin-for-dogs
Why Do Dogs Wag Their Tails?,https://www.petmd.com/dog/behavior/why-do-dogs-wag-their-tails
How To Treat Hot Spots on Dogs,https://www.petmd.com/dog/general-health/hot-spots-dogs
DIC (Disseminated Intravascular Coagulation) In Dogs,https://www.petmd.com/dog/conditions/cardiovascular/dic-disseminated-intravascular-coagulation-dogs
Pododermatitis in Dogs,https://www.petmd.com/dog/conditions/skin/pododermatitis-dogs
Are Essential Oils Safe for Dogs?,https://www.petmd.com/dog/general-health/are-essential-oils-safe-for-dogs
How to Find a Lost Dog,https://www.petmd.com/dog/general-health/how-to-find-a-lost-dog
Puppy and Dog Vaccinations: A Schedule for Every Life Stage,https://www.petmd.com/dog/care/dog-vaccinations-for-every-lifestage
Flyball for Dogs: An Ultimate Guide for Your Athletic Pooch,https://www.petmd.com/dog/general-health/flyball-for-dogs-an-ultimate-guide-for-your-athletic-pooch
Does Neutering Affect a Dog’s Behavior?,https://www.petmd.com/dog/behavior/dogs-neutering-affect-behavior
"Can I Give My Dog Benadryl®? And if So, How Much?",https://www.petmd.com/dog/care/can-i-give-my-dog-benadryl-and-if-so-how-much
How To Introduce a Cat to a Dog,https://www.petmd.com/cat/general-health/how-to-introduce-cat-to-dog
Dog Arthritis and Cold Weather: Helping Your Dog's Arthritis Pain in Winter,https://www.petmd.com/dog/general-health/helping-dog-arthritis-in-cold-weather
Perianal Fistula in Dogs,https://www.petmd.com/dog/conditions/digestive/perianal-fistula-dogs
 Pulmonic Stenosis In Dogs,https://www.petmd.com/dog/conditions/cardiovascular/pulmonic-stenosis-dogs
Balanced Dog Training vs. Positive Reinforcement,https://www.petmd.com/dog/training/balanced-dog-training-vs-positive-reinforcement
10 Ways to Calm Your Dog Naturally,https://www.petmd.com/dog/general-health/how-to-calm-your-dog-naturally
6 Dog Sleeping Positions and What They Mean,https://www.petmd.com/dog/general-health/dog-sleeping-positions-and-what-they-mean
How To Find Your Dog's Body Condition Score,https://www.petmd.com/dog/nutrition/how-find-your-dogs-body-condition-score
How to Potty Train a Puppy or Adult Dog,https://www.petmd.com/dog/general-health/how-to-potty-train-your-dog
Rhinitis and Sinus Infections in Dogs,https://www.petmd.com/dog/symptom/rhinitis-sinus-infections-in-dogs
What To Feed a Dog With Kidney Disease,https://www.petmd.com/dog/nutrition/what-feed-dog-kidney-disease
CBD Oil for Dogs: What You Need to Know,https://www.petmd.com/dog/general-health/CBD-for-dogs-what-you-need-to-know
6 Must-Have Items for Your Dog’s Spay or Neuter Recovery,https://www.petmd.com/dog/care/create-your-home-kit-neuter-and-spay-recovery-dogs
8 Vet-Approved Home Remedies for Your Dog,https://www.petmd.com/dog/general-health/home-remedies-for-dogs
Cosequin vs. Dasuquin: What's The Difference? ,https://www.petmd.com/general-health/cosequin-vs-dasuquin
Lumps on Dogs: 4 Ways Veterinarians Diagnose Lumps and Bumps on Dogs,https://www.petmd.com/dog/ways-veterinarians-diagnose-lumps-and-bumps-dogs
Urine Crystals in Dogs,https://www.petmd.com/dog/conditions/urinary/urine-crystals-dogs
Nausea in Dogs,https://www.petmd.com/dog/symptoms/nausea-dogs
Why Is My Dog Throwing Up Blood?,https://www.petmd.com/dog/symptoms/why-my-dog-throwing-blood
Runny Nose in Dogs,https://www.petmd.com/dog/symptom/runny-nose-in-dogs
Why Is My Dog Peeing a Lot?,https://www.petmd.com/dog/symptoms/why-my-dog-peeing-lot
Probiotics for Dogs: Do They Work?,https://www.petmd.com/dog/general-health/probiotics-dogs-what-you-need-know
Hemoabdomen in Dogs (Internal Abdominal Bleeding),https://www.petmd.com/dog/conditions/traumatic/hemoabdomen-dogs-internal-abdominal-bleeding
How to Switch Your Dog's Food,https://www.petmd.com/dog/nutrition/how-to-switch-your-dogs-food
Kidney Infections in Dogs,https://www.petmd.com/dog/conditions/urinary/kidney-infections-dogs
Aggression in Dogs,https://www.petmd.com/dog/behavior/aggression-in-dogs
Neurological Disorders in Dogs,https://www.petmd.com/dog/conditions/neurological/neurological-disorders-dogs
Neurological Disorders in Dogs,https://www.petmd.com/dog/conditions/neurological/neurological-disorders-dogs
Resource Guarding in Dogs,https://www.petmd.com/dog/behavior/resource-guarding-dogs
Fear Aggression in Dogs,https://www.petmd.com/dog/behavior/fear-aggression-dogs
Ascites in Dogs,https://www.petmd.com/dog/conditions/cardiovascular/ascites-dogs
Pleural Effusion in Dogs,https://www.petmd.com/dog/conditions/respiratory/pleural-effusion-dogs
Syncope (Fainting) In Dogs,https://www.petmd.com/dog/conditions/neurological/syncope-fainting-dogs
Syncope (Fainting) In Dogs,https://www.petmd.com/dog/conditions/neurological/syncope-fainting-dogs
How to Keep Your Dog From Chewing and Scratching Everything,https://www.petmd.com/dog/behavior/how-to-stop-dogs-from-chewing-and-scratching-everything
Pleural Effusion in Dogs,https://www.petmd.com/dog/conditions/respiratory/pleural-effusion-dogs
Side Effects of Pet Medications,https://www.petmd.com/dog/general-health/side-effects-pet-medications
Does Your Dog Have Healthy Gums?,https://www.petmd.com/dog/general-health/does-your-dog-have-healthy-gums
6 Reasons Why Your Dog Is Throwing up Yellow Bile,https://www.petmd.com/dog/general-health/reasons-why-your-dog-throwing-bile
How to Use a Crate for Potty Training an Older Dog,https://www.petmd.com/dog/training/ins-and-outs-potty-training-older-dogs-0
20 Best Hunting Dogs To Join You in the Field,https://www.petmd.com/dog/general-health/best-hunting-dogs
18 of the Smartest Dog Breeds,https://www.petmd.com/dog/general-health/smartest-dog-breeds
What to Know: Adopting a Dog with Lyme Disease,https://www.petmd.com/dog/what-know-adopting-dog-lyme-disease
French Bulldogs vs. Boston Terriers: How They’re Different,https://www.petmd.com/dog/general-health/french-bulldog-vs-boston-terrier
18 Dogs That Love to Swim,https://www.petmd.com/dog/general-health/dogs-that-love-to-swim
Food Allergies in Dogs,https://www.petmd.com/dog/conditions/digestive/food-allergies-dogs
How To Stop a Dog From Digging,https://www.petmd.com/dog/behavior/how-to-stop-dog-digging
When Should You Switch From Puppy to Adult Dog Food?,https://www.petmd.com/dog/nutrition/when-should-you-switch-puppy-adult-dog-food
11 Best Dog DNA Tests,https://www.petmd.com/dog/general-health/best-dog-dna-tests
How Smart Are Dogs?,https://www.petmd.com/dog/general-health/how-smart-are-dogs
The 10 Most Popular Dog Breeds of 2022,https://www.petmd.com/dog/general-health/most-popular-dog-breeds
Why Do Dogs Eat Grass?,https://www.petmd.com/dog/behavior/why-do-dogs-eat-grass
Leash Reactivity in Dogs,https://www.petmd.com/dog/behavior/leash-reactivity-in-dogs
23 French Bulldog Health Issues Pet Parents Should Know About,https://www.petmd.com/dog/general-health/french-bulldog-health-issues
How To Train a Dog With Positive Reinforcement,https://www.petmd.com/dog/behavior/how-to-train-a-dog-with-positive-reinforcement
The Best Hiking Gear for Dogs,https://www.petmd.com/dog/general-health/best-hiking-gear-dogs
Fish Oil for Dogs,https://www.petmd.com/dog/general-health/fish-oil-dogs
Acupuncture for Dogs,https://www.petmd.com/dog/acupuncture-dogs
25 Small Dog Breeds To Fit Any Lifestyle,https://www.petmd.com/dog/general-health/small-dog-breeds
Soft Tissue Sarcoma in Dogs,https://www.petmd.com/dog/conditions/cancer/soft-tissue-sarcoma-dogs
 Pulmonary Contusion in Dogs,https://www.petmd.com/dog/conditions/respiratory/pulmonary-contusion-dogs
Can Dogs Eat Honey?,https://www.petmd.com/dog/nutrition/can-dogs-eat-honey
Can Dogs Eat Cashews?,https://www.petmd.com/dog/nutrition/can-dogs-eat-cashews
10 Pet Safety Tips for the Fourth of July,https://www.petmd.com/general-health/fourth-of-july-pet-safety-tips
Mitral Valve Disease in Dogs,https://www.petmd.com/dog/conditions/cardiovascular/mitral-valve-disease-dogs
Fanconi Syndrome in Dogs,https://www.petmd.com/dog/conditions/urinary/fanconi-syndrome-dogs
Why Do Dogs Chase Their Tail?,https://www.petmd.com/dog/behavior/why-do-dogs-chase-their-tails
Ear Cropping in Dogs,https://www.petmd.com/dog/general-health/ear-cropping-dogs
Chronic Kidney Disease (CKD) in Dogs,https://www.petmd.com/dog/conditions/urinary/chronic-kidney-disease-ckd-dogs
Are Grain-Free Diets Bad for Dogs?,https://www.petmd.com/dog/nutrition/are-grain-free-diets-bad-for-dogs
19 of the Healthiest Dog Breeds,https://www.petmd.com/dog/general-health/healthiest-dog-breeds
How to Take a Dog's Temperature,https://www.petmd.com/dog/general-health/how-to-take-dogs-temperature
Testicular Tumors in Dogs,https://www.petmd.com/dog/conditions/reproductive/testicular-tumors-dogs
Epilepsy In Dogs,https://www.petmd.com/dog/conditions/neurological/epilepsy-dogs
"Dry, Flaky Skin in Dogs",https://www.petmd.com/dog/symptoms/dry-flaky-skin-dogs
9 Cost-Effective Ways To Keep Your Dog Mentally Stimulated,https://www.petmd.com/dog/general-health/ways-to-keep-dog-mentally-stimulated
Do Dogs Know Their Name?,https://www.petmd.com/dog/general-health/do-dogs-know-their-name
Is Non-Anesthetic Teeth Cleaning Safe for Pets?,https://www.petmd.com/dog/general-health/is-non-anesthetic-teeth-cleaning-safe
Lung Cancer In Dogs,https://www.petmd.com/dog/conditions/cancer/lung-cancer-dogs
Why Do Dogs Howl? 5 Reasons To Understand Why Your Dog Is Howling,https://www.petmd.com/dog/behavior/why-do-dogs-howl
Insulinoma in Dogs,https://www.petmd.com/dog/conditions/cancer/insulinoma-dogs
6 Signs Your Dog Isn’t Getting Enough Exercise,https://www.petmd.com/dog/general-health/top-signs-your-dog-is-not-getting-enough-exercise
Skin Tags on Dogs,https://www.petmd.com/dog/conditions/skin/skin-tags-dogs
Can You Give a Dog Pepto-Bismol?,https://www.petmd.com/dog/general-health/can-you-give-dog-pepto-bismol
FCE (Fibrocartilaginous Embolism) In Dogs,https://www.petmd.com/dog/conditions/neurological/fce-fibrocartilaginous-embolism-dogs
How to Read a Dog's Body Language,https://www.petmd.com/dog/behavior/how-to-read-dog-body-language
Clotting Disorders of the Platelets in Dogs,https://www.petmd.com/dog/conditions/cardiovascular/clotting-disorders-platelets-dogs
Sago Palm Poisoning in Dogs,https://www.petmd.com/dog/sago-palm-poisoning-dogs
Heart Attack in Dogs,https://www.petmd.com/dog/conditions/cardiovascular/c_dg_heart_attack
What to Feed Dogs After They’ve Vomited,https://www.petmd.com/dog/nutrition/what-feed-dogs-after-theyve-vomited
IMHA (Immune-Mediated Hemolytic Anemia) in Dogs,https://www.petmd.com/dog/conditions/cardiovascular/imha-immune-mediated-hemolytic-anemia-dogs
Understanding How Probiotics for Dogs Work,https://www.petmd.com/dog/general-health/understanding-how-probiotics-for-dogs-work
What To Do if Your Dog Is Stung by a Bee,https://www.petmd.com/dog/general-health/dog-stung-by-bee
What Causes Snoring in Dogs and How to Help Your Pup,https://www.petmd.com/dog/general-health/snoring-in-dogs
"Dog Tear Stains: Causes, Treatment, and Prevention",https://www.petmd.com/dog/general-health/dog-tear-stains
Common Cleaning Products That Can Harm Your Pets,https://www.petmd.com/poisoning/cleaning-products-that-harm-pets
Syringomyelia (SM) and Chiari Malformation (CM) in Dogs,https://www.petmd.com/dog/conditions/neurological/syringomyelia-sm-and-chiari-malformation-cm-dogs
Lupoid Onychodystrophy in Dogs,https://www.petmd.com/dog/conditions/immune/lupoid-onychodystrophy-dogs
Pulmonary Hypertension in Dogs,https://www.petmd.com/dog/conditions/cardiovascular/pulmonary-hypertension-dogs
"Cancer in Dogs: Symptoms, Types, and Treatment",https://www.petmd.com/dog/conditions/cancer/cancer-dogs-symptoms-types-and-treatment
MDR1 Gene in Dogs,https://www.petmd.com/dog/general-health/mdr1-gene-in-dogs
How to Make Your Dog’s Crate Feel Like Home,https://www.petmd.com/dog/care/how-make-your-dogs-crate-feel-home
What to Feed a Dog With Bladder Stones,https://www.petmd.com/dog/nutrition/what-to-feed-dog-with-bladder-stones
Monitoring and Managing Glucose Levels in Dogs and Cats,https://www.petmd.com/monitoring-and-managing-glucose-levels-dogs-and-cats
Von Willebrand Disease in Dogs,https://www.petmd.com/dog/conditions/cardiovascular/c_dg_von_willebrand_disease
8 Common Urinary Problems in Dogs,https://www.petmd.com/dog/conditions/reproductive/8-common-urinary-problems-dogs
Recessed Vulva in Dogs,https://www.petmd.com/dog/conditions/reproductive/recessed-vulva-dogs
 Narcolepsy in Dogs,https://www.petmd.com/dog/conditions/neurological/narcolepsy-dogs
Do Dogs Sweat?,https://www.petmd.com/dog/general-health/do-dogs-sweat
5 Unexpected Rainy Day Dangers for Dogs,https://www.petmd.com/dog/general-health/rainy-day-dangers-dogs
Signs a Dog Is Dying,https://www.petmd.com/dog/general-health/signs-dog-dying
Dog Hospice and Palliative Care,https://www.petmd.com/dog/general-health/dog-hospice-and-palliative-care
Do Dogs Know When They Are Dying?,https://www.petmd.com/dog/general-health/do-dogs-know-when-they-are-dying
Making Dogs Throw Up,https://www.petmd.com/dog/poisoning/making-dogs-throw-up
Everything You Need to Know About Dog Dewclaws,https://www.petmd.com/dog/care/5-things-you-need-know-about-dog-dewclaws
Growth in Dogs: What to Expect,https://www.petmd.com/dog/general-health/growth-dogs-what-expect
At What Age Do Dogs Stop Growing?,https://www.petmd.com/dog/care/what-age-do-dogs-stop-growing
At What Age Do Dogs Stop Growing?,https://www.petmd.com/dog/care/what-age-do-dogs-stop-growing
