post_name,Url
How to Tell if Your Dog Has Food Allergies,https://www.petmd.com/dog/nutrition/how-tell-if-your-dog-has-food-allergies
Can Dogs Have Asthma?,https://www.petmd.com/dog/general-health/can-dogs-have-asthma
Seasonal Allergies in Dogs,https://www.petmd.com/dog/conditions/skin/seasonal-allergies-dogs
Does Your Dog Have a Flea Allergy?,https://www.petmd.com/dog/conditions/skin/c_multi_flea_bite_hypersensitivity
Food Allergies in Dogs,https://www.petmd.com/dog/conditions/digestive/food-allergies-dogs
The Best Foods for Dogs With Allergies ,https://www.petmd.com/dog/nutrition/best-foods-for-dog-allergies
The Best Foods for Dogs With Allergies ,https://www.petmd.com/dog/nutrition/best-foods-for-dog-allergies
Can Dogs Be Allergic to Their Beds?,https://www.petmd.com/dog/general-health/can-dogs-be-allergic-their-beds
Chlorpheniramine,https://www.petmd.com/pet-medication/chlorpheniramine
5 Signs Your Pet Is Having an Allergic Reaction,https://www.petmd.com/dog/general-health/5-signs-your-pet-having-allergic-reaction
Can a Dog Be Allergic to Cats?,https://www.petmd.com/dog/general-health/can-dog-be-allergic-cats
Hypoallergenic Pets for People With Allergies,https://www.petmd.com/dog/wellness/evr_multi_hype_of_hypoallergenic_pets
How Ordinary Folks Deal with Pet Allergies,https://www.petmd.com/dog/wellness/c_multi_pet_allergies_hi
8 Tips for Helping House Guests with Pet Allergies,https://www.petmd.com/dog/care/8-tips-helping-house-guests-pet-allergies
Skin Disease Due to Food Allergies in Dogs,https://www.petmd.com/dog/conditions/skin/c_dg_food_reactions_dermatologic
Dog Eye Allergies: Symptoms and Treatment,https://www.petmd.com/dog/conditions/eyes/dog-eye-allergies-symptoms-and-treatment
